NOAM_type,NOCS_type,NOM_type,ATFD_type,FANOUT_type,NOMNAMM_type,NOA_type,NIM_type,LOC_type,LOCNAMM_type,CFNAMM_type,TCC_type,CBO_type,RFC_type,WMC_type,LCOM5_type,WOC_type,WMCNAMM_type,AMW_type,AMWNAMM_type,NOCS_package,NOMNAMM_package,LOC_package,NOM_package,NOPK_project,NOCS_project,NOI_project,NOM_project,NOMNAMM_project,LOC_project,number_private_visibility_attributes,number_protected_visibility_attributes,num_final_attributes,num_static_attributes,num_final_static_attributes,num_not_final_not_static_attributes,number_public_visibility_methods,number_private_visibility_methods,number_protected_visibility_methods,number_not_abstract_not_final_methods,number_static_methods,number_not_final_static_methods,number_not_final_not_static_methods,number_standard_design_methods,is_god_class
0.0,0.0,2.0,0.0,0.0,2.0,4.0,30.0,18.0,18.0,0.0,1.0,5.0,48.0,4.0,0.5,0.333333,4.0,2.0,2.0,20.0,72.0,701.0,72.0,2.0,60.0,0.0,254.0,243.0,2453.0,0.0,0.0,0.0,1.0,0.0,3.0,2.0,0.0,0.0,2.0,0.0,0.0,2.0,2.0,0.0
0.0,0.0,7.0,2.0,1.0,7.0,3.0,32.0,34.0,34.0,2.0,1.0,5.0,57.0,7.0,1.0,0.571429,7.0,1.0,1.0,20.0,72.0,701.0,72.0,2.0,60.0,0.0,254.0,243.0,2453.0,0.0,0.0,0.0,0.0,0.0,3.0,4.0,3.0,0.0,7.0,0.0,0.0,7.0,7.0,0.0
0.0,0.0,1.0,0.0,0.0,1.0,2.0,32.0,4.0,4.0,0.0,1.0,5.0,49.0,1.0,0.0,0.333333,1.0,1.0,1.0,20.0,72.0,701.0,72.0,2.0,60.0,0.0,254.0,243.0,2453.0,0.0,0.0,0.0,0.0,0.0,2.0,1.0,0.0,0.0,1.0,0.0,0.0,1.0,1.0,0.0
0.0,0.0,4.0,0.0,2.0,4.0,1.0,32.0,35.0,35.0,3.0,1.0,5.0,53.0,8.0,1.0,0.5,8.0,2.0,2.0,20.0,72.0,701.0,72.0,2.0,60.0,0.0,254.0,243.0,2453.0,0.0,0.0,0.0,0.0,0.0,1.0,1.0,3.0,0.0,4.0,0.0,0.0,4.0,4.0,0.0
0.0,0.0,2.0,4.0,2.0,2.0,1.0,25.0,16.0,16.0,3.0,0.0,5.0,41.0,3.0,1.0,0.5,3.0,1.5,1.5,20.0,72.0,701.0,72.0,2.0,60.0,0.0,254.0,243.0,2453.0,0.0,0.0,0.0,1.0,0.0,0.0,2.0,0.0,0.0,3.0,1.0,1.0,2.0,2.0,0.0
0.0,0.0,4.0,1.0,3.0,4.0,3.0,31.0,43.0,43.0,10.0,1.0,6.0,53.0,11.0,1.0,0.5,11.0,2.75,2.75,20.0,72.0,701.0,72.0,2.0,60.0,0.0,254.0,243.0,2453.0,0.0,0.0,0.0,0.0,0.0,3.0,3.0,1.0,0.0,4.0,0.0,0.0,4.0,4.0,0.0
0.0,0.0,4.0,0.0,0.0,4.0,1.0,0.0,26.0,26.0,0.0,1.0,0.0,4.0,7.0,0.333333,1.0,7.0,1.75,1.75,20.0,72.0,701.0,72.0,2.0,60.0,0.0,254.0,243.0,2453.0,0.0,0.0,0.0,0.0,0.0,1.0,4.0,0.0,0.0,4.0,0.0,0.0,4.0,3.0,0.0
0.0,0.0,3.0,0.0,1.0,3.0,1.0,32.0,24.0,24.0,2.0,1.0,5.0,52.0,4.0,1.0,0.666667,4.0,1.333333,1.333333,20.0,72.0,701.0,72.0,2.0,60.0,0.0,254.0,243.0,2453.0,0.0,0.0,0.0,0.0,0.0,1.0,2.0,1.0,0.0,3.0,0.0,0.0,3.0,3.0,0.0
0.0,0.0,0.0,0.0,0.0,0.0,0.0,0.0,2.0,2.0,0.0,1.0,0.0,0.0,0.0,0.0,0.0,0.0,0.0,0.0,20.0,72.0,701.0,72.0,2.0,60.0,0.0,254.0,243.0,2453.0,0.0,0.0,0.0,0.0,0.0,0.0,0.0,0.0,0.0,0.0,0.0,0.0,0.0,0.0,0.0
0.0,0.0,6.0,5.0,3.0,6.0,1.0,30.0,44.0,44.0,5.0,0.2,7.0,52.0,14.0,0.6,1.0,14.0,2.333333,2.333333,20.0,72.0,701.0,72.0,2.0,60.0,0.0,254.0,243.0,2453.0,0.0,0.0,0.0,0.0,0.0,1.0,4.0,0.0,0.0,7.0,0.0,0.0,7.0,6.0,0.0
0.0,0.0,1.0,5.0,1.0,1.0,3.0,32.0,35.0,35.0,3.0,1.0,6.0,52.0,5.0,0.0,0.25,5.0,5.0,5.0,20.0,72.0,701.0,72.0,2.0,60.0,0.0,254.0,243.0,2453.0,0.0,0.0,0.0,0.0,0.0,3.0,1.0,0.0,0.0,1.0,0.0,0.0,1.0,1.0,0.0
0.0,0.0,2.0,0.0,1.0,2.0,1.0,32.0,15.0,15.0,1.0,1.0,5.0,51.0,2.0,1.0,0.5,2.0,1.0,1.0,20.0,72.0,701.0,72.0,2.0,60.0,0.0,254.0,243.0,2453.0,0.0,0.0,0.0,0.0,0.0,1.0,1.0,1.0,0.0,2.0,0.0,0.0,2.0,2.0,0.0
0.0,0.0,6.0,2.0,5.0,6.0,7.0,30.0,70.0,70.0,13.0,0.2,7.0,52.0,30.0,0.9,1.0,30.0,5.0,5.0,20.0,72.0,701.0,72.0,2.0,60.0,0.0,254.0,243.0,2453.0,3.0,0.0,0.0,3.0,0.0,4.0,3.0,0.0,0.0,6.0,0.0,0.0,6.0,6.0,0.0
0.0,0.0,5.0,5.0,1.0,5.0,19.0,32.0,83.0,83.0,6.0,1.0,5.0,57.0,21.0,1.0,0.05,21.0,4.2,4.2,20.0,72.0,701.0,72.0,2.0,60.0,0.0,254.0,243.0,2453.0,0.0,0.0,0.0,0.0,0.0,19.0,1.0,4.0,0.0,5.0,0.0,0.0,5.0,5.0,0.0
0.0,0.0,3.0,0.0,2.0,3.0,1.0,32.0,20.0,20.0,2.0,1.0,5.0,52.0,3.0,1.0,0.5,3.0,1.0,1.0,20.0,72.0,701.0,72.0,2.0,60.0,0.0,254.0,243.0,2453.0,0.0,0.0,0.0,0.0,0.0,1.0,1.0,2.0,0.0,3.0,0.0,0.0,3.0,3.0,0.0
0.0,0.0,5.0,4.0,3.0,5.0,1.0,25.0,49.0,49.0,6.0,0.1,5.0,44.0,8.0,0.75,0.5,8.0,1.6,1.6,40.0,171.0,1752.0,182.0,2.0,60.0,0.0,254.0,243.0,2453.0,0.0,0.0,0.0,1.0,0.0,0.0,1.0,0.0,4.0,5.0,0.0,0.0,5.0,5.0,0.0
0.0,0.0,7.0,0.0,2.0,7.0,0.0,26.0,51.0,51.0,3.0,0.0,5.0,45.0,11.0,0.0,1.0,11.0,1.5714290000000002,1.5714290000000002,40.0,171.0,1752.0,182.0,2.0,60.0,0.0,254.0,243.0,2453.0,0.0,0.0,0.0,0.0,0.0,0.0,7.0,0.0,0.0,7.0,3.0,3.0,4.0,7.0,0.0
0.0,0.0,7.0,5.0,2.0,7.0,4.0,0.0,72.0,72.0,7.0,0.714286,3.0,14.0,11.0,0.708333,0.5,11.0,1.5714290000000002,1.5714290000000002,40.0,171.0,1752.0,182.0,2.0,60.0,0.0,254.0,243.0,2453.0,0.0,0.0,0.0,0.0,0.0,4.0,5.0,0.0,3.0,8.0,1.0,1.0,7.0,7.0,0.0
0.0,0.0,10.0,5.0,3.0,10.0,2.0,22.0,98.0,98.0,12.0,0.13333299999999998,5.0,48.0,23.0,0.8888889999999999,1.0,23.0,2.3,2.3,40.0,171.0,1752.0,182.0,2.0,60.0,0.0,254.0,243.0,2453.0,0.0,2.0,0.0,0.0,0.0,2.0,6.0,0.0,4.0,10.0,0.0,0.0,10.0,10.0,1.0
0.0,0.0,11.0,0.0,0.0,11.0,2.0,6.0,70.0,70.0,0.0,0.622222,0.0,11.0,19.0,0.7,1.0,19.0,1.727273,1.727273,40.0,171.0,1752.0,182.0,2.0,60.0,0.0,254.0,243.0,2453.0,0.0,2.0,0.0,0.0,0.0,2.0,11.0,0.0,0.0,11.0,3.0,3.0,8.0,10.0,0.0
0.0,0.0,7.0,1.0,3.0,7.0,3.0,25.0,65.0,65.0,7.0,0.9523809999999999,5.0,46.0,13.0,0.5,0.833333,13.0,1.857143,1.857143,40.0,171.0,1752.0,182.0,2.0,60.0,0.0,254.0,243.0,2453.0,0.0,2.0,0.0,2.0,0.0,1.0,5.0,0.0,2.0,7.0,0.0,0.0,7.0,7.0,0.0
1.0,17.0,11.0,0.0,18.0,10.0,5.0,0.0,244.0,239.0,18.0,0.345455,1.0,29.0,33.0,0.8,0.6,32.0,3.0,3.2,40.0,171.0,1752.0,182.0,2.0,60.0,0.0,254.0,243.0,2453.0,0.0,0.0,0.0,0.0,0.0,5.0,11.0,0.0,1.0,12.0,4.0,4.0,8.0,10.0,0.0
1.0,1.0,27.0,7.0,5.0,26.0,7.0,0.0,283.0,278.0,13.0,0.39076900000000003,4.0,40.0,55.0,0.9615379999999999,0.758621,54.0,2.0370369999999998,2.076923,40.0,171.0,1752.0,182.0,2.0,60.0,0.0,254.0,243.0,2453.0,0.0,1.0,0.0,4.0,0.0,3.0,24.0,1.0,3.0,28.0,3.0,3.0,25.0,26.0,1.0
0.0,0.0,2.0,0.0,0.0,2.0,2.0,0.0,19.0,19.0,0.0,1.0,0.0,2.0,3.0,0.5,1.0,3.0,1.5,1.5,40.0,171.0,1752.0,182.0,2.0,60.0,0.0,254.0,243.0,2453.0,0.0,0.0,0.0,0.0,0.0,2.0,2.0,0.0,0.0,3.0,0.0,0.0,3.0,2.0,0.0
1.0,0.0,1.0,0.0,0.0,0.0,0.0,10.0,5.0,0.0,0.0,1.0,2.0,28.0,1.0,0.0,0.0,0.0,1.0,0.0,40.0,171.0,1752.0,182.0,2.0,60.0,0.0,254.0,243.0,2453.0,0.0,0.0,0.0,0.0,0.0,0.0,1.0,0.0,0.0,2.0,0.0,0.0,2.0,0.0,0.0
0.0,0.0,1.0,0.0,0.0,1.0,0.0,10.0,5.0,5.0,0.0,1.0,1.0,28.0,1.0,0.0,1.0,1.0,1.0,1.0,40.0,171.0,1752.0,182.0,2.0,60.0,0.0,254.0,243.0,2453.0,0.0,0.0,0.0,0.0,0.0,0.0,1.0,0.0,0.0,2.0,0.0,0.0,2.0,1.0,0.0
1.0,0.0,1.0,0.0,0.0,0.0,0.0,10.0,5.0,0.0,0.0,1.0,2.0,28.0,1.0,0.0,0.0,0.0,1.0,0.0,40.0,171.0,1752.0,182.0,2.0,60.0,0.0,254.0,243.0,2453.0,0.0,0.0,0.0,0.0,0.0,0.0,1.0,0.0,0.0,2.0,0.0,0.0,2.0,0.0,0.0
0.0,0.0,4.0,0.0,1.0,4.0,0.0,15.0,18.0,18.0,4.0,1.0,1.0,9.0,4.0,0.0,1.0,4.0,1.0,1.0,8.0,100.0,2639.0,109.0,4.0,48.0,1.0,245.0,233.0,6694.0,0.0,0.0,0.0,0.0,0.0,0.0,4.0,0.0,0.0,4.0,0.0,0.0,4.0,0.0,0.0
0.0,0.0,6.0,0.0,0.0,6.0,3.0,14.0,50.0,50.0,0.0,1.0,0.0,6.0,13.0,0.6,1.0,13.0,2.166667,2.166667,8.0,100.0,2639.0,109.0,4.0,48.0,1.0,245.0,233.0,6694.0,0.0,0.0,0.0,0.0,0.0,3.0,6.0,0.0,0.0,6.0,0.0,0.0,6.0,1.0,0.0
0.0,2.0,29.0,106.0,25.0,29.0,4.0,0.0,1371.0,1371.0,51.0,1.0,27.0,87.0,328.0,0.723214,1.0,328.0,11.310345,11.310345,8.0,100.0,2639.0,109.0,4.0,48.0,1.0,245.0,233.0,6694.0,1.0,0.0,0.0,0.0,0.0,4.0,4.0,25.0,0.0,29.0,6.0,6.0,23.0,27.0,1.0
0.0,0.0,10.0,96.0,1.0,10.0,3.0,0.0,243.0,243.0,1.0,1.0,28.0,12.0,47.0,0.48148100000000005,1.0,47.0,4.7,4.7,8.0,100.0,2639.0,109.0,4.0,48.0,1.0,245.0,233.0,6694.0,0.0,0.0,0.0,0.0,0.0,3.0,2.0,8.0,0.0,10.0,0.0,0.0,10.0,9.0,0.0
0.0,0.0,2.0,0.0,1.0,2.0,1.0,0.0,14.0,14.0,1.0,1.0,1.0,3.0,2.0,1.0,0.666667,2.0,1.0,1.0,8.0,100.0,2639.0,109.0,4.0,48.0,1.0,245.0,233.0,6694.0,0.0,0.0,0.0,0.0,0.0,1.0,2.0,0.0,0.0,2.0,0.0,0.0,2.0,0.0,0.0
0.0,2.0,2.0,0.0,1.0,2.0,8.0,0.0,76.0,76.0,1.0,1.0,2.0,3.0,2.0,1.0,0.2,2.0,1.0,1.0,32.0,46.0,1690.0,48.0,4.0,48.0,1.0,245.0,233.0,6694.0,0.0,0.0,0.0,0.0,0.0,8.0,2.0,0.0,0.0,2.0,0.0,0.0,2.0,0.0,0.0
0.0,0.0,2.0,0.0,0.0,2.0,0.0,11.0,15.0,15.0,0.0,0.0,4.0,21.0,2.0,0.0,1.0,2.0,1.0,1.0,2.0,5.0,44.0,5.0,11.0,58.0,2.0,541.0,326.0,7842.0,0.0,0.0,0.0,0.0,0.0,0.0,3.0,0.0,0.0,3.0,0.0,0.0,3.0,2.0,0.0
0.0,0.0,3.0,0.0,2.0,3.0,0.0,7.0,29.0,29.0,2.0,0.0,5.0,15.0,4.0,0.0,1.0,4.0,1.333333,1.333333,2.0,5.0,44.0,5.0,11.0,58.0,2.0,541.0,326.0,7842.0,0.0,0.0,0.0,0.0,0.0,0.0,3.0,0.0,0.0,3.0,0.0,0.0,3.0,3.0,0.0
39.0,0.0,40.0,15.0,3.0,1.0,20.0,0.0,330.0,330.0,3.0,0.08717899999999999,9.0,58.0,40.0,0.9717950000000001,0.025,1.0,1.0,1.0,5.0,27.0,1293.0,138.0,11.0,58.0,2.0,541.0,326.0,7842.0,20.0,0.0,0.0,1.0,0.0,19.0,41.0,0.0,0.0,41.0,0.0,0.0,41.0,1.0,0.0
18.0,0.0,25.0,5.0,4.0,7.0,9.0,10.0,199.0,37.0,3.0,0.243333,7.0,40.0,25.0,0.898148,0.28,7.0,1.0,1.0,5.0,27.0,1293.0,138.0,11.0,58.0,2.0,541.0,326.0,7842.0,9.0,0.0,0.0,0.0,0.0,9.0,26.0,0.0,0.0,26.0,0.0,0.0,26.0,7.0,0.0
0.0,0.0,3.0,1.0,2.0,3.0,0.0,72.0,88.0,88.0,3.0,1.0,2.0,6.0,10.0,0.0,1.0,10.0,3.333333,3.333333,3.0,28.0,619.0,34.0,4.0,56.0,5.0,502.0,445.0,10835.0,0.0,0.0,0.0,0.0,0.0,0.0,2.0,1.0,0.0,3.0,1.0,1.0,2.0,2.0,0.0
6.0,0.0,30.0,0.0,1.0,24.0,11.0,0.0,518.0,390.0,1.0,0.26108400000000004,1.0,31.0,55.0,0.9373040000000001,0.8,42.0,1.833333,1.75,3.0,28.0,619.0,34.0,4.0,56.0,5.0,502.0,445.0,10835.0,0.0,11.0,5.0,5.0,5.0,6.0,30.0,0.0,0.0,30.0,0.0,0.0,30.0,23.0,0.0
9.0,3.0,47.0,19.0,11.0,38.0,48.0,0.0,1342.0,1264.0,30.0,0.49359,10.0,77.0,227.0,0.949275,0.709677,213.0,4.8297870000000005,5.605263,40.0,277.0,7963.0,322.0,4.0,56.0,5.0,502.0,445.0,10835.0,13.0,34.0,24.0,19.0,19.0,24.0,31.0,7.0,9.0,41.0,2.0,0.0,41.0,38.0,1.0
9.0,6.0,50.0,0.0,10.0,41.0,96.0,0.0,3600.0,3405.0,26.0,0.272895,5.0,80.0,296.0,0.980867,0.39534899999999995,256.0,5.92,6.243901999999999,40.0,277.0,7963.0,322.0,4.0,56.0,5.0,502.0,445.0,10835.0,15.0,62.0,55.0,47.0,47.0,41.0,25.0,3.0,21.0,46.0,7.0,5.0,41.0,41.0,1.0
0.0,0.0,18.0,61.0,9.0,18.0,2.0,0.0,1097.0,1097.0,36.0,0.269231,9.0,61.0,286.0,0.882353,1.0,286.0,15.888889,15.888889,40.0,277.0,7963.0,322.0,4.0,56.0,5.0,502.0,445.0,10835.0,2.0,0.0,2.0,0.0,0.0,0.0,2.0,5.0,12.0,19.0,0.0,0.0,19.0,18.0,1.0
7.0,0.0,11.0,0.0,0.0,4.0,6.0,0.0,112.0,64.0,0.0,0.361111,0.0,11.0,11.0,0.8,0.3,4.0,1.0,1.0,40.0,277.0,7963.0,322.0,4.0,56.0,5.0,502.0,445.0,10835.0,0.0,6.0,0.0,0.0,0.0,6.0,10.0,0.0,0.0,11.0,0.0,0.0,11.0,2.0,0.0
0.0,10.0,4.0,0.0,10.0,4.0,0.0,0.0,196.0,196.0,11.0,0.0,0.0,15.0,8.0,0.0,1.0,8.0,2.0,2.0,30.0,106.0,993.0,111.0,3.0,91.0,9.0,585.0,567.0,8432.0,0.0,0.0,0.0,0.0,0.0,0.0,2.0,2.0,0.0,4.0,4.0,4.0,0.0,4.0,0.0
0.0,0.0,2.0,0.0,1.0,2.0,3.0,0.0,26.0,26.0,2.0,1.0,2.0,4.0,2.0,0.5,1.0,2.0,1.0,1.0,30.0,106.0,993.0,111.0,3.0,91.0,9.0,585.0,567.0,8432.0,0.0,0.0,0.0,0.0,0.0,3.0,1.0,0.0,0.0,2.0,0.0,0.0,2.0,1.0,0.0
4.0,0.0,11.0,0.0,0.0,7.0,4.0,0.0,107.0,67.0,0.0,0.418182,0.0,11.0,11.0,0.8,0.636364,7.0,1.0,1.0,30.0,106.0,993.0,111.0,3.0,91.0,9.0,585.0,567.0,8432.0,0.0,0.0,0.0,0.0,0.0,4.0,11.0,0.0,0.0,12.0,0.0,0.0,12.0,7.0,0.0
0.0,1.0,4.0,0.0,4.0,4.0,5.0,14.0,166.0,166.0,4.0,0.5,10.0,34.0,10.0,0.6,1.0,10.0,2.5,2.5,7.0,34.0,713.0,36.0,13.0,66.0,10.0,629.0,479.0,11929.0,5.0,0.0,1.0,1.0,1.0,4.0,2.0,0.0,2.0,4.0,0.0,0.0,4.0,4.0,0.0
0.0,0.0,1.0,2.0,1.0,1.0,0.0,0.0,34.0,34.0,1.0,1.0,3.0,2.0,6.0,0.0,-1.0,6.0,6.0,6.0,7.0,34.0,713.0,36.0,13.0,66.0,10.0,629.0,479.0,11929.0,0.0,0.0,0.0,0.0,0.0,0.0,1.0,0.0,0.0,2.0,0.0,0.0,2.0,1.0,0.0
9.0,7.0,63.0,3.0,5.0,54.0,23.0,-1.0,2005.0,1910.0,11.0,0.38350300000000004,3.0,77.0,244.0,0.953717,-1.0,233.0,3.8730160000000002,4.314815,11.0,101.0,2259.0,113.0,13.0,66.0,10.0,629.0,479.0,11929.0,4.0,17.0,9.0,6.0,6.0,14.0,34.0,10.0,19.0,55.0,1.0,1.0,58.0,50.0,1.0
7.0,0.0,16.0,0.0,0.0,9.0,7.0,0.0,175.0,105.0,0.0,0.2,4.0,16.0,16.0,0.866667,0.5625,9.0,1.0,1.0,4.0,32.0,659.0,53.0,13.0,66.0,10.0,629.0,479.0,11929.0,7.0,0.0,0.0,0.0,0.0,7.0,16.0,0.0,0.0,16.0,0.0,0.0,16.0,8.0,0.0
0.0,0.0,1.0,0.0,0.0,1.0,6.0,0.0,38.0,38.0,0.0,1.0,0.0,1.0,1.0,0.0,0.0,1.0,1.0,1.0,11.0,31.0,509.0,45.0,13.0,66.0,10.0,629.0,479.0,11929.0,0.0,0.0,6.0,6.0,6.0,0.0,0.0,1.0,0.0,1.0,0.0,0.0,1.0,0.0,0.0
0.0,1.0,11.0,0.0,1.0,11.0,1.0,0.0,146.0,146.0,1.0,0.622222,0.0,12.0,17.0,0.3,1.0,17.0,1.545455,1.545455,3.0,16.0,197.0,16.0,14.0,66.0,8.0,641.0,438.0,8425.0,1.0,0.0,0.0,0.0,0.0,1.0,10.0,0.0,0.0,2.0,0.0,0.0,2.0,10.0,0.0
0.0,0.0,1.0,0.0,0.0,1.0,0.0,0.0,42.0,42.0,0.0,1.0,0.0,1.0,7.0,0.0,1.0,7.0,7.0,7.0,3.0,16.0,197.0,16.0,14.0,66.0,8.0,641.0,438.0,8425.0,0.0,0.0,0.0,0.0,0.0,0.0,1.0,1.0,0.0,2.0,0.0,0.0,2.0,1.0,0.0
0.0,0.0,4.0,0.0,2.0,4.0,4.0,-1.0,51.0,51.0,4.0,0.0,5.0,8.0,11.0,1.0,-1.0,11.0,2.75,2.75,3.0,16.0,197.0,16.0,14.0,66.0,8.0,641.0,438.0,8425.0,0.0,4.0,0.0,0.0,0.0,4.0,4.0,0.0,0.0,1.0,0.0,0.0,3.0,3.0,0.0
9.0,0.0,12.0,0.0,1.0,3.0,7.0,0.0,164.0,79.0,0.0,0.30303,1.0,13.0,21.0,0.857143,0.25,11.0,1.75,3.666667,6.0,47.0,762.0,77.0,14.0,66.0,8.0,641.0,438.0,8425.0,7.0,0.0,0.0,2.0,0.0,5.0,13.0,0.0,0.0,13.0,0.0,0.0,13.0,3.0,0.0
8.0,0.0,15.0,0.0,0.0,7.0,4.0,0.0,97.0,49.0,0.0,0.461538,0.0,15.0,15.0,0.732143,0.428571,7.0,1.0,1.0,1.0,7.0,97.0,15.0,14.0,66.0,8.0,641.0,438.0,8425.0,4.0,0.0,0.0,0.0,0.0,4.0,14.0,0.0,1.0,15.0,0.0,0.0,15.0,5.0,0.0
1.0,0.0,7.0,11.0,12.0,6.0,5.0,0.0,321.0,306.0,20.0,0.2,13.0,38.0,51.0,0.866667,0.75,48.0,7.285714,8.0,14.0,112.0,2893.0,139.0,14.0,66.0,8.0,641.0,438.0,8425.0,5.0,0.0,0.0,0.0,0.0,5.0,4.0,1.0,2.0,4.0,1.0,0.0,4.0,5.0,1.0
0.0,2.0,9.0,1.0,4.0,9.0,5.0,0.0,200.0,200.0,2.0,1.0,3.0,13.0,20.0,0.825,1.0,20.0,2.222222,2.222222,14.0,26.0,817.0,116.0,3.0,153.0,16.0,689.0,510.0,8378.0,5.0,0.0,2.0,2.0,2.0,3.0,6.0,3.0,0.0,9.0,2.0,2.0,7.0,8.0,0.0
0.0,0.0,1.0,1.0,0.0,1.0,0.0,0.0,10.0,10.0,0.0,1.0,1.0,1.0,2.0,0.0,-1.0,2.0,2.0,2.0,14.0,26.0,817.0,116.0,3.0,153.0,16.0,689.0,510.0,8378.0,0.0,0.0,0.0,0.0,0.0,0.0,1.0,0.0,0.0,2.0,0.0,0.0,2.0,1.0,0.0
3.0,0.0,4.0,0.0,0.0,1.0,2.0,0.0,25.0,7.0,0.0,0.333333,0.0,4.0,4.0,0.666667,0.25,1.0,1.0,1.0,14.0,26.0,817.0,116.0,3.0,153.0,16.0,689.0,510.0,8378.0,2.0,0.0,0.0,0.0,0.0,2.0,5.0,0.0,0.0,5.0,0.0,0.0,5.0,1.0,0.0
8.0,0.0,8.0,0.0,0.0,0.0,4.0,0.0,47.0,47.0,0.0,0.14285699999999998,0.0,8.0,8.0,0.857143,0.0,0.0,1.0,0.0,14.0,26.0,817.0,116.0,3.0,153.0,16.0,689.0,510.0,8378.0,4.0,0.0,0.0,0.0,0.0,4.0,9.0,0.0,0.0,9.0,0.0,0.0,9.0,0.0,0.0
6.0,0.0,8.0,0.0,0.0,2.0,4.0,0.0,47.0,11.0,0.0,0.14285699999999998,0.0,8.0,8.0,0.857143,0.25,2.0,1.0,1.0,14.0,26.0,817.0,116.0,3.0,153.0,16.0,689.0,510.0,8378.0,4.0,0.0,0.0,0.0,0.0,4.0,9.0,0.0,0.0,9.0,0.0,0.0,9.0,2.0,0.0
16.0,0.0,16.0,0.0,0.0,0.0,8.0,0.0,91.0,91.0,0.0,0.06666699999999999,3.0,16.0,16.0,0.933333,0.0,0.0,1.0,0.0,14.0,26.0,817.0,116.0,3.0,153.0,16.0,689.0,510.0,8378.0,8.0,0.0,0.0,0.0,0.0,8.0,17.0,0.0,0.0,17.0,0.0,0.0,17.0,0.0,0.0
0.0,0.0,5.0,0.0,2.0,5.0,0.0,45.0,29.0,29.0,2.0,0.0,9.0,18.0,5.0,0.0,1.0,5.0,1.0,1.0,26.0,159.0,2303.0,198.0,3.0,65.0,4.0,780.0,673.0,16524.0,0.0,0.0,0.0,0.0,0.0,0.0,2.0,0.0,3.0,5.0,0.0,0.0,5.0,4.0,0.0
1.0,0.0,7.0,2.0,2.0,6.0,1.0,44.0,48.0,38.0,4.0,1.0,9.0,19.0,7.0,0.166667,0.75,6.0,1.0,1.0,26.0,159.0,2303.0,198.0,3.0,65.0,4.0,780.0,673.0,16524.0,1.0,0.0,0.0,0.0,0.0,1.0,4.0,0.0,3.0,7.0,0.0,0.0,7.0,5.0,0.0
0.0,0.0,6.0,3.0,2.0,6.0,0.0,44.0,39.0,39.0,2.0,0.0,9.0,18.0,8.0,0.0,1.0,8.0,1.333333,1.333333,26.0,159.0,2303.0,198.0,3.0,65.0,4.0,780.0,673.0,16524.0,0.0,0.0,0.0,0.0,0.0,0.0,3.0,0.0,3.0,6.0,0.0,0.0,6.0,5.0,0.0
0.0,0.0,66.0,0.0,0.0,66.0,5.0,51.0,1917.0,1917.0,0.0,0.007519,1.0,66.0,785.0,0.996923,0.9193549999999999,785.0,11.893939,11.893939,18.0,408.0,12655.0,440.0,3.0,65.0,4.0,780.0,673.0,16524.0,0.0,0.0,5.0,5.0,5.0,0.0,57.0,5.0,4.0,5.0,5.0,0.0,5.0,62.0,1.0
0.0,2.0,7.0,13.0,6.0,7.0,6.0,0.0,301.0,301.0,8.0,0.0,6.0,23.0,48.0,1.0,1.0,48.0,6.857142999999999,6.857142999999999,7.0,41.0,928.0,41.0,4.0,190.0,3.0,713.0,563.0,9457.0,0.0,0.0,0.0,0.0,0.0,6.0,4.0,3.0,0.0,7.0,0.0,0.0,7.0,6.0,1.0
0.0,0.0,2.0,0.0,0.0,2.0,0.0,15.0,8.0,8.0,0.0,1.0,0.0,2.0,2.0,0.0,1.0,2.0,1.0,1.0,7.0,41.0,928.0,41.0,4.0,190.0,3.0,713.0,563.0,9457.0,0.0,0.0,0.0,0.0,0.0,0.0,2.0,0.0,0.0,2.0,0.0,0.0,2.0,0.0,0.0
0.0,0.0,2.0,0.0,0.0,2.0,0.0,2.0,12.0,12.0,0.0,0.0,0.0,2.0,4.0,0.0,1.0,4.0,2.0,2.0,7.0,41.0,928.0,41.0,4.0,190.0,3.0,713.0,563.0,9457.0,0.0,0.0,0.0,0.0,0.0,0.0,3.0,0.0,0.0,3.0,0.0,0.0,3.0,2.0,0.0
0.0,3.0,22.0,25.0,15.0,22.0,4.0,0.0,603.0,603.0,21.0,0.333333,15.0,69.0,114.0,0.9642860000000001,1.0,114.0,5.181818,5.181818,7.0,41.0,928.0,41.0,4.0,190.0,3.0,713.0,563.0,9457.0,0.0,0.0,0.0,2.0,0.0,2.0,4.0,18.0,0.0,22.0,0.0,0.0,22.0,21.0,1.0
5.0,0.0,12.0,5.0,2.0,7.0,1.0,23.0,96.0,45.0,1.0,1.0,5.0,39.0,21.0,0.636364,0.545455,7.0,1.75,1.0,13.0,73.0,1076.0,136.0,4.0,190.0,3.0,713.0,563.0,9457.0,0.0,1.0,0.0,0.0,0.0,1.0,11.0,1.0,0.0,12.0,0.0,0.0,12.0,4.0,0.0
2.0,9.0,33.0,29.0,28.0,31.0,36.0,531.0,1043.0,1015.0,46.0,0.3,23.0,104.0,70.0,0.94184,1.0,68.0,2.121212,2.193548,153.0,385.0,6579.0,454.0,4.0,190.0,3.0,713.0,563.0,9457.0,0.0,0.0,0.0,0.0,0.0,36.0,4.0,27.0,2.0,33.0,0.0,0.0,33.0,30.0,1.0
0.0,0.0,11.0,0.0,0.0,11.0,3.0,0.0,228.0,228.0,0.0,1.0,0.0,11.0,46.0,0.933333,1.0,46.0,4.181818,4.181818,1.0,11.0,228.0,11.0,7.0,102.0,2.0,808.0,724.0,19045.0,3.0,0.0,2.0,0.0,0.0,1.0,3.0,8.0,0.0,11.0,1.0,1.0,10.0,10.0,0.0
8.0,0.0,10.0,0.0,1.0,2.0,4.0,0.0,86.0,22.0,1.0,0.14285699999999998,1.0,11.0,11.0,0.8888889999999999,0.0,3.0,1.1,1.5,61.0,399.0,14229.0,466.0,7.0,102.0,2.0,808.0,724.0,19045.0,4.0,0.0,0.0,0.0,0.0,4.0,4.0,0.0,0.0,10.0,0.0,0.0,10.0,0.0,0.0
0.0,0.0,18.0,39.0,11.0,18.0,14.0,20.0,1172.0,1172.0,20.0,0.461538,21.0,71.0,238.0,0.894958,1.0,238.0,13.222222,13.222222,61.0,399.0,14229.0,466.0,7.0,102.0,2.0,808.0,724.0,19045.0,9.0,0.0,3.0,14.0,3.0,0.0,1.0,5.0,0.0,18.0,18.0,18.0,0.0,18.0,1.0
7.0,0.0,9.0,0.0,1.0,2.0,4.0,8.0,86.0,30.0,1.0,0.166667,2.0,18.0,9.0,0.84375,0.22222199999999998,2.0,1.0,1.0,61.0,399.0,14229.0,466.0,7.0,102.0,2.0,808.0,724.0,19045.0,4.0,0.0,0.0,0.0,0.0,4.0,9.0,0.0,0.0,9.0,0.0,0.0,9.0,2.0,0.0
0.0,0.0,23.0,30.0,10.0,23.0,14.0,9.0,1288.0,1288.0,25.0,0.280702,12.0,57.0,287.0,0.87987,0.818182,287.0,12.478261,12.478261,61.0,399.0,14229.0,466.0,7.0,102.0,2.0,808.0,724.0,19045.0,12.0,0.0,0.0,13.0,0.0,1.0,9.0,2.0,0.0,22.0,17.0,16.0,6.0,21.0,1.0
4.0,0.0,4.0,0.0,0.0,0.0,14.0,0.0,95.0,63.0,0.0,0.333333,1.0,4.0,4.0,1.0,0.0,0.0,1.0,0.0,61.0,399.0,14229.0,466.0,7.0,102.0,2.0,808.0,724.0,19045.0,2.0,0.0,5.0,5.0,5.0,9.0,5.0,0.0,0.0,5.0,0.0,0.0,5.0,0.0,0.0
0.0,0.0,70.0,6.0,2.0,70.0,55.0,0.0,2999.0,2999.0,6.0,0.495021,5.0,76.0,684.0,0.928327,0.8888889999999999,684.0,9.771429,9.771429,61.0,399.0,14229.0,466.0,7.0,102.0,2.0,808.0,724.0,19045.0,36.0,0.0,0.0,28.0,0.0,27.0,16.0,31.0,0.0,65.0,38.0,38.0,27.0,69.0,1.0
0.0,2.0,17.0,3.0,7.0,17.0,10.0,-1.0,571.0,571.0,19.0,0.363636,6.0,39.0,45.0,0.89375,-1.0,45.0,2.647059,2.647059,33.0,165.0,3052.0,176.0,7.0,100.0,5.0,703.0,613.0,14480.0,10.0,0.0,0.0,0.0,0.0,10.0,9.0,4.0,4.0,15.0,0.0,0.0,17.0,15.0,1.0
0.0,0.0,2.0,2.0,2.0,2.0,2.0,574.0,66.0,66.0,2.0,1.0,2.0,6.0,8.0,1.0,1.0,8.0,4.0,4.0,33.0,165.0,3052.0,176.0,7.0,100.0,5.0,703.0,613.0,14480.0,2.0,0.0,0.0,0.0,0.0,2.0,2.0,0.0,0.0,2.0,0.0,0.0,2.0,1.0,0.0
0.0,3.0,7.0,0.0,5.0,7.0,1.0,-1.0,239.0,239.0,7.0,0.0,2.0,14.0,27.0,1.0,-1.0,27.0,3.857143,3.857143,33.0,165.0,3052.0,176.0,7.0,100.0,5.0,703.0,613.0,14480.0,0.0,1.0,0.0,0.0,0.0,1.0,6.0,1.0,0.0,5.0,2.0,2.0,5.0,5.0,0.0
4.0,1.0,10.0,1.0,4.0,6.0,5.0,541.0,149.0,91.0,7.0,0.190476,8.0,27.0,14.0,0.955556,0.5,6.0,1.4,1.0,33.0,165.0,3052.0,176.0,7.0,100.0,5.0,703.0,613.0,14480.0,5.0,0.0,0.0,0.0,0.0,5.0,8.0,2.0,0.0,10.0,0.0,0.0,10.0,5.0,0.0
1.0,1.0,40.0,14.0,17.0,39.0,16.0,0.0,1243.0,1234.0,46.0,0.23968299999999998,20.0,94.0,133.0,0.959936,0.921053,132.0,3.325,3.384615,22.0,154.0,4151.0,176.0,7.0,100.0,5.0,703.0,613.0,14480.0,14.0,0.0,6.0,16.0,6.0,0.0,36.0,4.0,0.0,31.0,38.0,29.0,2.0,38.0,1.0
8.0,0.0,11.0,0.0,0.0,3.0,4.0,0.0,83.0,43.0,0.0,0.14285699999999998,0.0,11.0,11.0,0.9,0.272727,3.0,1.0,1.0,15.0,154.0,4404.0,202.0,7.0,100.0,5.0,703.0,613.0,14480.0,4.0,0.0,0.0,0.0,0.0,4.0,11.0,0.0,0.0,11.0,0.0,0.0,11.0,0.0,0.0
0.0,0.0,1.0,0.0,1.0,1.0,0.0,6.0,8.0,8.0,1.0,1.0,5.0,10.0,2.0,0.0,1.0,2.0,2.0,2.0,8.0,20.0,147.0,20.0,28.0,204.0,11.0,1031.0,987.0,9065.0,0.0,0.0,0.0,0.0,0.0,0.0,2.0,0.0,0.0,2.0,0.0,0.0,2.0,1.0,0.0
2.0,0.0,5.0,0.0,2.0,3.0,4.0,18.0,95.0,75.0,4.0,0.6,7.0,27.0,9.0,0.75,0.6,7.0,1.8,2.333333,11.0,56.0,1645.0,81.0,18.0,128.0,16.0,1064.0,796.0,20892.0,4.0,0.0,0.0,0.0,0.0,4.0,5.0,0.0,0.0,5.0,0.0,0.0,5.0,3.0,0.0
15.0,1.0,29.0,6.0,9.0,14.0,15.0,14.0,573.0,477.0,23.0,0.108374,12.0,67.0,71.0,0.9523809999999999,0.4,56.0,2.448276,4.0,11.0,56.0,1645.0,81.0,18.0,128.0,16.0,1064.0,796.0,20892.0,10.0,5.0,1.0,1.0,1.0,14.0,25.0,0.0,4.0,29.0,0.0,0.0,29.0,14.0,1.0
6.0,0.0,8.0,7.0,3.0,2.0,5.0,0.0,100.0,64.0,9.0,0.380952,5.0,19.0,13.0,0.8857139999999999,0.25,7.0,1.625,3.5,11.0,56.0,1645.0,81.0,18.0,128.0,16.0,1064.0,796.0,20892.0,2.0,3.0,0.0,0.0,0.0,5.0,8.0,0.0,0.0,8.0,0.0,0.0,8.0,1.0,0.0
0.0,0.0,1.0,0.0,0.0,1.0,48.0,0.0,252.0,252.0,0.0,1.0,0.0,1.0,1.0,0.0,0.0,1.0,1.0,1.0,15.0,78.0,2309.0,96.0,18.0,128.0,16.0,1064.0,796.0,20892.0,0.0,0.0,48.0,48.0,48.0,0.0,0.0,1.0,0.0,1.0,0.0,0.0,1.0,0.0,0.0
0.0,0.0,1.0,0.0,0.0,1.0,14.0,0.0,83.0,83.0,0.0,1.0,0.0,1.0,1.0,0.0,0.0,1.0,1.0,1.0,12.0,58.0,3670.0,138.0,18.0,128.0,16.0,1064.0,796.0,20892.0,0.0,0.0,14.0,14.0,14.0,0.0,0.0,1.0,0.0,1.0,0.0,0.0,1.0,0.0,0.0
0.0,3.0,11.0,8.0,15.0,11.0,5.0,50.0,323.0,323.0,29.0,0.22222199999999998,26.0,137.0,49.0,0.96,0.875,49.0,4.4545449999999995,4.4545449999999995,4.0,16.0,323.0,16.0,16.0,118.0,11.0,1092.0,888.0,14175.0,0.0,4.0,1.0,1.0,1.0,4.0,7.0,0.0,4.0,11.0,0.0,0.0,11.0,10.0,1.0
0.0,0.0,1.0,0.0,0.0,1.0,0.0,0.0,9.0,9.0,0.0,1.0,0.0,1.0,2.0,0.0,-1.0,2.0,2.0,2.0,4.0,16.0,323.0,16.0,16.0,118.0,11.0,1092.0,888.0,14175.0,0.0,0.0,0.0,0.0,0.0,0.0,1.0,0.0,0.0,2.0,0.0,0.0,2.0,1.0,0.0
10.0,0.0,12.0,1.0,2.0,2.0,5.0,0.0,97.0,42.0,2.0,0.163636,2.0,14.0,19.0,0.8909090000000001,0.166667,8.0,1.583333,4.0,14.0,99.0,2120.0,114.0,16.0,118.0,11.0,1092.0,888.0,14175.0,0.0,0.0,0.0,0.0,0.0,5.0,12.0,0.0,0.0,12.0,1.0,1.0,11.0,1.0,0.0
14.0,0.0,69.0,14.0,20.0,55.0,23.0,0.0,2133.0,1949.0,95.0,0.47399399999999997,21.0,189.0,330.0,0.941816,0.738462,293.0,4.782609,5.327273,16.0,271.0,4932.0,336.0,16.0,118.0,11.0,1092.0,888.0,14175.0,18.0,2.0,3.0,3.0,3.0,20.0,62.0,1.0,6.0,69.0,1.0,1.0,68.0,54.0,1.0
0.0,0.0,2.0,0.0,0.0,2.0,1.0,63.0,21.0,21.0,0.0,1.0,0.0,2.0,3.0,1.0,1.0,3.0,1.5,1.5,7.0,78.0,4403.0,88.0,9.0,110.0,25.0,1199.0,951.0,31037.0,1.0,0.0,0.0,0.0,0.0,1.0,1.0,0.0,1.0,2.0,0.0,0.0,2.0,1.0,0.0
6.0,0.0,30.0,11.0,23.0,24.0,8.0,0.0,1323.0,815.0,29.0,0.636842,27.0,69.0,316.0,0.896552,0.535714,202.0,10.533333,8.416667,7.0,78.0,4403.0,88.0,9.0,110.0,25.0,1199.0,951.0,31037.0,0.0,0.0,0.0,0.0,0.0,8.0,20.0,9.0,1.0,30.0,0.0,0.0,30.0,23.0,1.0
7.0,0.0,15.0,0.0,1.0,8.0,13.0,-1.0,263.0,155.0,1.0,0.032967,3.0,16.0,19.0,1.0,-1.0,8.0,1.266667,1.0,9.0,74.0,2503.0,131.0,9.0,110.0,25.0,1199.0,951.0,31037.0,0.0,8.0,0.0,5.0,0.0,8.0,15.0,0.0,0.0,13.0,0.0,0.0,15.0,7.0,0.0
16.0,0.0,17.0,0.0,0.0,1.0,8.0,0.0,97.0,1.0,0.0,0.06666699999999999,0.0,17.0,17.0,0.9375,0.0,1.0,1.0,1.0,5.0,49.0,1904.0,71.0,9.0,110.0,25.0,1199.0,951.0,31037.0,8.0,0.0,0.0,0.0,0.0,8.0,0.0,0.0,0.0,17.0,0.0,0.0,17.0,0.0,0.0
0.0,0.0,13.0,3.0,3.0,13.0,5.0,3.0,218.0,218.0,3.0,0.755556,4.0,19.0,51.0,0.683333,1.0,51.0,3.9230769999999997,3.9230769999999997,6.0,38.0,752.0,38.0,16.0,132.0,23.0,1278.0,781.0,18243.0,5.0,0.0,0.0,1.0,0.0,4.0,11.0,2.0,0.0,13.0,2.0,2.0,11.0,12.0,1.0
0.0,0.0,1.0,0.0,0.0,1.0,0.0,0.0,8.0,8.0,0.0,1.0,0.0,1.0,2.0,0.0,1.0,2.0,2.0,2.0,6.0,38.0,752.0,38.0,16.0,132.0,23.0,1278.0,781.0,18243.0,0.0,0.0,0.0,0.0,0.0,0.0,2.0,0.0,0.0,2.0,0.0,0.0,2.0,1.0,0.0
89.0,0.0,162.0,101.0,41.0,73.0,77.0,0.0,3129.0,2065.0,71.0,0.27739,57.0,328.0,476.0,0.984028,0.385714,344.0,2.938272,4.712329,9.0,190.0,4816.0,331.0,16.0,132.0,23.0,1278.0,781.0,18243.0,76.0,1.0,3.0,3.0,3.0,74.0,140.0,19.0,3.0,159.0,9.0,6.0,153.0,70.0,1.0
40.0,0.0,41.0,1.0,0.0,1.0,20.0,0.0,380.0,380.0,0.0,0.029268000000000002,11.0,41.0,42.0,0.9725,0.024390000000000002,2.0,1.02439,2.0,9.0,190.0,4816.0,331.0,16.0,132.0,23.0,1278.0,781.0,18243.0,20.0,0.0,0.0,0.0,0.0,20.0,42.0,0.0,0.0,42.0,0.0,0.0,42.0,1.0,0.0
6.0,0.0,6.0,0.0,0.0,0.0,3.0,0.0,61.0,61.0,0.0,0.333333,0.0,6.0,8.0,0.733333,0.0,0.0,1.333333,0.0,28.0,62.0,3268.0,263.0,16.0,132.0,23.0,1278.0,781.0,18243.0,3.0,0.0,0.0,0.0,0.0,3.0,7.0,0.0,0.0,7.0,0.0,0.0,7.0,0.0,0.0
6.0,0.0,6.0,0.0,0.0,0.0,3.0,0.0,26.0,26.0,0.0,0.2,0.0,6.0,6.0,0.8,0.0,0.0,1.0,0.0,7.0,35.0,1379.0,52.0,16.0,132.0,23.0,1278.0,781.0,18243.0,3.0,0.0,0.0,0.0,0.0,3.0,6.0,0.0,0.0,6.0,0.0,0.0,6.0,0.0,0.0
0.0,5.0,16.0,0.0,14.0,16.0,1.0,0.0,561.0,561.0,23.0,0.622222,9.0,42.0,56.0,0.866667,1.0,56.0,3.5,3.5,6.0,25.0,613.0,28.0,10.0,121.0,31.0,1271.0,982.0,18172.0,1.0,0.0,1.0,1.0,1.0,0.0,10.0,6.0,0.0,16.0,15.0,15.0,1.0,15.0,1.0
7.0,0.0,10.0,0.0,1.0,3.0,4.0,0.0,90.0,21.0,2.0,0.13333299999999998,2.0,12.0,14.0,0.8611110000000001,0.3,3.0,1.4,1.0,17.0,102.0,2286.0,128.0,10.0,121.0,31.0,1271.0,982.0,18172.0,4.0,0.0,0.0,0.0,0.0,4.0,10.0,0.0,0.0,11.0,0.0,0.0,11.0,3.0,0.0
0.0,2.0,31.0,6.0,23.0,31.0,9.0,0.0,1142.0,1142.0,47.0,0.40579699999999996,27.0,82.0,138.0,0.8111109999999999,1.0,138.0,4.451613,4.451613,38.0,247.0,5146.0,397.0,10.0,121.0,31.0,1271.0,982.0,18172.0,8.0,0.0,7.0,3.0,3.0,2.0,24.0,6.0,0.0,31.0,0.0,0.0,31.0,30.0,1.0
6.0,0.0,7.0,1.0,1.0,1.0,3.0,17.0,33.0,3.0,1.0,0.2,3.0,25.0,7.0,0.833333,0.0,1.0,1.0,1.0,38.0,247.0,5146.0,397.0,10.0,121.0,31.0,1271.0,982.0,18172.0,3.0,0.0,0.0,0.0,0.0,3.0,0.0,0.0,0.0,7.0,0.0,0.0,7.0,0.0,0.0
7.0,0.0,8.0,0.0,0.0,1.0,4.0,0.0,38.0,3.0,0.0,0.14285699999999998,1.0,8.0,8.0,0.892857,0.0,1.0,1.0,1.0,38.0,247.0,5146.0,397.0,10.0,121.0,31.0,1271.0,982.0,18172.0,4.0,0.0,0.0,0.0,0.0,4.0,0.0,0.0,0.0,8.0,0.0,0.0,8.0,0.0,0.0
11.0,0.0,12.0,1.0,0.0,1.0,6.0,0.0,56.0,1.0,0.0,0.090909,2.0,12.0,12.0,0.924242,0.0,1.0,1.0,1.0,38.0,247.0,5146.0,397.0,10.0,121.0,31.0,1271.0,982.0,18172.0,6.0,0.0,0.0,0.0,0.0,6.0,0.0,0.0,0.0,12.0,0.0,0.0,12.0,0.0,0.0
13.0,0.0,14.0,2.0,0.0,1.0,7.0,0.0,65.0,0.0,0.0,0.076923,2.0,14.0,14.0,0.934066,0.0,1.0,1.0,1.0,38.0,247.0,5146.0,397.0,10.0,121.0,31.0,1271.0,982.0,18172.0,7.0,0.0,0.0,0.0,0.0,7.0,0.0,0.0,0.0,14.0,0.0,0.0,14.0,0.0,0.0
9.0,0.0,10.0,0.0,0.0,1.0,5.0,0.0,47.0,2.0,0.0,0.11111099999999999,1.0,10.0,10.0,0.911111,0.0,1.0,1.0,1.0,38.0,247.0,5146.0,397.0,10.0,121.0,31.0,1271.0,982.0,18172.0,5.0,0.0,0.0,0.0,0.0,5.0,0.0,0.0,0.0,10.0,0.0,0.0,10.0,0.0,0.0
0.0,1.0,6.0,0.0,1.0,6.0,1.0,45.0,59.0,59.0,1.0,0.0,0.0,7.0,11.0,1.0,1.0,11.0,1.833333,1.833333,2.0,7.0,59.0,7.0,15.0,208.0,29.0,1302.0,1252.0,12103.0,1.0,0.0,1.0,0.0,0.0,0.0,4.0,1.0,1.0,6.0,0.0,0.0,6.0,5.0,0.0
0.0,0.0,1.0,0.0,0.0,1.0,0.0,0.0,5.0,5.0,0.0,1.0,1.0,1.0,1.0,0.0,-1.0,1.0,1.0,1.0,2.0,7.0,59.0,7.0,15.0,208.0,29.0,1302.0,1252.0,12103.0,0.0,0.0,0.0,0.0,0.0,0.0,1.0,0.0,0.0,2.0,0.0,0.0,2.0,1.0,0.0
2.0,0.0,17.0,51.0,7.0,15.0,22.0,0.0,695.0,616.0,18.0,0.722222,10.0,49.0,179.0,0.825893,0.75,165.0,10.529411999999999,11.0,4.0,37.0,1180.0,39.0,12.0,131.0,16.0,1404.0,1137.0,25747.0,10.0,0.0,3.0,3.0,3.0,19.0,9.0,7.0,0.0,17.0,1.0,1.0,16.0,14.0,1.0
0.0,0.0,8.0,13.0,4.0,8.0,5.0,0.0,125.0,125.0,8.0,0.5,6.0,16.0,31.0,0.892857,1.0,31.0,3.875,3.875,4.0,37.0,1180.0,39.0,12.0,131.0,16.0,1404.0,1137.0,25747.0,0.0,0.0,3.0,0.0,0.0,2.0,5.0,3.0,0.0,8.0,0.0,0.0,8.0,6.0,0.0
2.0,0.0,65.0,65.0,24.0,63.0,155.0,0.0,2137.0,2127.0,50.0,0.335994,26.0,126.0,464.0,0.9454370000000001,0.26,462.0,7.138462,7.3333330000000005,1.0,63.0,2137.0,65.0,12.0,131.0,16.0,1404.0,1137.0,25747.0,9.0,0.0,15.0,25.0,15.0,130.0,54.0,11.0,0.0,65.0,8.0,8.0,57.0,62.0,1.0
2.0,0.0,35.0,122.0,19.0,33.0,3.0,4.0,1690.0,1677.0,49.0,0.0,27.0,112.0,304.0,1.0,0.666667,302.0,8.685714,9.151515,10.0,75.0,2600.0,86.0,12.0,131.0,16.0,1404.0,1137.0,25747.0,3.0,0.0,3.0,2.0,2.0,0.0,6.0,29.0,0.0,35.0,1.0,1.0,34.0,32.0,1.0
0.0,0.0,16.0,127.0,18.0,16.0,15.0,0.0,590.0,590.0,26.0,1.0,19.0,107.0,95.0,1.0,1.0,95.0,5.9375,5.9375,3.0,30.0,1322.0,30.0,15.0,255.0,7.0,1450.0,1087.0,24112.0,14.0,0.0,12.0,14.0,12.0,1.0,4.0,12.0,0.0,16.0,1.0,1.0,15.0,14.0,1.0
0.0,0.0,13.0,71.0,14.0,13.0,31.0,0.0,531.0,531.0,55.0,1.0,17.0,81.0,51.0,0.9973120000000001,0.2,51.0,3.9230769999999997,3.9230769999999997,3.0,30.0,1322.0,30.0,15.0,255.0,7.0,1450.0,1087.0,24112.0,6.0,0.0,24.0,26.0,24.0,5.0,6.0,7.0,0.0,13.0,2.0,2.0,11.0,11.0,1.0
7.0,2.0,14.0,0.0,3.0,7.0,7.0,536.0,250.0,190.0,3.0,0.533333,1.0,17.0,17.0,0.868132,0.363636,9.0,1.214286,1.285714,80.0,263.0,5748.0,334.0,15.0,255.0,7.0,1450.0,1087.0,24112.0,7.0,0.0,0.0,0.0,0.0,7.0,11.0,3.0,0.0,14.0,0.0,0.0,14.0,6.0,0.0
5.0,35.0,68.0,36.0,62.0,63.0,109.0,531.0,1867.0,1826.0,103.0,0.219373,33.0,197.0,184.0,0.992743,0.348485,179.0,2.705882,2.84127,80.0,263.0,5748.0,334.0,15.0,255.0,7.0,1450.0,1087.0,24112.0,70.0,0.0,42.0,48.0,42.0,61.0,28.0,40.0,0.0,68.0,22.0,22.0,46.0,62.0,1.0
13.0,12.0,59.0,6.0,19.0,46.0,32.0,50.0,1097.0,957.0,32.0,0.12010799999999999,9.0,96.0,203.0,0.9709049999999999,0.652174,179.0,3.4406779999999997,3.891304,83.0,341.0,6130.0,466.0,15.0,255.0,7.0,1450.0,1087.0,24112.0,27.0,0.0,2.0,2.0,2.0,30.0,41.0,18.0,0.0,59.0,0.0,0.0,59.0,44.0,1.0
0.0,0.0,2.0,0.0,1.0,2.0,0.0,0.0,12.0,12.0,1.0,0.0,3.0,3.0,2.0,0.0,1.0,2.0,1.0,1.0,4.0,12.0,148.0,12.0,21.0,191.0,19.0,1447.0,1361.0,24319.0,0.0,0.0,0.0,0.0,0.0,0.0,3.0,0.0,0.0,3.0,0.0,0.0,3.0,2.0,0.0
0.0,0.0,4.0,0.0,2.0,4.0,4.0,0.0,29.0,29.0,2.0,1.0,3.0,6.0,4.0,0.0,1.0,4.0,1.0,1.0,4.0,12.0,148.0,12.0,21.0,191.0,19.0,1447.0,1361.0,24319.0,4.0,0.0,0.0,0.0,0.0,4.0,3.0,1.0,0.0,4.0,0.0,0.0,4.0,3.0,0.0
5.0,0.0,9.0,1.0,3.0,4.0,4.0,0.0,94.0,38.0,4.0,0.642857,4.0,13.0,9.0,0.71875,0.375,4.0,1.0,1.0,24.0,253.0,3812.0,307.0,21.0,191.0,19.0,1447.0,1361.0,24319.0,3.0,0.0,0.0,0.0,0.0,4.0,8.0,0.0,0.0,8.0,0.0,0.0,8.0,3.0,0.0
0.0,0.0,12.0,5.0,9.0,12.0,2.0,0.0,290.0,290.0,20.0,0.8909090000000001,11.0,34.0,21.0,0.8636360000000001,1.0,21.0,1.75,1.75,12.0,112.0,2820.0,121.0,30.0,208.0,14.0,1593.0,1411.0,26472.0,1.0,1.0,1.0,1.0,1.0,1.0,11.0,0.0,1.0,12.0,0.0,0.0,12.0,11.0,0.0
1.0,0.0,2.0,1.0,5.0,1.0,1.0,0.0,47.0,30.0,7.0,1.0,5.0,9.0,3.0,1.0,0.5,2.0,1.5,2.0,12.0,112.0,2820.0,121.0,30.0,208.0,14.0,1593.0,1411.0,26472.0,1.0,0.0,0.0,1.0,0.0,0.0,3.0,0.0,0.0,3.0,0.0,0.0,3.0,1.0,0.0
5.0,0.0,9.0,0.0,0.0,4.0,6.0,0.0,117.0,67.0,0.0,0.14285699999999998,0.0,9.0,10.0,0.9375,0.333333,5.0,1.111111,1.25,12.0,112.0,2820.0,121.0,30.0,208.0,14.0,1593.0,1411.0,26472.0,3.0,0.0,0.0,0.0,0.0,6.0,9.0,0.0,0.0,9.0,0.0,0.0,9.0,2.0,0.0
8.0,1.0,73.0,24.0,13.0,65.0,16.0,31.0,1812.0,1706.0,67.0,0.471441,19.0,178.0,234.0,0.894965,0.875,221.0,3.205479,3.4,26.0,281.0,5940.0,330.0,30.0,208.0,14.0,1593.0,1411.0,26472.0,15.0,0.0,2.0,2.0,2.0,14.0,71.0,1.0,0.0,73.0,0.0,0.0,73.0,62.0,1.0
0.0,0.0,1.0,0.0,0.0,1.0,6.0,0.0,24.0,24.0,0.0,1.0,0.0,1.0,1.0,0.0,0.14285699999999998,1.0,1.0,1.0,5.0,27.0,796.0,30.0,30.0,208.0,14.0,1593.0,1411.0,26472.0,0.0,0.0,3.0,3.0,3.0,3.0,1.0,0.0,0.0,1.0,0.0,0.0,1.0,0.0,0.0
2.0,0.0,9.0,3.0,3.0,7.0,3.0,0.0,131.0,93.0,6.0,0.0,3.0,12.0,12.0,1.0,0.75,8.0,1.333333,1.142857,5.0,34.0,707.0,39.0,19.0,299.0,33.0,1475.0,1431.0,28493.0,3.0,0.0,0.0,0.0,0.0,3.0,8.0,1.0,0.0,9.0,0.0,0.0,9.0,4.0,0.0
0.0,0.0,14.0,0.0,0.0,14.0,6.0,0.0,255.0,255.0,0.0,0.464286,0.0,14.0,30.0,0.8461540000000001,1.0,30.0,2.142857,2.142857,5.0,34.0,707.0,39.0,19.0,299.0,33.0,1475.0,1431.0,28493.0,6.0,0.0,0.0,0.0,0.0,6.0,10.0,4.0,0.0,14.0,0.0,0.0,14.0,12.0,0.0
0.0,0.0,8.0,0.0,2.0,8.0,1.0,0.0,88.0,88.0,8.0,1.0,2.0,16.0,10.0,0.14285699999999998,1.0,10.0,1.25,1.25,16.0,130.0,1578.0,136.0,26.0,262.0,57.0,1805.0,1524.0,34404.0,1.0,0.0,0.0,0.0,0.0,1.0,7.0,0.0,0.0,8.0,0.0,0.0,8.0,7.0,0.0
0.0,0.0,8.0,2.0,13.0,8.0,10.0,-1.0,155.0,155.0,14.0,0.047619,15.0,23.0,17.0,1.0,-1.0,17.0,2.125,2.125,16.0,130.0,1578.0,136.0,26.0,262.0,57.0,1805.0,1524.0,34404.0,0.0,1.0,8.0,8.0,8.0,2.0,7.0,0.0,1.0,5.0,1.0,1.0,7.0,7.0,0.0
16.0,0.0,23.0,0.0,0.0,7.0,16.0,0.0,149.0,41.0,0.0,0.051948,0.0,23.0,30.0,0.9787879999999999,0.0,7.0,1.304348,1.0,8.0,64.0,1627.0,92.0,26.0,262.0,57.0,1805.0,1524.0,34404.0,11.0,0.0,6.0,5.0,5.0,10.0,0.0,0.0,0.0,23.0,0.0,0.0,23.0,6.0,0.0
1.0,17.0,18.0,39.0,47.0,17.0,44.0,3.0,2165.0,2143.0,97.0,0.19230799999999998,45.0,133.0,196.0,0.9144389999999999,1.0,191.0,10.888889,11.235294,29.0,105.0,3957.0,129.0,26.0,262.0,57.0,1805.0,1524.0,34404.0,37.0,0.0,16.0,12.0,12.0,28.0,14.0,4.0,0.0,18.0,1.0,1.0,17.0,16.0,1.0
0.0,0.0,2.0,0.0,2.0,2.0,0.0,4.0,21.0,21.0,2.0,1.0,9.0,22.0,2.0,0.0,1.0,2.0,1.0,1.0,37.0,143.0,3130.0,157.0,22.0,296.0,19.0,2118.0,1724.0,34617.0,0.0,0.0,0.0,0.0,0.0,0.0,2.0,0.0,0.0,2.0,0.0,0.0,2.0,1.0,0.0
0.0,0.0,3.0,1.0,2.0,3.0,1.0,6.0,31.0,31.0,1.0,0.0,2.0,11.0,3.0,1.0,1.0,3.0,1.0,1.0,37.0,143.0,3130.0,157.0,22.0,296.0,19.0,2118.0,1724.0,34617.0,1.0,0.0,1.0,1.0,1.0,0.0,2.0,1.0,0.0,3.0,1.0,1.0,2.0,2.0,0.0
19.0,33.0,104.0,8.0,45.0,85.0,29.0,0.0,1526.0,1384.0,59.0,0.102798,16.0,175.0,174.0,0.980917,0.391304,147.0,1.6730770000000001,1.729412,52.0,176.0,2771.0,208.0,22.0,296.0,19.0,2118.0,1724.0,34617.0,0.0,28.0,1.0,1.0,1.0,28.0,22.0,0.0,82.0,104.0,0.0,0.0,104.0,84.0,1.0
5.0,1.0,10.0,1.0,4.0,5.0,17.0,698.0,227.0,169.0,5.0,0.11111099999999999,4.0,15.0,17.0,1.0,0.5,8.0,1.7,1.6,52.0,176.0,2771.0,208.0,22.0,296.0,19.0,2118.0,1724.0,34617.0,1.0,16.0,1.0,1.0,1.0,16.0,8.0,0.0,2.0,10.0,0.0,0.0,10.0,4.0,0.0
0.0,0.0,2.0,0.0,1.0,2.0,1.0,-1.0,24.0,24.0,1.0,1.0,1.0,3.0,4.0,0.0,-1.0,4.0,2.0,2.0,12.0,471.0,3219.0,549.0,13.0,223.0,38.0,2989.0,2592.0,28583.0,0.0,0.0,1.0,1.0,1.0,0.0,0.0,0.0,2.0,2.0,0.0,0.0,2.0,2.0,0.0
0.0,0.0,11.0,0.0,0.0,11.0,0.0,-1.0,58.0,58.0,0.0,0.0,0.0,11.0,11.0,0.0,-1.0,11.0,1.0,1.0,12.0,471.0,3219.0,549.0,13.0,223.0,38.0,2989.0,2592.0,28583.0,0.0,0.0,0.0,0.0,0.0,0.0,11.0,0.0,0.0,11.0,0.0,0.0,11.0,11.0,0.0
13.0,0.0,38.0,21.0,29.0,25.0,17.0,-1.0,745.0,637.0,49.0,0.327635,39.0,130.0,150.0,0.926868,-1.0,131.0,3.947368,5.24,17.0,145.0,2074.0,207.0,13.0,223.0,38.0,2989.0,2592.0,28583.0,17.0,0.0,0.0,0.0,0.0,17.0,27.0,10.0,1.0,38.0,0.0,0.0,38.0,24.0,1.0
36.0,4.0,89.0,3.0,5.0,53.0,97.0,520.0,2078.0,1633.0,4.0,0.11512599999999999,1.0,94.0,136.0,0.959583,0.292929,88.0,1.52809,1.660377,50.0,400.0,12877.0,545.0,22.0,426.0,16.0,1879.0,1530.0,33431.0,59.0,2.0,34.0,34.0,34.0,63.0,65.0,3.0,21.0,89.0,0.0,0.0,89.0,52.0,1.0
2.0,3.0,25.0,0.0,3.0,23.0,7.0,13.0,596.0,576.0,3.0,0.181159,2.0,43.0,69.0,0.9702379999999999,0.454545,64.0,2.76,2.782609,50.0,400.0,12877.0,545.0,22.0,426.0,16.0,1879.0,1530.0,33431.0,0.0,2.0,4.0,4.0,4.0,3.0,7.0,0.0,18.0,25.0,0.0,0.0,25.0,22.0,0.0
7.0,1.0,55.0,32.0,3.0,48.0,46.0,13.0,2214.0,2128.0,3.0,0.326797,3.0,72.0,264.0,0.9617549999999999,0.392857,255.0,4.8,5.3125,50.0,400.0,12877.0,545.0,22.0,426.0,16.0,1879.0,1530.0,33431.0,23.0,8.0,17.0,17.0,17.0,29.0,13.0,35.0,7.0,55.0,0.0,0.0,55.0,46.0,1.0
5.0,1.0,24.0,0.0,2.0,19.0,11.0,13.0,1231.0,1166.0,4.0,0.300725,2.0,48.0,138.0,0.901186,0.384615,133.0,5.75,7.0,50.0,400.0,12877.0,545.0,22.0,426.0,16.0,1879.0,1530.0,33431.0,0.0,4.0,3.0,3.0,3.0,8.0,11.0,0.0,14.0,23.0,0.0,0.0,23.0,19.0,1.0
5.0,0.0,11.0,0.0,0.0,6.0,6.0,0.0,121.0,83.0,0.0,0.177778,0.0,11.0,13.0,0.9,1.0,8.0,1.181818,1.333333,50.0,400.0,12877.0,545.0,22.0,426.0,16.0,1879.0,1530.0,33431.0,2.0,0.0,0.0,0.0,0.0,6.0,1.0,0.0,0.0,11.0,0.0,0.0,11.0,5.0,0.0
3.0,0.0,50.0,44.0,3.0,47.0,50.0,13.0,2044.0,2022.0,8.0,0.35,4.0,73.0,219.0,0.963673,0.318182,216.0,4.38,4.595745,50.0,400.0,12877.0,545.0,22.0,426.0,16.0,1879.0,1530.0,33431.0,25.0,13.0,14.0,14.0,14.0,36.0,10.0,33.0,7.0,50.0,0.0,0.0,50.0,46.0,1.0
8.0,0.0,9.0,0.0,0.0,1.0,4.0,0.0,75.0,11.0,0.0,0.14285699999999998,0.0,9.0,9.0,0.875,0.11111099999999999,1.0,1.0,1.0,22.0,94.0,3009.0,112.0,22.0,426.0,16.0,1879.0,1530.0,33431.0,0.0,4.0,0.0,0.0,0.0,4.0,9.0,0.0,0.0,9.0,0.0,0.0,9.0,0.0,0.0
0.0,0.0,2.0,0.0,1.0,2.0,7.0,7.0,129.0,129.0,2.0,1.0,3.0,12.0,26.0,1.0,0.28571399999999997,26.0,13.0,13.0,9.0,18.0,348.0,18.0,37.0,485.0,19.0,2169.0,1864.0,34855.0,2.0,0.0,5.0,5.0,5.0,2.0,2.0,0.0,0.0,2.0,0.0,0.0,2.0,1.0,0.0
3.0,0.0,5.0,0.0,1.0,2.0,19.0,0.0,120.0,83.0,0.0,0.0,2.0,6.0,5.0,1.0,0.095238,2.0,1.0,1.0,1.0,3.0,132.0,6.0,37.0,485.0,19.0,2169.0,1864.0,34855.0,3.0,0.0,16.0,16.0,16.0,3.0,5.0,0.0,0.0,5.0,0.0,0.0,5.0,0.0,0.0
13.0,0.0,15.0,0.0,0.0,2.0,7.0,0.0,97.0,17.0,0.0,0.089744,0.0,15.0,15.0,0.9285709999999999,0.13333299999999998,2.0,1.0,1.0,6.0,21.0,758.0,39.0,37.0,485.0,19.0,2169.0,1864.0,34855.0,7.0,0.0,0.0,0.0,0.0,7.0,15.0,0.0,0.0,15.0,0.0,0.0,15.0,0.0,0.0
5.0,0.0,8.0,0.0,0.0,3.0,3.0,0.0,47.0,17.0,0.0,0.2,0.0,8.0,8.0,0.857143,0.0,3.0,1.0,1.0,6.0,21.0,758.0,39.0,37.0,485.0,19.0,2169.0,1864.0,34855.0,3.0,0.0,0.0,0.0,0.0,3.0,0.0,0.0,0.0,8.0,0.0,0.0,8.0,1.0,0.0
0.0,0.0,72.0,12.0,53.0,72.0,33.0,0.0,1550.0,1550.0,67.0,0.154327,55.0,144.0,193.0,0.970951,0.8472219999999999,193.0,2.680556,2.680556,30.0,326.0,7907.0,389.0,37.0,485.0,19.0,2169.0,1864.0,34855.0,22.0,0.0,5.0,33.0,5.0,0.0,61.0,7.0,0.0,70.0,72.0,70.0,0.0,72.0,1.0
2.0,1.0,40.0,14.0,12.0,38.0,22.0,0.0,1127.0,1100.0,34.0,0.42674300000000004,11.0,88.0,164.0,0.9638690000000001,0.727273,162.0,4.1,4.263158,3.0,46.0,1238.0,49.0,44.0,280.0,36.0,2923.0,2438.0,52319.0,5.0,12.0,8.0,7.0,7.0,14.0,17.0,1.0,22.0,40.0,0.0,0.0,40.0,37.0,1.0
0.0,0.0,3.0,1.0,0.0,3.0,0.0,0.0,29.0,29.0,0.0,0.0,1.0,3.0,7.0,0.0,-1.0,7.0,2.333333,2.333333,3.0,46.0,1238.0,49.0,44.0,280.0,36.0,2923.0,2438.0,52319.0,0.0,0.0,0.0,0.0,0.0,0.0,3.0,0.0,0.0,4.0,0.0,0.0,4.0,3.0,0.0
6.0,0.0,6.0,0.0,0.0,0.0,3.0,0.0,61.0,19.0,0.0,0.2,0.0,6.0,6.0,0.8,0.0,0.0,1.0,0.0,71.0,469.0,12094.0,560.0,44.0,280.0,36.0,2923.0,2438.0,52319.0,3.0,0.0,0.0,0.0,0.0,3.0,7.0,0.0,0.0,7.0,0.0,0.0,7.0,0.0,0.0
39.0,46.0,157.0,43.0,69.0,118.0,39.0,-1.0,3877.0,3392.0,181.0,0.24011,31.0,366.0,435.0,0.9896450000000001,-1.0,377.0,2.770701,3.194915,71.0,469.0,12094.0,560.0,44.0,280.0,36.0,2923.0,2438.0,52319.0,22.0,17.0,6.0,6.0,5.0,32.0,91.0,4.0,62.0,155.0,0.0,0.0,157.0,118.0,1.0
4.0,0.0,31.0,3.0,1.0,27.0,28.0,0.0,1399.0,1357.0,1.0,0.278325,2.0,32.0,332.0,0.92619,0.75,325.0,10.709677000000001,12.037037,36.0,462.0,12436.0,596.0,44.0,280.0,36.0,2923.0,2438.0,52319.0,3.0,25.0,14.0,14.0,14.0,14.0,12.0,1.0,18.0,31.0,1.0,1.0,30.0,26.0,1.0
3.0,0.0,21.0,38.0,27.0,18.0,63.0,0.0,1381.0,1277.0,60.0,0.4,34.0,115.0,166.0,0.9865079999999999,0.140845,148.0,7.904762,8.222222,15.0,266.0,5065.0,282.0,44.0,280.0,36.0,2923.0,2438.0,52319.0,4.0,0.0,60.0,59.0,59.0,3.0,12.0,8.0,1.0,21.0,1.0,1.0,20.0,15.0,1.0
4.0,0.0,9.0,0.0,0.0,5.0,35.0,0.0,177.0,161.0,0.0,0.535714,0.0,9.0,31.0,0.953571,0.21739099999999997,26.0,3.4444440000000003,5.2,8.0,30.0,1005.0,38.0,33.0,297.0,25.0,2742.0,2257.0,38451.0,2.0,19.0,19.0,21.0,19.0,14.0,9.0,0.0,0.0,9.0,1.0,1.0,8.0,4.0,0.0
4.0,0.0,6.0,1.0,3.0,2.0,2.0,4.0,36.0,24.0,3.0,0.6,5.0,13.0,6.0,0.6,0.2,2.0,1.0,1.0,48.0,197.0,3877.0,376.0,33.0,297.0,25.0,2742.0,2257.0,38451.0,0.0,2.0,0.0,0.0,0.0,2.0,5.0,0.0,1.0,6.0,0.0,0.0,6.0,1.0,0.0
6.0,0.0,7.0,0.0,0.0,1.0,3.0,0.0,21.0,3.0,0.0,0.2,1.0,7.0,7.0,0.833333,0.14285699999999998,1.0,1.0,1.0,48.0,197.0,3877.0,376.0,33.0,297.0,25.0,2742.0,2257.0,38451.0,0.0,3.0,0.0,0.0,0.0,3.0,7.0,0.0,0.0,7.0,0.0,0.0,7.0,0.0,0.0
6.0,0.0,7.0,0.0,0.0,1.0,3.0,0.0,20.0,2.0,0.0,0.2,0.0,7.0,7.0,0.666667,0.14285699999999998,1.0,1.0,1.0,48.0,197.0,3877.0,376.0,33.0,297.0,25.0,2742.0,2257.0,38451.0,0.0,3.0,0.0,0.0,0.0,3.0,7.0,0.0,0.0,7.0,0.0,0.0,7.0,0.0,0.0
0.0,0.0,1.0,0.0,0.0,1.0,6.0,0.0,16.0,16.0,0.0,1.0,0.0,1.0,1.0,0.0,0.0,1.0,1.0,1.0,12.0,139.0,2723.0,147.0,33.0,297.0,25.0,2742.0,2257.0,38451.0,0.0,0.0,0.0,0.0,0.0,6.0,0.0,0.0,1.0,1.0,0.0,0.0,1.0,0.0,0.0
0.0,0.0,1.0,0.0,4.0,1.0,6.0,0.0,71.0,71.0,4.0,1.0,4.0,5.0,1.0,0.0,0.0,1.0,1.0,1.0,13.0,58.0,3667.0,65.0,33.0,297.0,25.0,2742.0,2257.0,38451.0,0.0,0.0,6.0,6.0,6.0,0.0,0.0,1.0,0.0,1.0,0.0,0.0,1.0,0.0,0.0
0.0,0.0,8.0,0.0,1.0,8.0,3.0,0.0,269.0,269.0,1.0,1.0,1.0,9.0,24.0,0.857143,1.0,24.0,3.0,3.0,1.0,8.0,269.0,8.0,33.0,388.0,47.0,2957.0,2678.0,55590.0,0.0,3.0,2.0,3.0,2.0,0.0,4.0,5.0,0.0,6.0,2.0,1.0,5.0,8.0,0.0
2.0,0.0,11.0,0.0,0.0,9.0,1.0,-1.0,382.0,337.0,0.0,0.0,0.0,11.0,47.0,1.0,-1.0,41.0,4.272727,4.555556,1.0,9.0,382.0,11.0,40.0,405.0,36.0,2714.0,2245.0,69144.0,0.0,1.0,0.0,0.0,0.0,1.0,8.0,1.0,2.0,9.0,1.0,1.0,10.0,8.0,0.0
13.0,0.0,15.0,2.0,2.0,2.0,6.0,0.0,175.0,34.0,1.0,0.090909,2.0,18.0,16.0,0.9285709999999999,0.14285699999999998,2.0,1.066667,1.0,9.0,58.0,1713.0,72.0,40.0,405.0,36.0,2714.0,2245.0,69144.0,6.0,0.0,0.0,0.0,0.0,6.0,14.0,1.0,0.0,15.0,0.0,0.0,15.0,0.0,0.0
0.0,2.0,25.0,17.0,13.0,25.0,52.0,4.0,1157.0,1157.0,31.0,0.25,14.0,75.0,119.0,0.969551,0.380952,119.0,4.76,4.76,12.0,67.0,2003.0,73.0,40.0,405.0,36.0,2714.0,2245.0,69144.0,39.0,0.0,28.0,32.0,28.0,20.0,8.0,17.0,0.0,21.0,8.0,4.0,17.0,25.0,1.0
4.0,0.0,5.0,0.0,0.0,1.0,4.0,0.0,35.0,11.0,0.0,0.0,2.0,5.0,5.0,1.0,0.2,1.0,1.0,1.0,12.0,67.0,2003.0,73.0,40.0,405.0,36.0,2714.0,2245.0,69144.0,4.0,0.0,0.0,0.0,0.0,4.0,5.0,0.0,0.0,5.0,0.0,0.0,5.0,0.0,0.0
1.0,1.0,62.0,33.0,22.0,61.0,69.0,15.0,2958.0,2937.0,48.0,0.333333,29.0,136.0,390.0,0.980993,0.375,388.0,6.290323,6.360656,11.0,115.0,4599.0,128.0,40.0,405.0,36.0,2714.0,2245.0,69144.0,43.0,14.0,32.0,34.0,32.0,35.0,6.0,52.0,4.0,61.0,8.0,7.0,54.0,60.0,1.0
10.0,0.0,10.0,0.0,0.0,0.0,5.0,0.0,109.0,109.0,0.0,0.11111099999999999,1.0,10.0,10.0,0.8888889999999999,0.0,0.0,1.0,0.0,7.0,32.0,1457.0,56.0,40.0,405.0,36.0,2714.0,2245.0,69144.0,5.0,0.0,0.0,0.0,0.0,5.0,11.0,0.0,0.0,11.0,0.0,0.0,11.0,0.0,0.0
12.0,2.0,26.0,10.0,4.0,14.0,17.0,0.0,1184.0,953.0,13.0,0.286765,6.0,44.0,136.0,0.941176,0.266667,97.0,5.2307690000000004,6.928571000000001,12.0,46.0,2496.0,76.0,32.0,399.0,23.0,2996.0,2349.0,53577.0,1.0,16.0,0.0,1.0,0.0,16.0,15.0,8.0,3.0,26.0,0.0,0.0,26.0,13.0,1.0
6.0,0.0,7.0,0.0,0.0,1.0,3.0,0.0,44.0,14.0,0.0,0.23809499999999997,1.0,7.0,7.0,0.777778,0.14285699999999998,1.0,1.0,1.0,9.0,30.0,710.0,43.0,32.0,399.0,23.0,2996.0,2349.0,53577.0,3.0,0.0,0.0,0.0,0.0,3.0,8.0,0.0,0.0,8.0,0.0,0.0,8.0,1.0,0.0
3.0,0.0,45.0,28.0,9.0,42.0,37.0,516.0,1065.0,1033.0,38.0,0.25243899999999997,9.0,94.0,200.0,0.9350649999999999,0.8064520000000001,196.0,4.444444,4.6666669999999995,45.0,839.0,16067.0,1014.0,32.0,399.0,23.0,2996.0,2349.0,53577.0,0.0,33.0,0.0,3.0,0.0,34.0,27.0,3.0,14.0,45.0,0.0,0.0,45.0,41.0,1.0
38.0,2.0,139.0,9.0,17.0,101.0,28.0,0.0,2907.0,2435.0,70.0,0.30846599999999996,17.0,213.0,485.0,0.9758450000000001,0.669565,436.0,3.489209,4.316832,45.0,839.0,16067.0,1014.0,32.0,399.0,23.0,2996.0,2349.0,53577.0,0.0,28.0,0.0,0.0,0.0,28.0,115.0,3.0,21.0,139.0,2.0,2.0,137.0,97.0,1.0
17.0,0.0,18.0,0.0,0.0,1.0,9.0,0.0,179.0,43.0,0.0,0.058824,0.0,18.0,18.0,0.9477120000000001,0.055555999999999994,1.0,1.0,1.0,4.0,39.0,2335.0,117.0,32.0,399.0,23.0,2996.0,2349.0,53577.0,0.0,9.0,0.0,0.0,0.0,9.0,18.0,0.0,0.0,18.0,0.0,0.0,18.0,0.0,0.0
2.0,0.0,7.0,0.0,2.0,5.0,2.0,11.0,98.0,68.0,4.0,1.0,3.0,22.0,10.0,0.666667,0.6,6.0,1.4285709999999998,1.2,9.0,50.0,1207.0,69.0,48.0,515.0,79.0,3790.0,3254.0,68929.0,1.0,0.0,1.0,1.0,1.0,1.0,5.0,0.0,0.0,7.0,0.0,0.0,7.0,2.0,0.0
0.0,0.0,2.0,0.0,0.0,2.0,0.0,0.0,44.0,44.0,0.0,0.0,0.0,2.0,3.0,0.0,1.0,3.0,1.5,1.5,9.0,50.0,1207.0,69.0,48.0,515.0,79.0,3790.0,3254.0,68929.0,0.0,0.0,0.0,0.0,0.0,0.0,2.0,0.0,0.0,2.0,2.0,2.0,0.0,2.0,0.0
2.0,0.0,5.0,1.0,1.0,3.0,2.0,0.0,26.0,15.0,1.0,0.2,1.0,7.0,6.0,0.75,0.6,4.0,1.2,1.333333,4.0,12.0,87.0,17.0,108.0,795.0,87.0,4165.0,3476.0,25691.0,0.0,0.0,0.0,0.0,0.0,2.0,5.0,0.0,0.0,5.0,0.0,0.0,5.0,3.0,0.0
0.0,1.0,7.0,0.0,1.0,7.0,0.0,0.0,44.0,44.0,1.0,0.0,0.0,8.0,9.0,0.0,1.0,9.0,1.285714,1.285714,4.0,12.0,87.0,17.0,108.0,795.0,87.0,4165.0,3476.0,25691.0,0.0,0.0,0.0,0.0,0.0,0.0,7.0,0.0,0.0,7.0,0.0,0.0,7.0,7.0,0.0
7.0,0.0,8.0,0.0,0.0,1.0,4.0,0.0,32.0,32.0,0.0,0.14285699999999998,0.0,8.0,8.0,0.857143,0.125,1.0,1.0,1.0,31.0,23.0,423.0,87.0,108.0,795.0,87.0,4165.0,3476.0,25691.0,4.0,0.0,0.0,0.0,0.0,4.0,8.0,0.0,0.0,8.0,0.0,0.0,8.0,1.0,0.0
6.0,0.0,6.0,0.0,0.0,0.0,3.0,0.0,24.0,24.0,0.0,0.2,2.0,6.0,6.0,0.8,0.0,0.0,1.0,0.0,31.0,23.0,423.0,87.0,108.0,795.0,87.0,4165.0,3476.0,25691.0,3.0,0.0,0.0,0.0,0.0,3.0,7.0,0.0,0.0,7.0,0.0,0.0,7.0,0.0,0.0
6.0,0.0,6.0,0.0,0.0,0.0,3.0,0.0,25.0,25.0,0.0,0.2,2.0,6.0,6.0,0.8,0.0,0.0,1.0,0.0,128.0,327.0,1934.0,410.0,108.0,795.0,87.0,4165.0,3476.0,25691.0,3.0,0.0,0.0,0.0,0.0,3.0,7.0,0.0,0.0,7.0,0.0,0.0,7.0,0.0,0.0
6.0,0.0,7.0,0.0,0.0,1.0,3.0,0.0,29.0,29.0,0.0,0.2,2.0,7.0,7.0,0.833333,0.14285699999999998,1.0,1.0,1.0,128.0,327.0,1934.0,410.0,108.0,795.0,87.0,4165.0,3476.0,25691.0,3.0,0.0,0.0,0.0,0.0,3.0,7.0,0.0,0.0,7.0,0.0,0.0,7.0,0.0,0.0
6.0,0.0,6.0,0.0,0.0,0.0,3.0,0.0,24.0,24.0,0.0,0.2,2.0,6.0,6.0,0.8,0.0,0.0,1.0,0.0,11.0,16.0,210.0,49.0,108.0,795.0,87.0,4165.0,3476.0,25691.0,3.0,0.0,0.0,0.0,0.0,3.0,7.0,0.0,0.0,7.0,0.0,0.0,7.0,0.0,0.0
6.0,0.0,6.0,0.0,0.0,0.0,3.0,0.0,23.0,23.0,0.0,0.2,2.0,6.0,6.0,0.8,0.0,0.0,1.0,0.0,11.0,16.0,210.0,49.0,108.0,795.0,87.0,4165.0,3476.0,25691.0,3.0,0.0,0.0,0.0,0.0,3.0,6.0,0.0,0.0,6.0,0.0,0.0,6.0,0.0,0.0
8.0,0.0,8.0,0.0,0.0,0.0,4.0,0.0,31.0,31.0,0.0,0.14285699999999998,1.0,8.0,8.0,0.857143,0.0,0.0,1.0,0.0,11.0,16.0,210.0,49.0,108.0,795.0,87.0,4165.0,3476.0,25691.0,4.0,0.0,0.0,0.0,0.0,4.0,8.0,0.0,0.0,8.0,0.0,0.0,8.0,0.0,0.0
0.0,0.0,1.0,0.0,0.0,1.0,0.0,0.0,3.0,3.0,0.0,1.0,0.0,1.0,1.0,0.0,-1.0,1.0,1.0,1.0,133.0,235.0,2888.0,235.0,24.0,525.0,67.0,4143.0,3956.0,75688.0,0.0,0.0,0.0,0.0,0.0,0.0,1.0,0.0,0.0,1.0,0.0,0.0,1.0,1.0,0.0
0.0,0.0,1.0,0.0,2.0,1.0,0.0,0.0,3.0,3.0,2.0,1.0,3.0,3.0,1.0,0.0,-1.0,1.0,1.0,1.0,133.0,235.0,2888.0,235.0,24.0,525.0,67.0,4143.0,3956.0,75688.0,0.0,0.0,0.0,0.0,0.0,0.0,1.0,0.0,0.0,1.0,0.0,0.0,1.0,1.0,0.0
0.0,0.0,1.0,0.0,0.0,1.0,109.0,0.0,230.0,230.0,0.0,1.0,0.0,1.0,1.0,0.0,0.0,1.0,1.0,1.0,2.0,2.0,340.0,2.0,24.0,525.0,67.0,4143.0,3956.0,75688.0,0.0,0.0,109.0,109.0,109.0,0.0,0.0,0.0,1.0,1.0,0.0,0.0,1.0,0.0,0.0
0.0,0.0,1.0,12.0,0.0,1.0,33.0,0.0,110.0,110.0,0.0,1.0,1.0,1.0,1.0,0.0,0.0,1.0,1.0,1.0,2.0,2.0,340.0,2.0,24.0,525.0,67.0,4143.0,3956.0,75688.0,0.0,0.0,33.0,33.0,33.0,0.0,0.0,0.0,1.0,1.0,0.0,0.0,1.0,0.0,0.0
0.0,0.0,5.0,25.0,15.0,5.0,0.0,5.0,214.0,214.0,27.0,1.0,22.0,51.0,29.0,0.0,1.0,29.0,5.8,5.8,14.0,41.0,1004.0,41.0,40.0,786.0,63.0,3884.0,3333.0,53617.0,0.0,0.0,0.0,0.0,0.0,0.0,2.0,3.0,0.0,5.0,0.0,0.0,5.0,4.0,0.0
6.0,4.0,7.0,3.0,10.0,1.0,6.0,520.0,272.0,96.0,13.0,0.6,8.0,21.0,25.0,0.8888889999999999,0.2,1.0,3.571429,1.0,22.0,214.0,2913.0,322.0,40.0,786.0,63.0,3884.0,3333.0,53617.0,0.0,6.0,0.0,0.0,0.0,6.0,5.0,1.0,1.0,7.0,0.0,0.0,7.0,0.0,0.0
4.0,0.0,5.0,0.0,0.0,1.0,7.0,0.0,34.0,14.0,0.0,0.0,1.0,5.0,5.0,1.0,0.125,1.0,1.0,1.0,2.0,3.0,44.0,7.0,28.0,813.0,36.0,4551.0,3762.0,68127.0,0.0,0.0,0.0,3.0,0.0,4.0,5.0,0.0,0.0,5.0,0.0,0.0,5.0,0.0,0.0
3.0,1.0,43.0,34.0,21.0,40.0,3.0,123.0,1400.0,1348.0,89.0,0.340244,38.0,302.0,256.0,0.9444440000000001,0.909091,249.0,5.953488,6.225,14.0,161.0,3417.0,181.0,28.0,813.0,36.0,4551.0,3762.0,68127.0,1.0,1.0,0.0,1.0,0.0,2.0,33.0,0.0,10.0,43.0,0.0,0.0,43.0,38.0,1.0
6.0,0.0,6.0,0.0,0.0,0.0,3.0,0.0,31.0,1.0,0.0,0.2,0.0,6.0,6.0,0.8,0.0,0.0,1.0,0.0,497.0,1562.0,24196.0,1857.0,28.0,813.0,36.0,4551.0,3762.0,68127.0,0.0,0.0,0.0,0.0,0.0,3.0,6.0,0.0,0.0,7.0,0.0,0.0,7.0,0.0,0.0
5.0,0.0,7.0,0.0,0.0,2.0,5.0,14.0,63.0,20.0,0.0,0.3,1.0,7.0,8.0,1.0,0.28571399999999997,2.0,1.142857,1.0,62.0,335.0,6239.0,404.0,28.0,813.0,36.0,4551.0,3762.0,68127.0,0.0,0.0,0.0,0.0,0.0,5.0,7.0,0.0,0.0,7.0,0.0,0.0,7.0,0.0,0.0
46.0,13.0,154.0,20.0,36.0,108.0,47.0,0.0,2792.0,2378.0,80.0,0.272109,30.0,248.0,489.0,0.984425,0.620438,414.0,3.175325,3.833333,89.0,749.0,16063.0,950.0,28.0,813.0,36.0,4551.0,3762.0,68127.0,20.0,17.0,0.0,9.0,0.0,38.0,129.0,3.0,20.0,154.0,1.0,1.0,153.0,105.0,1.0
18.0,3.0,55.0,19.0,21.0,37.0,25.0,0.0,1299.0,1179.0,51.0,0.439626,20.0,120.0,214.0,0.9644440000000001,0.627907,194.0,3.8909089999999997,5.243243,89.0,749.0,16063.0,950.0,28.0,813.0,36.0,4551.0,3762.0,68127.0,23.0,0.0,0.0,0.0,0.0,25.0,43.0,5.0,0.0,55.0,0.0,0.0,55.0,36.0,1.0
4.0,0.0,7.0,0.0,0.0,3.0,3.0,0.0,79.0,45.0,0.0,0.23809499999999997,0.0,7.0,9.0,0.777778,0.428571,3.0,1.285714,1.0,6.0,16.0,467.0,20.0,35.0,764.0,30.0,4305.0,3256.0,120720.0,3.0,0.0,0.0,0.0,0.0,3.0,7.0,0.0,0.0,7.0,0.0,0.0,7.0,3.0,0.0
4.0,0.0,5.0,0.0,0.0,1.0,4.0,0.0,63.0,35.0,0.0,0.0,0.0,5.0,5.0,1.0,0.2,1.0,1.0,1.0,14.0,40.0,1875.0,65.0,35.0,764.0,30.0,4305.0,3256.0,120720.0,4.0,0.0,0.0,0.0,0.0,4.0,5.0,0.0,0.0,5.0,0.0,0.0,5.0,0.0,0.0
10.0,0.0,11.0,0.0,0.0,1.0,5.0,0.0,117.0,47.0,0.0,0.11111099999999999,0.0,11.0,11.0,0.9,0.090909,1.0,1.0,1.0,29.0,75.0,5472.0,224.0,35.0,764.0,30.0,4305.0,3256.0,120720.0,5.0,0.0,0.0,0.0,0.0,5.0,11.0,0.0,0.0,11.0,0.0,0.0,11.0,0.0,0.0
9.0,6.0,30.0,15.0,25.0,21.0,14.0,129.0,2396.0,2297.0,46.0,0.073892,22.0,93.0,102.0,0.9729059999999999,0.607143,87.0,3.4,4.142857,29.0,163.0,7792.0,230.0,35.0,764.0,30.0,4305.0,3256.0,120720.0,12.0,0.0,1.0,4.0,1.0,10.0,26.0,1.0,3.0,30.0,5.0,5.0,25.0,21.0,1.0
6.0,0.0,7.0,0.0,0.0,1.0,6.0,0.0,101.0,53.0,0.0,0.0,1.0,7.0,7.0,1.0,0.14285699999999998,1.0,1.0,1.0,29.0,163.0,7792.0,230.0,35.0,764.0,30.0,4305.0,3256.0,120720.0,6.0,0.0,0.0,0.0,0.0,6.0,7.0,0.0,0.0,7.0,0.0,0.0,7.0,0.0,0.0
6.0,0.0,8.0,0.0,1.0,2.0,6.0,5.0,48.0,18.0,1.0,0.2,1.0,14.0,8.0,1.0,0.181818,2.0,1.0,1.0,52.0,239.0,7639.0,261.0,35.0,764.0,30.0,4305.0,3256.0,120720.0,3.0,0.0,3.0,3.0,3.0,3.0,8.0,0.0,0.0,8.0,0.0,0.0,8.0,0.0,0.0
0.0,0.0,7.0,17.0,2.0,7.0,1.0,0.0,1217.0,1217.0,14.0,0.3,2.0,38.0,167.0,0.833333,1.0,167.0,23.857143,23.857143,52.0,239.0,7639.0,261.0,35.0,764.0,30.0,4305.0,3256.0,120720.0,1.0,0.0,1.0,1.0,1.0,0.0,5.0,2.0,0.0,7.0,7.0,7.0,0.0,7.0,1.0
10.0,0.0,12.0,0.0,0.0,2.0,5.0,0.0,125.0,55.0,0.0,0.11111099999999999,0.0,12.0,12.0,0.909091,0.166667,2.0,1.0,1.0,12.0,40.0,1908.0,62.0,35.0,764.0,30.0,4305.0,3256.0,120720.0,5.0,0.0,0.0,0.0,0.0,5.0,12.0,0.0,0.0,12.0,0.0,0.0,12.0,0.0,0.0
6.0,0.0,7.0,0.0,0.0,1.0,6.0,0.0,91.0,49.0,0.0,0.0,0.0,7.0,7.0,1.0,0.14285699999999998,1.0,1.0,1.0,12.0,40.0,1908.0,62.0,35.0,764.0,30.0,4305.0,3256.0,120720.0,6.0,0.0,0.0,0.0,0.0,6.0,7.0,0.0,0.0,7.0,0.0,0.0,7.0,0.0,0.0
0.0,1.0,9.0,28.0,13.0,9.0,7.0,8.0,2412.0,2412.0,61.0,0.333333,16.0,85.0,217.0,0.9285709999999999,1.0,217.0,24.111110999999998,24.111110999999998,10.0,52.0,3195.0,67.0,35.0,764.0,30.0,4305.0,3256.0,120720.0,7.0,0.0,0.0,1.0,0.0,6.0,3.0,4.0,1.0,9.0,0.0,0.0,9.0,8.0,1.0
6.0,0.0,8.0,0.0,0.0,2.0,3.0,0.0,81.0,39.0,0.0,0.2,0.0,8.0,8.0,0.857143,0.25,2.0,1.0,1.0,20.0,63.0,2505.0,75.0,35.0,764.0,30.0,4305.0,3256.0,120720.0,3.0,0.0,0.0,0.0,0.0,3.0,8.0,0.0,0.0,8.0,0.0,0.0,8.0,0.0,0.0
23.0,7.0,93.0,27.0,35.0,70.0,33.0,0.0,1494.0,1324.0,71.0,0.347339,38.0,202.0,289.0,0.961792,0.744186,254.0,3.107527,3.628571,17.0,203.0,4016.0,326.0,35.0,764.0,30.0,4305.0,3256.0,120720.0,33.0,0.0,0.0,8.0,0.0,25.0,86.0,7.0,0.0,93.0,6.0,6.0,87.0,69.0,1.0
0.0,11.0,7.0,34.0,9.0,7.0,9.0,158.0,5126.0,5126.0,23.0,0.0,25.0,134.0,181.0,1.0,0.8,181.0,25.857143,25.857143,33.0,103.0,6189.0,111.0,35.0,764.0,30.0,4305.0,3256.0,120720.0,8.0,0.0,1.0,2.0,1.0,7.0,4.0,3.0,0.0,7.0,4.0,4.0,3.0,7.0,1.0
0.0,11.0,8.0,34.0,11.0,8.0,9.0,158.0,5349.0,5349.0,25.0,0.0,25.0,134.0,185.0,1.0,0.8,185.0,23.125,23.125,41.0,113.0,6405.0,121.0,35.0,764.0,30.0,4305.0,3256.0,120720.0,8.0,0.0,1.0,2.0,1.0,7.0,4.0,4.0,0.0,8.0,5.0,5.0,3.0,8.0,1.0
0.0,0.0,2.0,3.0,2.0,2.0,0.0,0.0,14.0,14.0,2.0,0.0,5.0,6.0,2.0,0.0,1.0,2.0,1.0,1.0,3.0,40.0,608.0,50.0,85.0,606.0,65.0,5527.0,2783.0,69698.0,0.0,0.0,0.0,0.0,0.0,0.0,2.0,0.0,0.0,2.0,0.0,0.0,2.0,2.0,0.0
6.0,0.0,10.0,2.0,4.0,4.0,4.0,4.0,78.0,33.0,4.0,0.166667,7.0,20.0,10.0,0.8611110000000001,0.4,4.0,1.0,1.0,2.0,8.0,145.0,14.0,85.0,606.0,65.0,5527.0,2783.0,69698.0,4.0,0.0,0.0,0.0,0.0,4.0,10.0,0.0,0.0,10.0,0.0,0.0,10.0,3.0,0.0
22.0,0.0,23.0,0.0,0.0,1.0,13.0,0.0,292.0,69.0,0.0,0.044118,0.0,23.0,23.0,0.9685309999999999,0.0,1.0,1.0,1.0,2.0,5.0,475.0,43.0,85.0,606.0,65.0,5527.0,2783.0,69698.0,11.0,0.0,2.0,2.0,2.0,11.0,17.0,5.0,1.0,23.0,0.0,0.0,23.0,0.0,0.0
22.0,0.0,22.0,0.0,0.0,0.0,12.0,0.0,224.0,8.0,0.0,0.047619,0.0,22.0,22.0,0.960317,0.0,0.0,1.0,0.0,1.0,0.0,224.0,22.0,85.0,606.0,65.0,5527.0,2783.0,69698.0,11.0,0.0,1.0,1.0,1.0,11.0,23.0,0.0,0.0,23.0,0.0,0.0,23.0,0.0,0.0
10.0,0.0,10.0,0.0,0.0,0.0,8.0,0.0,89.0,9.0,0.0,0.11111099999999999,0.0,10.0,10.0,0.9722219999999999,0.0,0.0,1.0,0.0,9.0,10.0,1119.0,136.0,85.0,606.0,65.0,5527.0,2783.0,69698.0,5.0,0.0,3.0,3.0,3.0,5.0,11.0,0.0,0.0,11.0,0.0,0.0,11.0,0.0,0.0
14.0,0.0,15.0,0.0,0.0,1.0,11.0,0.0,115.0,3.0,0.0,0.076923,0.0,15.0,15.0,0.980519,0.052632000000000005,1.0,1.0,1.0,9.0,10.0,1119.0,136.0,85.0,606.0,65.0,5527.0,2783.0,69698.0,7.0,0.0,4.0,4.0,4.0,7.0,15.0,0.0,0.0,15.0,0.0,0.0,15.0,0.0,0.0
8.0,0.0,8.0,0.0,0.0,0.0,6.0,0.0,70.0,6.0,0.0,0.14285699999999998,0.0,8.0,8.0,0.9523809999999999,0.0,0.0,1.0,0.0,9.0,10.0,1119.0,136.0,85.0,606.0,65.0,5527.0,2783.0,69698.0,4.0,0.0,2.0,2.0,2.0,4.0,9.0,0.0,0.0,9.0,0.0,0.0,9.0,0.0,0.0
17.0,1.0,75.0,110.0,38.0,58.0,15.0,0.0,1890.0,1767.0,103.0,0.40289899999999995,43.0,264.0,302.0,0.926126,0.757143,285.0,4.026667,4.913793,6.0,126.0,2701.0,156.0,85.0,606.0,65.0,5527.0,2783.0,69698.0,15.0,0.0,0.0,1.0,0.0,14.0,70.0,5.0,0.0,75.0,1.0,1.0,74.0,58.0,1.0
18.0,0.0,82.0,90.0,39.0,64.0,19.0,0.0,1817.0,1678.0,96.0,0.41396000000000005,48.0,249.0,302.0,0.905783,0.735294,283.0,3.682927,4.421875,3.0,126.0,2443.0,144.0,85.0,606.0,65.0,5527.0,2783.0,69698.0,19.0,0.0,0.0,0.0,0.0,19.0,68.0,13.0,1.0,82.0,0.0,0.0,82.0,63.0,1.0
0.0,1.0,38.0,19.0,22.0,38.0,22.0,114.0,1241.0,1241.0,55.0,0.45849799999999996,99.0,212.0,121.0,0.9226040000000001,0.892857,121.0,3.184211,3.184211,13.0,166.0,5176.0,173.0,33.0,604.0,41.0,5154.0,4917.0,82661.0,19.0,0.0,13.0,6.0,6.0,9.0,25.0,13.0,0.0,38.0,0.0,0.0,38.0,34.0,1.0
0.0,4.0,43.0,36.0,23.0,43.0,17.0,114.0,1958.0,1958.0,53.0,0.333333,94.0,210.0,251.0,0.94958,1.0,251.0,5.837209,5.837209,13.0,166.0,5176.0,173.0,33.0,604.0,41.0,5154.0,4917.0,82661.0,17.0,0.0,12.0,2.0,2.0,5.0,5.0,38.0,0.0,43.0,0.0,0.0,43.0,41.0,1.0
0.0,0.0,36.0,0.0,1.0,36.0,2.0,0.0,818.0,818.0,2.0,0.0017829999999999999,1.0,38.0,118.0,0.985714,0.9714290000000001,118.0,3.277778,3.277778,6.0,64.0,1401.0,74.0,80.0,567.0,75.0,5715.0,3996.0,78591.0,1.0,0.0,1.0,2.0,1.0,0.0,34.0,2.0,0.0,34.0,36.0,34.0,0.0,36.0,0.0
8.0,0.0,9.0,0.0,1.0,1.0,8.0,0.0,34.0,10.0,2.0,0.0,1.0,11.0,11.0,1.0,0.11111099999999999,3.0,1.222222,3.0,6.0,64.0,1401.0,74.0,80.0,567.0,75.0,5715.0,3996.0,78591.0,8.0,0.0,0.0,0.0,0.0,8.0,9.0,0.0,0.0,9.0,0.0,0.0,9.0,0.0,0.0
12.0,0.0,13.0,0.0,0.0,1.0,6.0,0.0,67.0,7.0,0.0,0.090909,0.0,13.0,13.0,0.916667,0.076923,1.0,1.0,1.0,31.0,350.0,6541.0,696.0,80.0,567.0,75.0,5715.0,3996.0,78591.0,6.0,0.0,0.0,0.0,0.0,6.0,13.0,0.0,0.0,13.0,0.0,0.0,13.0,0.0,0.0
10.0,0.0,11.0,0.0,0.0,1.0,5.0,0.0,52.0,2.0,0.0,0.11111099999999999,0.0,11.0,11.0,0.9,0.090909,1.0,1.0,1.0,4.0,32.0,427.0,42.0,80.0,567.0,75.0,5715.0,3996.0,78591.0,5.0,0.0,0.0,0.0,0.0,5.0,11.0,0.0,0.0,11.0,0.0,0.0,11.0,0.0,0.0
14.0,0.0,14.0,0.0,0.0,0.0,7.0,0.0,68.0,68.0,0.0,0.076923,0.0,14.0,14.0,0.923077,0.0,0.0,1.0,0.0,9.0,47.0,1185.0,109.0,80.0,567.0,75.0,5715.0,3996.0,78591.0,7.0,0.0,0.0,0.0,0.0,7.0,15.0,0.0,0.0,15.0,0.0,0.0,15.0,0.0,0.0
14.0,0.0,14.0,0.0,0.0,0.0,7.0,0.0,68.0,68.0,0.0,0.076923,0.0,14.0,14.0,0.923077,0.0,0.0,1.0,0.0,7.0,14.0,516.0,56.0,80.0,567.0,75.0,5715.0,3996.0,78591.0,7.0,0.0,0.0,0.0,0.0,7.0,15.0,0.0,0.0,15.0,0.0,0.0,15.0,0.0,0.0
0.0,0.0,9.0,36.0,23.0,9.0,4.0,0.0,429.0,429.0,57.0,0.642857,26.0,75.0,50.0,0.78125,1.0,50.0,5.555556,5.555556,21.0,165.0,9721.0,166.0,29.0,338.0,90.0,5983.0,4284.0,92696.0,4.0,0.0,1.0,3.0,1.0,1.0,8.0,0.0,0.0,9.0,0.0,0.0,9.0,8.0,1.0
1.0,0.0,3.0,8.0,21.0,2.0,18.0,0.0,413.0,407.0,137.0,1.0,22.0,140.0,136.0,0.9722219999999999,0.666667,135.0,45.333333,67.5,21.0,165.0,9721.0,166.0,29.0,338.0,90.0,5983.0,4284.0,92696.0,13.0,5.0,2.0,2.0,1.0,15.0,3.0,0.0,0.0,3.0,0.0,0.0,3.0,1.0,1.0
4.0,0.0,4.0,0.0,0.0,0.0,2.0,0.0,20.0,0.0,0.0,0.333333,0.0,4.0,4.0,0.666667,0.0,0.0,1.0,0.0,22.0,492.0,6260.0,600.0,29.0,338.0,90.0,5983.0,4284.0,92696.0,0.0,0.0,0.0,0.0,0.0,2.0,2.0,0.0,0.0,5.0,0.0,0.0,5.0,0.0,0.0
6.0,0.0,6.0,0.0,0.0,0.0,3.0,0.0,28.0,28.0,0.0,0.2,0.0,6.0,6.0,0.8,0.0,0.0,1.0,0.0,22.0,492.0,6260.0,600.0,29.0,338.0,90.0,5983.0,4284.0,92696.0,3.0,0.0,0.0,0.0,0.0,3.0,7.0,0.0,0.0,7.0,0.0,0.0,7.0,0.0,0.0
0.0,0.0,1.0,0.0,0.0,1.0,17.0,0.0,69.0,69.0,0.0,1.0,0.0,1.0,1.0,0.0,0.0,1.0,1.0,1.0,11.0,431.0,3562.0,432.0,29.0,338.0,90.0,5983.0,4284.0,92696.0,0.0,0.0,17.0,17.0,17.0,0.0,0.0,1.0,0.0,1.0,0.0,0.0,1.0,0.0,0.0
0.0,0.0,1.0,0.0,0.0,1.0,42.0,0.0,79.0,79.0,0.0,1.0,0.0,1.0,1.0,0.0,0.0,1.0,1.0,1.0,11.0,431.0,3562.0,432.0,29.0,338.0,90.0,5983.0,4284.0,92696.0,0.0,0.0,42.0,42.0,42.0,0.0,0.0,1.0,0.0,1.0,0.0,0.0,1.0,0.0,0.0
14.0,0.0,14.0,0.0,0.0,0.0,7.0,0.0,59.0,59.0,0.0,0.076923,0.0,14.0,14.0,0.923077,0.0,0.0,1.0,0.0,32.0,426.0,5272.0,1009.0,29.0,338.0,90.0,5983.0,4284.0,92696.0,7.0,0.0,0.0,0.0,0.0,7.0,15.0,0.0,0.0,15.0,0.0,0.0,15.0,0.0,0.0
42.0,0.0,42.0,0.0,0.0,0.0,26.0,0.0,204.0,204.0,0.0,0.024390000000000002,1.0,42.0,42.0,0.984991,0.0,0.0,1.0,0.0,32.0,426.0,5272.0,1009.0,29.0,338.0,90.0,5983.0,4284.0,92696.0,21.0,0.0,5.0,5.0,5.0,21.0,43.0,0.0,0.0,43.0,0.0,0.0,43.0,0.0,0.0
14.0,0.0,14.0,0.0,0.0,0.0,7.0,0.0,59.0,59.0,0.0,0.076923,0.0,14.0,14.0,0.923077,0.0,0.0,1.0,0.0,32.0,426.0,5272.0,1009.0,29.0,338.0,90.0,5983.0,4284.0,92696.0,7.0,0.0,0.0,0.0,0.0,7.0,14.0,0.0,0.0,14.0,0.0,0.0,14.0,0.0,0.0
1.0,1.0,52.0,13.0,19.0,51.0,37.0,-1.0,1320.0,1315.0,94.0,0.272727,29.0,162.0,135.0,0.966084,-1.0,134.0,2.5961540000000003,2.6274509999999998,34.0,356.0,8244.0,383.0,45.0,649.0,50.0,5366.0,4947.0,94240.0,6.0,19.0,18.0,23.0,18.0,14.0,22.0,18.0,11.0,46.0,1.0,1.0,51.0,50.0,1.0
0.0,3.0,1.0,0.0,5.0,1.0,11.0,536.0,117.0,117.0,7.0,1.0,2.0,8.0,8.0,0.0,0.083333,8.0,8.0,8.0,114.0,326.0,5423.0,440.0,54.0,959.0,115.0,5518.0,4398.0,58718.0,0.0,0.0,7.0,10.0,7.0,1.0,1.0,0.0,0.0,1.0,0.0,0.0,1.0,0.0,0.0
8.0,0.0,9.0,0.0,8.0,1.0,9.0,0.0,47.0,7.0,8.0,0.0,10.0,17.0,9.0,1.0,0.11111099999999999,1.0,1.0,1.0,9.0,39.0,266.0,47.0,54.0,959.0,115.0,5518.0,4398.0,58718.0,9.0,0.0,0.0,0.0,0.0,9.0,9.0,0.0,0.0,9.0,0.0,0.0,9.0,0.0,0.0
6.0,0.0,7.0,0.0,1.0,1.0,6.0,0.0,41.0,11.0,4.0,0.0,1.0,11.0,7.0,1.0,0.0,1.0,1.0,1.0,13.0,115.0,1249.0,179.0,54.0,959.0,115.0,5518.0,4398.0,58718.0,6.0,0.0,6.0,0.0,0.0,0.0,6.0,0.0,0.0,7.0,0.0,0.0,7.0,0.0,0.0
3.0,0.0,4.0,0.0,0.0,1.0,3.0,0.0,22.0,7.0,0.0,0.0,0.0,4.0,4.0,1.0,0.14285699999999998,1.0,1.0,1.0,23.0,118.0,1473.0,146.0,54.0,959.0,115.0,5518.0,4398.0,58718.0,0.0,0.0,0.0,0.0,0.0,3.0,4.0,0.0,0.0,4.0,0.0,0.0,4.0,0.0,0.0
5.0,4.0,45.0,28.0,32.0,40.0,26.0,8.0,1134.0,1029.0,78.0,0.161905,35.0,155.0,172.0,0.957168,0.6,150.0,3.822222,3.75,92.0,431.0,6097.0,576.0,54.0,959.0,115.0,5518.0,4398.0,58718.0,22.0,0.0,5.0,6.0,5.0,20.0,16.0,29.0,0.0,44.0,0.0,0.0,44.0,39.0,1.0
0.0,0.0,9.0,1.0,4.0,9.0,0.0,3.0,82.0,82.0,3.0,0.0,12.0,20.0,10.0,0.0,1.0,10.0,1.111111,1.111111,16.0,79.0,921.0,95.0,43.0,849.0,78.0,5788.0,4778.0,65687.0,0.0,0.0,0.0,0.0,0.0,0.0,9.0,0.0,0.0,9.0,0.0,0.0,9.0,8.0,0.0
8.0,0.0,9.0,0.0,0.0,1.0,4.0,0.0,43.0,43.0,0.0,0.28571399999999997,2.0,9.0,11.0,0.875,0.11111099999999999,1.0,1.222222,1.0,78.0,319.0,3615.0,375.0,43.0,849.0,78.0,5788.0,4778.0,65687.0,4.0,0.0,0.0,0.0,0.0,4.0,9.0,0.0,0.0,9.0,0.0,0.0,9.0,0.0,0.0
4.0,0.0,8.0,0.0,0.0,4.0,4.0,0.0,40.0,20.0,0.0,0.333333,0.0,8.0,9.0,0.857143,0.5,5.0,1.125,1.25,16.0,74.0,1295.0,78.0,88.0,862.0,52.0,5959.0,5541.0,71486.0,4.0,0.0,2.0,0.0,0.0,2.0,8.0,0.0,0.0,8.0,0.0,0.0,8.0,2.0,0.0
0.0,0.0,6.0,0.0,0.0,6.0,2.0,0.0,33.0,33.0,0.0,1.0,0.0,6.0,7.0,0.9,1.0,7.0,1.166667,1.166667,2.0,28.0,293.0,31.0,88.0,862.0,52.0,5959.0,5541.0,71486.0,2.0,0.0,2.0,1.0,1.0,0.0,3.0,1.0,2.0,6.0,0.0,0.0,6.0,3.0,0.0
3.0,0.0,5.0,0.0,0.0,2.0,7.0,0.0,56.0,41.0,0.0,0.0,0.0,5.0,5.0,1.0,0.22222199999999998,2.0,1.0,1.0,5.0,32.0,366.0,40.0,88.0,862.0,52.0,5959.0,5541.0,71486.0,3.0,0.0,4.0,4.0,4.0,3.0,5.0,0.0,0.0,5.0,0.0,0.0,5.0,0.0,0.0
7.0,0.0,8.0,0.0,0.0,1.0,7.0,0.0,47.0,12.0,0.0,0.0,0.0,8.0,8.0,1.0,0.125,1.0,1.0,1.0,3.0,11.0,224.0,24.0,88.0,862.0,52.0,5959.0,5541.0,71486.0,7.0,0.0,0.0,0.0,0.0,7.0,8.0,0.0,0.0,8.0,0.0,0.0,8.0,0.0,0.0
6.0,0.0,8.0,4.0,3.0,2.0,0.0,43.0,85.0,21.0,4.0,0.0,13.0,58.0,10.0,0.0,0.25,4.0,1.25,2.0,6.0,20.0,453.0,35.0,24.0,497.0,38.0,5768.0,4374.0,117757.0,0.0,0.0,0.0,0.0,0.0,0.0,8.0,0.0,0.0,8.0,0.0,0.0,8.0,0.0,0.0
20.0,0.0,25.0,2.0,1.0,5.0,11.0,0.0,214.0,114.0,2.0,0.202899,3.0,29.0,28.0,0.882576,0.19230799999999998,8.0,1.12,1.6,24.0,154.0,3513.0,212.0,24.0,497.0,38.0,5768.0,4374.0,117757.0,10.0,0.0,1.0,1.0,1.0,10.0,25.0,0.0,0.0,25.0,1.0,1.0,24.0,4.0,0.0
6.0,0.0,7.0,6.0,1.0,1.0,0.0,43.0,77.0,3.0,2.0,0.0,15.0,55.0,7.0,0.0,0.14285699999999998,1.0,1.0,1.0,13.0,23.0,738.0,62.0,24.0,497.0,38.0,5768.0,4374.0,117757.0,0.0,0.0,0.0,0.0,0.0,0.0,7.0,0.0,0.0,7.0,0.0,0.0,7.0,0.0,0.0
6.0,0.0,7.0,6.0,1.0,1.0,0.0,43.0,76.0,3.0,2.0,0.0,14.0,55.0,7.0,0.0,0.14285699999999998,1.0,1.0,1.0,13.0,23.0,738.0,62.0,24.0,497.0,38.0,5768.0,4374.0,117757.0,0.0,0.0,0.0,0.0,0.0,0.0,7.0,0.0,0.0,7.0,0.0,0.0,7.0,0.0,0.0
54.0,0.0,105.0,14.0,27.0,51.0,65.0,-1.0,1950.0,1339.0,49.0,0.04601,38.0,154.0,263.0,0.9930469999999999,-1.0,202.0,2.504762,3.960784,42.0,592.0,13290.0,817.0,24.0,497.0,38.0,5768.0,4374.0,117757.0,6.0,34.0,24.0,25.0,24.0,40.0,102.0,1.0,2.0,105.0,16.0,16.0,89.0,49.0,1.0
0.0,0.0,1.0,0.0,1.0,1.0,15.0,63.0,38.0,38.0,1.0,1.0,3.0,12.0,1.0,0.0,0.06666699999999999,1.0,1.0,1.0,10.0,53.0,916.0,55.0,24.0,497.0,38.0,5768.0,4374.0,117757.0,1.0,0.0,15.0,15.0,15.0,0.0,1.0,0.0,0.0,1.0,0.0,0.0,1.0,0.0,0.0
9.0,0.0,12.0,0.0,1.0,3.0,10.0,0.0,147.0,57.0,1.0,0.0,2.0,13.0,12.0,1.0,0.25,3.0,1.0,1.0,54.0,179.0,2936.0,197.0,24.0,497.0,38.0,5768.0,4374.0,117757.0,0.0,0.0,0.0,0.0,0.0,10.0,12.0,0.0,0.0,12.0,0.0,0.0,12.0,1.0,0.0
37.0,0.0,63.0,63.0,20.0,26.0,55.0,0.0,1562.0,1079.0,56.0,0.311475,23.0,168.0,263.0,0.9595309999999999,0.28985500000000003,216.0,4.174603,8.307692,245.0,2644.0,73431.0,3557.0,24.0,497.0,38.0,5768.0,4374.0,117757.0,10.0,32.0,16.0,16.0,16.0,39.0,56.0,1.0,6.0,63.0,6.0,6.0,57.0,25.0,1.0
18.0,1.0,64.0,126.0,50.0,46.0,22.0,154.0,1635.0,1395.0,178.0,0.330216,93.0,555.0,372.0,0.955267,0.44444399999999995,335.0,5.8125,7.282609,245.0,2644.0,73431.0,3557.0,24.0,497.0,38.0,5768.0,4374.0,117757.0,1.0,14.0,0.0,0.0,0.0,22.0,18.0,4.0,4.0,64.0,2.0,2.0,62.0,45.0,1.0
25.0,4.0,76.0,163.0,60.0,51.0,49.0,35.0,2345.0,2147.0,227.0,0.405045,65.0,420.0,393.0,0.9610879999999999,0.722222,363.0,5.171053,7.117647,245.0,2644.0,73431.0,3557.0,24.0,497.0,38.0,5768.0,4374.0,117757.0,1.0,45.0,2.0,2.0,2.0,47.0,18.0,0.0,11.0,76.0,0.0,0.0,76.0,50.0,1.0
8.0,3.0,42.0,26.0,20.0,34.0,28.0,67.0,1513.0,1371.0,47.0,0.356275,29.0,167.0,273.0,0.924216,0.5,250.0,6.5,7.352941,245.0,2644.0,73431.0,3557.0,24.0,497.0,38.0,5768.0,4374.0,117757.0,0.0,27.0,1.0,1.0,1.0,27.0,12.0,1.0,14.0,42.0,2.0,2.0,40.0,32.0,1.0
19.0,1.0,139.0,169.0,35.0,120.0,46.0,0.0,3585.0,3336.0,133.0,0.468492,39.0,302.0,742.0,0.977158,0.833333,703.0,5.338129,5.858333,245.0,2644.0,73431.0,3557.0,24.0,497.0,38.0,5768.0,4374.0,117757.0,13.0,28.0,3.0,4.0,3.0,42.0,101.0,9.0,21.0,138.0,24.0,24.0,114.0,108.0,1.0
3.0,4.0,40.0,13.0,20.0,37.0,18.0,-1.0,1093.0,1062.0,30.0,0.011765000000000001,21.0,78.0,93.0,1.0,-1.0,90.0,2.325,2.432432,27.0,175.0,3728.0,200.0,28.0,1037.0,62.0,6560.0,5860.0,138536.0,5.0,0.0,13.0,15.0,13.0,3.0,35.0,2.0,3.0,40.0,4.0,4.0,36.0,34.0,0.0
11.0,18.0,53.0,35.0,50.0,42.0,39.0,518.0,2060.0,1951.0,91.0,0.262626,39.0,168.0,185.0,0.9714,0.622642,167.0,3.4905660000000003,3.9761900000000003,57.0,199.0,5441.0,224.0,28.0,1037.0,62.0,6560.0,5860.0,138536.0,26.0,0.0,12.0,12.0,12.0,27.0,42.0,6.0,0.0,53.0,4.0,4.0,49.0,40.0,1.0
20.0,6.0,85.0,47.0,33.0,65.0,35.0,102.0,2167.0,1901.0,105.0,0.23843000000000003,54.0,350.0,279.0,0.977891,0.625,242.0,3.282353,3.7230769999999995,123.0,1029.0,25957.0,1144.0,28.0,1037.0,62.0,6560.0,5860.0,138536.0,21.0,0.0,21.0,20.0,20.0,14.0,68.0,10.0,4.0,85.0,2.0,2.0,83.0,64.0,1.0
21.0,2.0,117.0,27.0,21.0,96.0,24.0,0.0,2711.0,2424.0,70.0,0.409842,25.0,208.0,334.0,0.968032,0.757576,299.0,2.854701,3.114583,24.0,249.0,5150.0,285.0,28.0,1037.0,62.0,6560.0,5860.0,138536.0,17.0,3.0,7.0,4.0,4.0,17.0,95.0,5.0,17.0,117.0,0.0,0.0,117.0,94.0,1.0
0.0,0.0,1.0,0.0,1.0,1.0,7.0,29.0,13.0,13.0,1.0,1.0,3.0,42.0,1.0,0.0,0.125,1.0,1.0,1.0,21.0,71.0,1801.0,106.0,183.0,1188.0,117.0,6818.0,5763.0,109035.0,0.0,0.0,7.0,7.0,7.0,0.0,1.0,0.0,0.0,1.0,0.0,0.0,1.0,0.0,0.0
0.0,0.0,1.0,0.0,1.0,1.0,21.0,29.0,33.0,33.0,1.0,1.0,3.0,42.0,1.0,0.0,0.045455,1.0,1.0,1.0,21.0,71.0,1801.0,106.0,183.0,1188.0,117.0,6818.0,5763.0,109035.0,0.0,0.0,21.0,21.0,21.0,0.0,1.0,0.0,0.0,1.0,0.0,0.0,1.0,0.0,0.0
0.0,0.0,1.0,0.0,1.0,1.0,19.0,29.0,67.0,67.0,1.0,1.0,3.0,42.0,1.0,0.0,0.05,1.0,1.0,1.0,21.0,71.0,1801.0,106.0,183.0,1188.0,117.0,6818.0,5763.0,109035.0,0.0,0.0,19.0,19.0,19.0,0.0,1.0,0.0,0.0,1.0,0.0,0.0,1.0,0.0,0.0
0.0,0.0,1.0,0.0,1.0,1.0,8.0,29.0,42.0,42.0,1.0,1.0,3.0,42.0,1.0,0.0,0.11111099999999999,1.0,1.0,1.0,21.0,71.0,1801.0,106.0,183.0,1188.0,117.0,6818.0,5763.0,109035.0,0.0,0.0,8.0,8.0,8.0,0.0,1.0,0.0,0.0,1.0,0.0,0.0,1.0,0.0,0.0
0.0,0.0,1.0,0.0,1.0,1.0,6.0,29.0,13.0,13.0,1.0,1.0,3.0,42.0,1.0,0.0,0.14285699999999998,1.0,1.0,1.0,21.0,71.0,1801.0,106.0,183.0,1188.0,117.0,6818.0,5763.0,109035.0,0.0,0.0,6.0,6.0,6.0,0.0,1.0,0.0,0.0,1.0,0.0,0.0,1.0,0.0,0.0
7.0,0.0,46.0,14.0,30.0,39.0,6.0,98.0,1091.0,997.0,80.0,0.41538500000000006,40.0,217.0,132.0,0.959259,0.8857139999999999,119.0,2.869565,3.051282,7.0,67.0,1589.0,79.0,183.0,1188.0,117.0,6818.0,5763.0,109035.0,5.0,1.0,1.0,1.0,1.0,5.0,35.0,4.0,7.0,46.0,1.0,1.0,45.0,37.0,1.0
0.0,0.0,46.0,18.0,20.0,46.0,4.0,0.0,1837.0,1837.0,48.0,0.318182,24.0,102.0,275.0,0.9444440000000001,1.0,275.0,5.978261,5.978261,4.0,72.0,2491.0,72.0,64.0,968.0,54.0,7232.0,6313.0,104357.0,4.0,0.0,1.0,1.0,1.0,3.0,13.0,33.0,0.0,46.0,3.0,3.0,43.0,45.0,1.0
6.0,0.0,8.0,0.0,0.0,2.0,4.0,15.0,64.0,23.0,0.0,0.6,0.0,23.0,8.0,0.714286,0.166667,2.0,1.0,1.0,22.0,265.0,5628.0,291.0,64.0,968.0,54.0,7232.0,6313.0,104357.0,0.0,0.0,0.0,0.0,0.0,4.0,8.0,0.0,0.0,8.0,0.0,0.0,8.0,0.0,0.0
5.0,0.0,7.0,0.0,0.0,2.0,4.0,15.0,57.0,24.0,0.0,0.4,0.0,22.0,7.0,0.833333,0.181818,2.0,1.0,1.0,22.0,265.0,5628.0,291.0,64.0,968.0,54.0,7232.0,6313.0,104357.0,0.0,0.0,0.0,0.0,0.0,4.0,7.0,0.0,0.0,7.0,0.0,0.0,7.0,0.0,0.0
0.0,1.0,66.0,64.0,17.0,66.0,12.0,0.0,3363.0,3363.0,54.0,0.230769,22.0,126.0,518.0,0.921795,1.0,518.0,7.848485,7.848485,8.0,210.0,5947.0,221.0,64.0,968.0,54.0,7232.0,6313.0,104357.0,12.0,0.0,2.0,2.0,2.0,10.0,16.0,50.0,0.0,66.0,4.0,4.0,62.0,64.0,1.0
0.0,0.0,1.0,8.0,0.0,1.0,10.0,0.0,270.0,270.0,0.0,1.0,3.0,1.0,1.0,0.0,0.0,1.0,1.0,1.0,31.0,132.0,2750.0,171.0,64.0,968.0,54.0,7232.0,6313.0,104357.0,0.0,0.0,10.0,10.0,10.0,0.0,0.0,1.0,0.0,1.0,0.0,0.0,1.0,0.0,0.0
0.0,2.0,1.0,0.0,0.0,1.0,7.0,0.0,41.0,41.0,0.0,1.0,0.0,1.0,1.0,0.0,0.0,1.0,1.0,1.0,17.0,73.0,1448.0,94.0,64.0,968.0,54.0,7232.0,6313.0,104357.0,0.0,0.0,7.0,7.0,7.0,0.0,0.0,1.0,0.0,1.0,0.0,0.0,1.0,0.0,0.0
8.0,1.0,38.0,30.0,22.0,30.0,8.0,49.0,1075.0,989.0,40.0,0.326437,49.0,174.0,164.0,0.9054049999999999,0.702703,151.0,4.315789,5.033333,68.0,681.0,16486.0,924.0,22.0,799.0,32.0,6880.0,5602.0,136533.0,5.0,0.0,5.0,5.0,5.0,3.0,34.0,3.0,1.0,38.0,2.0,2.0,36.0,25.0,1.0
22.0,1.0,54.0,26.0,23.0,32.0,16.0,25.0,1614.0,1257.0,42.0,0.44237600000000005,44.0,158.0,271.0,0.766038,0.55102,209.0,5.018519,6.53125,68.0,681.0,16486.0,924.0,22.0,799.0,32.0,6880.0,5602.0,136533.0,2.0,0.0,2.0,2.0,2.0,14.0,49.0,3.0,1.0,51.0,5.0,5.0,46.0,29.0,1.0
3.0,0.0,23.0,71.0,16.0,20.0,16.0,0.0,1054.0,1030.0,51.0,0.49090900000000004,21.0,86.0,192.0,0.8272729999999999,0.6,189.0,8.347826,9.45,55.0,301.0,10173.0,328.0,22.0,799.0,32.0,6880.0,5602.0,136533.0,15.0,0.0,0.0,0.0,0.0,16.0,9.0,11.0,0.0,23.0,0.0,0.0,23.0,19.0,1.0
3.0,8.0,34.0,119.0,67.0,31.0,107.0,0.0,2633.0,2410.0,140.0,0.501894,74.0,219.0,442.0,0.692037,0.36,404.0,13.0,13.032258,55.0,301.0,10173.0,328.0,22.0,799.0,32.0,6880.0,5602.0,136533.0,0.0,94.0,13.0,13.0,13.0,94.0,12.0,0.0,22.0,34.0,0.0,0.0,34.0,30.0,1.0
13.0,0.0,14.0,0.0,0.0,1.0,13.0,0.0,121.0,4.0,0.0,0.0,1.0,14.0,14.0,0.876923,0.07142899999999999,1.0,1.0,1.0,14.0,54.0,2883.0,67.0,22.0,799.0,32.0,6880.0,5602.0,136533.0,0.0,0.0,0.0,0.0,0.0,13.0,14.0,0.0,0.0,14.0,0.0,0.0,14.0,0.0,0.0
8.0,0.0,10.0,0.0,0.0,2.0,4.0,0.0,74.0,26.0,0.0,0.333333,0.0,10.0,10.0,0.777778,0.2,2.0,1.0,1.0,7.0,31.0,574.0,40.0,22.0,799.0,32.0,6880.0,5602.0,136533.0,4.0,0.0,0.0,0.0,0.0,4.0,10.0,0.0,0.0,10.0,0.0,0.0,10.0,1.0,0.0
1.0,4.0,14.0,8.0,9.0,13.0,11.0,7.0,1176.0,1154.0,12.0,0.3,8.0,40.0,98.0,0.8461540000000001,0.833333,97.0,7.0,7.461538000000001,45.0,251.0,8451.0,293.0,22.0,799.0,32.0,6880.0,5602.0,136533.0,10.0,0.0,1.0,1.0,1.0,10.0,6.0,8.0,0.0,14.0,2.0,2.0,12.0,12.0,1.0
3.0,8.0,33.0,87.0,37.0,30.0,57.0,0.0,3563.0,3455.0,85.0,0.577778,42.0,161.0,382.0,0.787716,0.4375,362.0,11.575758,12.066667,15.0,74.0,3924.0,84.0,22.0,799.0,32.0,6880.0,5602.0,136533.0,51.0,0.0,7.0,7.0,7.0,50.0,10.0,22.0,0.0,33.0,0.0,0.0,33.0,29.0,1.0
1.0,0.0,11.0,28.0,8.0,10.0,12.0,0.0,1257.0,1248.0,20.0,1.0,13.0,43.0,293.0,0.722222,0.28571399999999997,292.0,26.636364,29.2,154.0,1184.0,31219.0,1423.0,22.0,799.0,32.0,6880.0,5602.0,136533.0,8.0,0.0,4.0,4.0,4.0,8.0,3.0,8.0,0.0,11.0,0.0,0.0,11.0,9.0,1.0
12.0,0.0,42.0,10.0,2.0,30.0,54.0,0.0,1055.0,986.0,5.0,0.224638,2.0,47.0,195.0,0.978771,0.368421,183.0,4.642857,6.1,3.0,44.0,1190.0,56.0,22.0,465.0,54.0,7652.0,6749.0,171667.0,42.0,0.0,28.0,29.0,28.0,25.0,26.0,16.0,0.0,35.0,9.0,9.0,26.0,28.0,1.0
0.0,0.0,43.0,47.0,10.0,43.0,1.0,87.0,1527.0,1527.0,36.0,0.06387899999999999,37.0,183.0,322.0,0.833333,0.9767440000000001,322.0,7.488372,7.488372,28.0,660.0,12014.0,710.0,22.0,465.0,54.0,7652.0,6749.0,171667.0,0.0,0.0,1.0,0.0,0.0,0.0,42.0,0.0,0.0,43.0,7.0,7.0,36.0,42.0,1.0
0.0,0.0,11.0,89.0,30.0,11.0,0.0,183.0,1147.0,1147.0,90.0,0.0,77.0,427.0,161.0,0.0,0.0,161.0,14.636364000000002,14.636364000000002,106.0,2196.0,69768.0,2620.0,22.0,465.0,54.0,7652.0,6749.0,171667.0,0.0,0.0,0.0,0.0,0.0,0.0,0.0,2.0,0.0,11.0,1.0,1.0,10.0,10.0,1.0
10.0,0.0,67.0,100.0,38.0,57.0,36.0,20.0,2216.0,2100.0,152.0,0.414966,56.0,268.0,422.0,0.9196129999999999,0.48484799999999995,401.0,6.298507,7.035088000000001,106.0,2196.0,69768.0,2620.0,22.0,465.0,54.0,7652.0,6749.0,171667.0,19.0,0.0,1.0,1.0,1.0,35.0,23.0,16.0,0.0,67.0,1.0,1.0,66.0,55.0,1.0
1.0,0.0,37.0,68.0,19.0,36.0,2.0,71.0,1836.0,1825.0,63.0,0.005848,56.0,219.0,468.0,1.0,0.833333,465.0,12.648649,12.916667,106.0,2196.0,69768.0,2620.0,22.0,465.0,54.0,7652.0,6749.0,171667.0,0.0,0.0,0.0,0.0,0.0,2.0,6.0,11.0,1.0,37.0,2.0,2.0,35.0,29.0,1.0
1.0,0.0,10.0,181.0,28.0,9.0,70.0,79.0,2084.0,2043.0,69.0,0.277778,68.0,237.0,508.0,0.8444440000000001,0.583333,504.0,50.8,56.0,106.0,2196.0,69768.0,2620.0,22.0,465.0,54.0,7652.0,6749.0,171667.0,64.0,0.0,67.0,67.0,67.0,3.0,8.0,1.0,0.0,10.0,4.0,4.0,6.0,8.0,1.0
0.0,0.0,86.0,332.0,50.0,86.0,3.0,220.0,4973.0,4973.0,193.0,0.005445,108.0,755.0,695.0,0.968627,0.0,695.0,8.081395,8.081395,106.0,2196.0,69768.0,2620.0,22.0,465.0,54.0,7652.0,6749.0,171667.0,0.0,0.0,3.0,3.0,3.0,0.0,0.0,27.0,0.0,86.0,2.0,2.0,84.0,85.0,1.0
13.0,0.0,20.0,2.0,0.0,7.0,10.0,0.0,99.0,32.0,0.0,0.130719,2.0,20.0,21.0,0.942105,0.352941,8.0,1.05,1.142857,106.0,2196.0,69768.0,2620.0,22.0,465.0,54.0,7652.0,6749.0,171667.0,6.0,4.0,0.0,0.0,0.0,10.0,17.0,0.0,2.0,20.0,0.0,0.0,20.0,5.0,0.0
14.0,0.0,81.0,79.0,32.0,67.0,28.0,0.0,1854.0,1731.0,75.0,0.43956000000000006,48.0,163.0,390.0,0.9566959999999999,0.814815,369.0,4.814815,5.5074629999999996,106.0,2196.0,69768.0,2620.0,22.0,465.0,54.0,7652.0,6749.0,171667.0,1.0,5.0,13.0,13.0,13.0,15.0,23.0,0.0,1.0,81.0,7.0,7.0,74.0,64.0,1.0
2.0,0.0,19.0,123.0,41.0,17.0,4.0,33.0,1268.0,1217.0,99.0,0.28571399999999997,52.0,181.0,257.0,1.0,1.0,245.0,13.526316,14.411764999999999,106.0,2196.0,69768.0,2620.0,22.0,465.0,54.0,7652.0,6749.0,171667.0,0.0,0.0,0.0,0.0,0.0,4.0,3.0,8.0,0.0,19.0,3.0,3.0,16.0,13.0,1.0
1.0,0.0,3.0,0.0,0.0,2.0,17.0,0.0,47.0,33.0,0.0,1.0,1.0,3.0,3.0,1.0,0.0,2.0,1.0,1.0,106.0,2196.0,69768.0,2620.0,22.0,465.0,54.0,7652.0,6749.0,171667.0,0.0,0.0,8.0,8.0,8.0,9.0,0.0,0.0,0.0,3.0,0.0,0.0,3.0,0.0,0.0
0.0,0.0,22.0,77.0,31.0,22.0,4.0,58.0,1261.0,1261.0,77.0,0.073529,57.0,224.0,198.0,0.9523809999999999,1.0,198.0,9.0,9.0,106.0,2196.0,69768.0,2620.0,22.0,465.0,54.0,7652.0,6749.0,171667.0,0.0,0.0,0.0,0.0,0.0,4.0,1.0,0.0,0.0,22.0,3.0,3.0,19.0,17.0,1.0
31.0,0.0,67.0,63.0,25.0,36.0,40.0,0.0,1012.0,849.0,42.0,0.15625,36.0,123.0,174.0,0.972348,0.43076899999999996,143.0,2.5970150000000003,3.972222,106.0,2196.0,69768.0,2620.0,22.0,465.0,54.0,7652.0,6749.0,171667.0,4.0,0.0,10.0,9.0,9.0,30.0,57.0,1.0,0.0,67.0,6.0,6.0,61.0,34.0,1.0
0.0,0.0,73.0,123.0,49.0,73.0,1.0,34.0,6908.0,6908.0,158.0,0.006036,73.0,396.0,496.0,0.9444440000000001,0.0,496.0,6.7945210000000005,6.7945210000000005,4.0,121.0,10893.0,123.0,22.0,465.0,54.0,7652.0,6749.0,171667.0,0.0,0.0,1.0,1.0,1.0,0.0,0.0,1.0,1.0,73.0,0.0,0.0,73.0,72.0,1.0
10.0,1.0,61.0,25.0,15.0,51.0,22.0,0.0,1606.0,1544.0,43.0,0.23502800000000001,21.0,110.0,226.0,0.960606,0.782609,216.0,3.704918,4.235294000000001,5.0,168.0,2931.0,188.0,22.0,465.0,54.0,7652.0,6749.0,171667.0,8.0,5.0,15.0,1.0,1.0,7.0,46.0,0.0,0.0,61.0,0.0,0.0,61.0,50.0,1.0
0.0,0.0,1.0,0.0,0.0,1.0,57.0,0.0,65.0,65.0,0.0,1.0,0.0,1.0,1.0,0.0,0.0,1.0,1.0,1.0,37.0,124.0,2575.0,154.0,110.0,909.0,77.0,8059.0,6366.0,113375.0,0.0,0.0,57.0,57.0,57.0,0.0,0.0,1.0,0.0,1.0,0.0,0.0,1.0,0.0,0.0
3.0,2.0,17.0,22.0,25.0,14.0,6.0,33.0,1040.0,933.0,70.0,0.194444,28.0,140.0,139.0,0.947917,1.0,125.0,8.176471000000001,8.928571,35.0,283.0,7389.0,383.0,110.0,909.0,77.0,8059.0,6366.0,113375.0,5.0,0.0,5.0,5.0,5.0,1.0,2.0,7.0,8.0,17.0,1.0,1.0,16.0,13.0,1.0
35.0,1.0,112.0,27.0,26.0,77.0,66.0,-1.0,1626.0,1321.0,77.0,0.103862,34.0,229.0,246.0,0.993721,-1.0,188.0,2.196429,2.441558,35.0,283.0,7389.0,383.0,110.0,909.0,77.0,8059.0,6366.0,113375.0,24.0,4.0,64.0,65.0,64.0,1.0,98.0,4.0,9.0,111.0,5.0,5.0,107.0,76.0,1.0
6.0,0.0,6.0,0.0,0.0,0.0,3.0,0.0,52.0,1.0,0.0,0.2,1.0,6.0,6.0,0.8,0.0,0.0,1.0,0.0,10.0,69.0,1943.0,81.0,110.0,909.0,77.0,8059.0,6366.0,113375.0,3.0,0.0,0.0,0.0,0.0,3.0,6.0,0.0,0.0,6.0,0.0,0.0,6.0,0.0,0.0
9.0,10.0,52.0,37.0,32.0,43.0,65.0,0.0,3148.0,2982.0,55.0,0.283391,28.0,125.0,359.0,0.9707389999999999,0.717949,329.0,6.903846000000001,7.651163,39.0,360.0,17417.0,425.0,40.0,789.0,155.0,9246.0,7348.0,188289.0,23.0,39.0,37.0,33.0,30.0,25.0,36.0,8.0,3.0,49.0,9.0,8.0,41.0,41.0,1.0
0.0,0.0,1.0,0.0,0.0,1.0,13.0,0.0,43.0,43.0,0.0,1.0,0.0,1.0,1.0,0.0,0.0,1.0,1.0,1.0,39.0,360.0,17417.0,425.0,40.0,789.0,155.0,9246.0,7348.0,188289.0,0.0,0.0,13.0,10.0,10.0,0.0,0.0,1.0,0.0,1.0,0.0,0.0,1.0,0.0,0.0
7.0,3.0,33.0,32.0,18.0,26.0,47.0,23.0,1801.0,1668.0,65.0,0.301075,24.0,145.0,182.0,0.956782,0.666667,165.0,5.515152,6.346154,39.0,360.0,17417.0,425.0,40.0,789.0,155.0,9246.0,7348.0,188289.0,13.0,34.0,33.0,21.0,21.0,14.0,15.0,1.0,17.0,31.0,0.0,0.0,31.0,25.0,1.0
2.0,0.0,30.0,20.0,9.0,28.0,33.0,-1.0,1421.0,1380.0,42.0,0.28325100000000003,15.0,75.0,242.0,0.951933,-1.0,231.0,8.066667,8.25,39.0,360.0,17417.0,425.0,40.0,789.0,155.0,9246.0,7348.0,188289.0,4.0,29.0,21.0,16.0,16.0,12.0,7.0,1.0,22.0,30.0,0.0,0.0,30.0,28.0,1.0
10.0,0.0,53.0,46.0,12.0,43.0,40.0,0.0,1662.0,1562.0,82.0,0.477891,25.0,138.0,227.0,0.951442,0.782609,217.0,4.283019,5.046512,19.0,244.0,8367.0,299.0,40.0,789.0,155.0,9246.0,7348.0,188289.0,15.0,25.0,18.0,14.0,14.0,22.0,46.0,3.0,4.0,53.0,1.0,1.0,52.0,42.0,1.0
7.0,0.0,49.0,70.0,27.0,42.0,66.0,0.0,2030.0,1961.0,66.0,0.404878,37.0,130.0,261.0,0.958965,0.8064520000000001,254.0,5.326531,6.047619,19.0,244.0,8367.0,299.0,40.0,789.0,155.0,9246.0,7348.0,188289.0,28.0,38.0,25.0,18.0,18.0,41.0,31.0,7.0,10.0,46.0,0.0,0.0,46.0,41.0,1.0
8.0,0.0,9.0,0.0,0.0,1.0,4.0,0.0,118.0,6.0,0.0,0.14285699999999998,0.0,9.0,9.0,0.875,0.11111099999999999,1.0,1.0,1.0,84.0,888.0,26974.0,1159.0,40.0,789.0,155.0,9246.0,7348.0,188289.0,0.0,4.0,0.0,0.0,0.0,4.0,9.0,0.0,0.0,9.0,0.0,0.0,9.0,0.0,0.0
16.0,0.0,21.0,0.0,0.0,5.0,8.0,0.0,335.0,121.0,0.0,0.06666699999999999,0.0,21.0,21.0,0.95,0.23809499999999997,5.0,1.0,1.0,84.0,888.0,26974.0,1159.0,40.0,789.0,155.0,9246.0,7348.0,188289.0,0.0,8.0,0.0,0.0,0.0,8.0,21.0,0.0,0.0,21.0,0.0,0.0,21.0,0.0,0.0
4.0,2.0,60.0,23.0,15.0,56.0,8.0,181.0,1399.0,1339.0,31.0,0.337979,43.0,348.0,215.0,0.9152540000000001,1.0,206.0,3.583333,3.678571,84.0,888.0,26974.0,1159.0,40.0,789.0,155.0,9246.0,7348.0,188289.0,0.0,6.0,1.0,1.0,1.0,7.0,12.0,14.0,11.0,60.0,0.0,0.0,60.0,52.0,1.0
6.0,0.0,11.0,0.0,0.0,5.0,6.0,0.0,127.0,77.0,0.0,0.0,0.0,11.0,11.0,1.0,0.294118,5.0,1.0,1.0,84.0,888.0,26974.0,1159.0,40.0,789.0,155.0,9246.0,7348.0,188289.0,0.0,0.0,0.0,0.0,0.0,6.0,11.0,0.0,0.0,11.0,0.0,0.0,11.0,0.0,0.0
12.0,0.0,16.0,0.0,1.0,4.0,6.0,0.0,214.0,108.0,3.0,0.090909,1.0,19.0,16.0,0.933333,0.25,4.0,1.0,1.0,3.0,39.0,1026.0,76.0,40.0,789.0,155.0,9246.0,7348.0,188289.0,0.0,6.0,0.0,0.0,0.0,6.0,16.0,0.0,0.0,16.0,0.0,0.0,16.0,0.0,0.0
6.0,3.0,120.0,142.0,68.0,114.0,120.0,0.0,4156.0,4115.0,161.0,0.4,84.0,345.0,729.0,0.9830530000000001,0.466667,721.0,6.075,6.324561,29.0,275.0,11366.0,285.0,40.0,789.0,155.0,9246.0,7348.0,188289.0,62.0,20.0,40.0,40.0,40.0,80.0,10.0,78.0,13.0,119.0,0.0,0.0,119.0,112.0,1.0
1.0,0.0,11.0,146.0,16.0,10.0,103.0,0.0,1648.0,1624.0,26.0,0.47222200000000003,24.0,39.0,165.0,1.0,0.166667,162.0,15.0,16.2,29.0,275.0,11366.0,285.0,40.0,789.0,155.0,9246.0,7348.0,188289.0,27.0,32.0,93.0,96.0,93.0,7.0,8.0,1.0,1.0,11.0,1.0,1.0,10.0,9.0,1.0
9.0,0.0,12.0,5.0,1.0,3.0,2.0,7.0,131.0,17.0,1.0,0.611111,1.0,25.0,21.0,0.681818,0.25,6.0,1.75,2.0,57.0,484.0,11604.0,580.0,40.0,789.0,155.0,9246.0,7348.0,188289.0,2.0,0.0,0.0,0.0,0.0,2.0,12.0,0.0,0.0,12.0,0.0,0.0,12.0,0.0,0.0
4.0,1.0,20.0,49.0,16.0,16.0,19.0,0.0,1078.0,852.0,23.0,0.48484799999999995,17.0,52.0,211.0,0.908587,0.692308,176.0,10.55,11.0,34.0,256.0,9229.0,318.0,40.0,789.0,155.0,9246.0,7348.0,188289.0,6.0,13.0,14.0,12.0,12.0,5.0,13.0,7.0,0.0,20.0,0.0,0.0,20.0,15.0,1.0
0.0,1.0,17.0,13.0,10.0,17.0,17.0,0.0,1128.0,1128.0,18.0,0.454545,17.0,42.0,142.0,0.8860290000000001,1.0,142.0,8.352941,8.352941,10.0,80.0,2359.0,91.0,40.0,789.0,155.0,9246.0,7348.0,188289.0,17.0,0.0,2.0,3.0,2.0,14.0,10.0,5.0,0.0,17.0,0.0,0.0,17.0,16.0,1.0
8.0,9.0,63.0,174.0,54.0,55.0,132.0,0.0,4491.0,4361.0,137.0,0.375758,78.0,231.0,483.0,0.9727520000000001,0.72973,463.0,7.6666669999999995,8.418182,49.0,601.0,15070.0,750.0,40.0,789.0,155.0,9246.0,7348.0,188289.0,59.0,63.0,65.0,49.0,49.0,67.0,33.0,7.0,0.0,62.0,0.0,0.0,62.0,54.0,1.0
0.0,0.0,1.0,0.0,1.0,1.0,0.0,0.0,8.0,8.0,1.0,1.0,1.0,2.0,1.0,0.0,1.0,1.0,1.0,1.0,39.0,282.0,3051.0,292.0,48.0,1196.0,192.0,9900.0,9201.0,117117.0,0.0,0.0,0.0,0.0,0.0,0.0,1.0,0.0,0.0,1.0,1.0,1.0,0.0,1.0,0.0
4.0,0.0,6.0,0.0,0.0,2.0,4.0,0.0,38.0,18.0,0.0,0.2,0.0,6.0,7.0,0.9,0.125,3.0,1.166667,1.5,26.0,217.0,2713.0,245.0,48.0,1196.0,192.0,9900.0,9201.0,117117.0,0.0,0.0,4.0,0.0,0.0,0.0,5.0,0.0,0.0,6.0,0.0,0.0,6.0,1.0,0.0
0.0,0.0,1.0,0.0,0.0,1.0,11.0,0.0,16.0,16.0,0.0,1.0,1.0,1.0,1.0,0.0,0.083333,1.0,1.0,1.0,7.0,66.0,822.0,68.0,21.0,1093.0,80.0,8798.0,7670.0,126255.0,0.0,0.0,0.0,0.0,0.0,11.0,2.0,0.0,0.0,2.0,0.0,0.0,2.0,1.0,0.0
14.0,12.0,27.0,5.0,15.0,13.0,19.0,35.0,1469.0,1413.0,32.0,0.22380999999999998,15.0,103.0,99.0,0.951417,0.391304,85.0,3.666667,6.538462,146.0,1241.0,19618.0,1466.0,21.0,1093.0,80.0,8798.0,7670.0,126255.0,19.0,0.0,4.0,1.0,1.0,15.0,23.0,0.0,3.0,26.0,0.0,0.0,26.0,7.0,0.0
0.0,1.0,1.0,0.0,3.0,1.0,9.0,0.0,232.0,232.0,12.0,1.0,2.0,13.0,3.0,0.0,0.1,3.0,3.0,3.0,202.0,1342.0,24153.0,1681.0,21.0,1093.0,80.0,8798.0,7670.0,126255.0,0.0,0.0,0.0,0.0,0.0,9.0,1.0,0.0,0.0,1.0,0.0,0.0,1.0,0.0,0.0
9.0,1.0,29.0,11.0,8.0,20.0,25.0,31.0,541.0,506.0,20.0,0.261905,17.0,93.0,89.0,0.909226,0.571429,80.0,3.068966,4.0,202.0,1342.0,24153.0,1681.0,21.0,1093.0,80.0,8798.0,7670.0,126255.0,15.0,0.0,9.0,1.0,1.0,16.0,21.0,8.0,0.0,29.0,0.0,0.0,29.0,20.0,1.0
0.0,3.0,36.0,16.0,15.0,36.0,2.0,0.0,1485.0,1485.0,44.0,0.113846,14.0,90.0,212.0,0.914286,1.0,212.0,5.888889,5.888889,39.0,399.0,6940.0,488.0,21.0,1093.0,80.0,8798.0,7670.0,126255.0,1.0,1.0,2.0,1.0,1.0,0.0,22.0,8.0,0.0,36.0,32.0,32.0,4.0,34.0,1.0
13.0,4.0,90.0,91.0,47.0,77.0,59.0,0.0,3392.0,3175.0,118.0,0.416425,52.0,260.0,553.0,0.948262,0.648148,539.0,6.144444,7.0,61.0,373.0,8738.0,410.0,36.0,1244.0,32.0,8322.0,6962.0,163595.0,52.0,0.0,14.0,12.0,12.0,45.0,47.0,43.0,0.0,90.0,1.0,1.0,89.0,76.0,1.0
1.0,0.0,21.0,54.0,21.0,20.0,14.0,0.0,1201.0,1191.0,50.0,0.428571,25.0,113.0,226.0,0.953571,0.545455,225.0,10.761905,11.25,12.0,85.0,3576.0,97.0,36.0,1244.0,32.0,8322.0,6962.0,163595.0,9.0,0.0,8.0,6.0,6.0,6.0,6.0,13.0,0.0,21.0,3.0,3.0,18.0,19.0,1.0
26.0,5.0,88.0,16.0,25.0,62.0,49.0,0.0,1210.0,1063.0,34.0,0.14694400000000002,30.0,132.0,176.0,0.985925,0.6,148.0,2.0,2.3870970000000002,195.0,2231.0,50650.0,2992.0,36.0,1244.0,32.0,8322.0,6962.0,163595.0,37.0,0.0,45.0,13.0,13.0,4.0,83.0,4.0,1.0,88.0,1.0,1.0,87.0,60.0,1.0
0.0,0.0,1.0,1.0,2.0,1.0,0.0,0.0,10.0,10.0,2.0,1.0,2.0,3.0,2.0,0.0,1.0,2.0,2.0,2.0,195.0,2231.0,50650.0,2992.0,36.0,1244.0,32.0,8322.0,6962.0,163595.0,0.0,0.0,0.0,0.0,0.0,0.0,1.0,1.0,0.0,2.0,0.0,0.0,2.0,1.0,0.0
62.0,8.0,201.0,58.0,48.0,139.0,54.0,73.0,3652.0,2855.0,135.0,0.106476,59.0,470.0,499.0,0.983611,0.651042,390.0,2.482587,2.805755,195.0,2231.0,50650.0,2992.0,36.0,1244.0,32.0,8322.0,6962.0,163595.0,10.0,39.0,21.0,10.0,10.0,33.0,187.0,5.0,9.0,190.0,2.0,2.0,188.0,134.0,1.0
9.0,3.0,29.0,51.0,31.0,20.0,19.0,0.0,1101.0,1005.0,58.0,0.471429,31.0,128.0,262.0,0.947368,0.424242,250.0,9.034483,12.5,44.0,404.0,11914.0,472.0,36.0,1244.0,32.0,8322.0,6962.0,163595.0,9.0,0.0,13.0,13.0,13.0,6.0,23.0,6.0,0.0,27.0,1.0,1.0,26.0,18.0,1.0
3.0,1.0,45.0,53.0,41.0,42.0,7.0,59.0,1564.0,1538.0,110.0,0.378917,47.0,263.0,376.0,0.8279219999999999,0.88,371.0,8.355556,8.833333,44.0,404.0,11914.0,472.0,36.0,1244.0,32.0,8322.0,6962.0,163595.0,7.0,0.0,1.0,1.0,1.0,6.0,25.0,14.0,5.0,45.0,4.0,4.0,41.0,38.0,1.0
0.0,4.0,40.0,66.0,37.0,40.0,10.0,555.0,1353.0,1353.0,67.0,0.381818,47.0,210.0,211.0,0.9435899999999999,1.0,211.0,5.275,5.275,288.0,938.0,23070.0,1073.0,36.0,1244.0,32.0,8322.0,6962.0,163595.0,10.0,0.0,5.0,4.0,4.0,5.0,12.0,28.0,0.0,40.0,1.0,1.0,39.0,39.0,1.0
1.0,2.0,5.0,0.0,4.0,4.0,1.0,23.0,61.0,57.0,4.0,0.0,2.0,9.0,5.0,1.0,0.75,4.0,1.0,1.0,80.0,455.0,4694.0,492.0,29.0,2250.0,95.0,10364.0,9519.0,130132.0,1.0,0.0,0.0,1.0,0.0,0.0,4.0,1.0,0.0,4.0,1.0,1.0,3.0,3.0,0.0
0.0,0.0,1.0,0.0,1.0,1.0,0.0,0.0,24.0,24.0,1.0,1.0,1.0,2.0,7.0,0.0,-1.0,7.0,7.0,7.0,80.0,455.0,4694.0,492.0,29.0,2250.0,95.0,10364.0,9519.0,130132.0,0.0,0.0,0.0,0.0,0.0,0.0,1.0,0.0,0.0,2.0,0.0,0.0,2.0,1.0,0.0
4.0,0.0,8.0,0.0,0.0,4.0,4.0,4.0,17.0,5.0,0.0,0.14285699999999998,0.0,8.0,8.0,0.857143,0.5,4.0,1.0,1.0,80.0,455.0,4694.0,492.0,29.0,2250.0,95.0,10364.0,9519.0,130132.0,4.0,0.0,0.0,0.0,0.0,4.0,9.0,0.0,0.0,9.0,0.0,0.0,9.0,4.0,0.0
3.0,0.0,4.0,0.0,0.0,1.0,10.0,0.0,45.0,20.0,0.0,0.0,0.0,4.0,4.0,1.0,0.090909,1.0,1.0,1.0,34.0,408.0,6146.0,432.0,29.0,2250.0,95.0,10364.0,9519.0,130132.0,3.0,0.0,7.0,7.0,7.0,3.0,4.0,0.0,0.0,4.0,0.0,0.0,4.0,0.0,0.0
8.0,2.0,64.0,7.0,19.0,56.0,13.0,169.0,1371.0,1286.0,52.0,0.088627,51.0,241.0,247.0,0.9658120000000001,0.8260870000000001,229.0,3.859375,4.089286,31.0,280.0,7044.0,294.0,29.0,2250.0,95.0,10364.0,9519.0,130132.0,12.0,0.0,7.0,5.0,4.0,5.0,45.0,10.0,7.0,64.0,1.0,1.0,63.0,53.0,1.0
5.0,24.0,26.0,25.0,35.0,21.0,35.0,529.0,1079.0,1058.0,57.0,0.383333,28.0,129.0,69.0,0.9485709999999999,0.571429,64.0,2.6538459999999997,3.047619,1001.0,2415.0,33723.0,2606.0,29.0,2250.0,95.0,10364.0,9519.0,130132.0,25.0,0.0,2.0,2.0,2.0,33.0,12.0,9.0,1.0,26.0,0.0,0.0,26.0,20.0,1.0
10.0,0.0,11.0,0.0,0.0,1.0,5.0,0.0,27.0,27.0,0.0,0.11111099999999999,1.0,11.0,11.0,0.9,0.090909,1.0,1.0,1.0,1001.0,2415.0,33723.0,2606.0,29.0,2250.0,95.0,10364.0,9519.0,130132.0,5.0,0.0,0.0,0.0,0.0,5.0,11.0,0.0,0.0,11.0,0.0,0.0,11.0,0.0,0.0
7.0,14.0,47.0,14.0,20.0,40.0,10.0,7.0,1008.0,965.0,56.0,0.398671,28.0,115.0,122.0,0.917391,0.825,115.0,2.595745,2.875,38.0,289.0,2130.0,306.0,29.0,2250.0,95.0,10364.0,9519.0,130132.0,10.0,0.0,4.0,2.0,2.0,6.0,40.0,3.0,4.0,47.0,0.0,0.0,47.0,39.0,1.0
1.0,34.0,31.0,146.0,60.0,30.0,22.0,533.0,1881.0,1858.0,76.0,0.428571,47.0,116.0,74.0,0.9818180000000001,0.875,72.0,2.3870970000000002,2.4,119.0,332.0,4772.0,380.0,29.0,2250.0,95.0,10364.0,9519.0,130132.0,20.0,2.0,20.0,2.0,2.0,2.0,8.0,23.0,0.0,31.0,0.0,0.0,31.0,29.0,1.0
5.0,0.0,23.0,8.0,7.0,18.0,7.0,0.0,510.0,440.0,9.0,0.785714,10.0,38.0,43.0,0.779221,0.7391300000000001,38.0,1.8695650000000001,2.111111,16.0,299.0,7166.0,371.0,42.0,1171.0,66.0,10384.0,8750.0,312068.0,2.0,0.0,1.0,2.0,1.0,5.0,22.0,0.0,1.0,23.0,0.0,0.0,23.0,16.0,1.0
0.0,0.0,3.0,0.0,0.0,3.0,8.0,0.0,38.0,38.0,0.0,1.0,1.0,3.0,3.0,1.0,0.272727,3.0,1.0,1.0,7.0,47.0,1194.0,47.0,42.0,1171.0,66.0,10384.0,8750.0,312068.0,0.0,0.0,8.0,3.0,3.0,0.0,3.0,0.0,0.0,3.0,0.0,0.0,3.0,0.0,0.0
0.0,0.0,1.0,0.0,0.0,1.0,6.0,0.0,57.0,57.0,0.0,1.0,4.0,1.0,1.0,0.0,0.14285699999999998,1.0,1.0,1.0,7.0,47.0,1194.0,47.0,42.0,1171.0,66.0,10384.0,8750.0,312068.0,0.0,0.0,6.0,0.0,0.0,0.0,1.0,0.0,0.0,1.0,0.0,0.0,1.0,0.0,0.0
2.0,1.0,27.0,26.0,17.0,25.0,31.0,64.0,1032.0,1014.0,39.0,0.490476,31.0,162.0,153.0,0.954094,0.933333,149.0,5.6666669999999995,5.96,138.0,961.0,27590.0,1151.0,42.0,1171.0,66.0,10384.0,8750.0,312068.0,16.0,14.0,20.0,19.0,19.0,11.0,15.0,4.0,5.0,20.0,4.0,1.0,19.0,23.0,1.0
6.0,0.0,7.0,0.0,0.0,1.0,6.0,0.0,106.0,53.0,0.0,0.0,1.0,7.0,7.0,1.0,0.0,1.0,1.0,1.0,66.0,754.0,10542.0,826.0,42.0,1171.0,66.0,10384.0,8750.0,312068.0,6.0,0.0,0.0,0.0,0.0,6.0,0.0,0.0,0.0,7.0,0.0,0.0,7.0,0.0,0.0
8.0,0.0,9.0,0.0,0.0,1.0,4.0,0.0,118.0,6.0,0.0,0.14285699999999998,0.0,9.0,9.0,0.875,0.0,1.0,1.0,1.0,13.0,84.0,4557.0,116.0,42.0,1171.0,66.0,10384.0,8750.0,312068.0,4.0,0.0,0.0,0.0,0.0,4.0,8.0,0.0,0.0,9.0,0.0,0.0,9.0,0.0,0.0
6.0,0.0,11.0,0.0,0.0,5.0,6.0,0.0,142.0,92.0,0.0,0.0,0.0,11.0,11.0,1.0,0.0,5.0,1.0,1.0,13.0,84.0,4557.0,116.0,42.0,1171.0,66.0,10384.0,8750.0,312068.0,6.0,0.0,6.0,0.0,0.0,0.0,6.0,0.0,0.0,11.0,0.0,0.0,11.0,0.0,0.0
16.0,2.0,83.0,26.0,18.0,67.0,22.0,-1.0,3547.0,2997.0,62.0,0.392888,21.0,155.0,411.0,0.9534370000000001,-1.0,314.0,4.951807,4.686567,49.0,726.0,19441.0,882.0,42.0,1171.0,66.0,10384.0,8750.0,312068.0,5.0,12.0,3.0,3.0,3.0,19.0,50.0,14.0,13.0,81.0,2.0,2.0,79.0,66.0,1.0
2.0,0.0,17.0,20.0,12.0,15.0,65.0,125.0,1052.0,1031.0,23.0,0.346154,24.0,240.0,92.0,0.9365379999999999,0.9,90.0,5.411765,6.0,24.0,244.0,6943.0,292.0,42.0,1171.0,66.0,10384.0,8750.0,312068.0,65.0,0.0,24.0,24.0,24.0,41.0,10.0,3.0,4.0,17.0,1.0,1.0,16.0,14.0,1.0
2.0,1.0,39.0,12.0,16.0,37.0,11.0,92.0,1699.0,1676.0,35.0,0.334454,25.0,220.0,228.0,0.966507,0.933333,226.0,5.846154,6.1081080000000005,2.0,75.0,2325.0,89.0,42.0,1171.0,66.0,10384.0,8750.0,312068.0,5.0,1.0,3.0,3.0,3.0,8.0,30.0,3.0,6.0,39.0,3.0,3.0,36.0,36.0,1.0
8.0,0.0,10.0,0.0,0.0,2.0,5.0,0.0,182.0,78.0,0.0,0.14285699999999998,0.0,10.0,10.0,0.933333,0.2,2.0,1.0,1.0,66.0,694.0,19469.0,800.0,42.0,1171.0,66.0,10384.0,8750.0,312068.0,4.0,0.0,1.0,1.0,1.0,4.0,10.0,0.0,0.0,10.0,0.0,0.0,10.0,0.0,0.0
11.0,0.0,45.0,13.0,10.0,34.0,15.0,12.0,1404.0,1157.0,17.0,0.44367,12.0,69.0,141.0,0.913636,0.744186,121.0,3.1333330000000004,3.558824,28.0,229.0,9478.0,319.0,42.0,1171.0,66.0,10384.0,8750.0,312068.0,12.0,0.0,0.0,0.0,0.0,15.0,43.0,1.0,1.0,44.0,0.0,0.0,44.0,32.0,1.0
1.0,0.0,3.0,0.0,0.0,2.0,1.0,0.0,22.0,14.0,0.0,1.0,0.0,3.0,3.0,0.5,0.666667,2.0,1.0,1.0,9.0,66.0,790.0,69.0,54.0,1631.0,125.0,10153.0,8952.0,146551.0,1.0,0.0,0.0,0.0,0.0,1.0,3.0,0.0,0.0,3.0,0.0,0.0,3.0,1.0,0.0
10.0,0.0,15.0,1.0,2.0,5.0,7.0,0.0,147.0,53.0,5.0,0.21978000000000003,3.0,21.0,17.0,0.867347,0.333333,7.0,1.133333,1.4,40.0,196.0,3478.0,218.0,54.0,1631.0,125.0,10153.0,8952.0,146551.0,7.0,0.0,4.0,0.0,0.0,3.0,15.0,0.0,0.0,15.0,0.0,0.0,15.0,4.0,0.0
0.0,0.0,1.0,4.0,1.0,1.0,10.0,2.0,38.0,38.0,1.0,1.0,2.0,4.0,1.0,0.0,0.0,1.0,1.0,1.0,5.0,24.0,527.0,26.0,54.0,1631.0,125.0,10153.0,8952.0,146551.0,0.0,0.0,10.0,10.0,10.0,0.0,0.0,1.0,0.0,1.0,0.0,0.0,1.0,0.0,0.0
0.0,0.0,1.0,5.0,1.0,1.0,9.0,2.0,32.0,32.0,1.0,1.0,2.0,4.0,1.0,0.0,0.0,1.0,1.0,1.0,223.0,1168.0,29751.0,1195.0,54.0,1631.0,125.0,10153.0,8952.0,146551.0,0.0,0.0,9.0,9.0,9.0,0.0,0.0,1.0,0.0,1.0,0.0,0.0,1.0,0.0,0.0
0.0,0.0,1.0,4.0,1.0,1.0,9.0,2.0,43.0,43.0,1.0,1.0,2.0,4.0,1.0,0.0,0.0,1.0,1.0,1.0,223.0,1168.0,29751.0,1195.0,54.0,1631.0,125.0,10153.0,8952.0,146551.0,0.0,0.0,9.0,9.0,9.0,0.0,0.0,1.0,0.0,1.0,0.0,0.0,1.0,0.0,0.0
0.0,0.0,1.0,3.0,1.0,1.0,8.0,2.0,29.0,29.0,1.0,1.0,2.0,4.0,1.0,0.0,0.0,1.0,1.0,1.0,223.0,1168.0,29751.0,1195.0,54.0,1631.0,125.0,10153.0,8952.0,146551.0,0.0,0.0,8.0,8.0,8.0,0.0,0.0,1.0,0.0,1.0,0.0,0.0,1.0,0.0,0.0
0.0,0.0,1.0,9.0,1.0,1.0,27.0,2.0,105.0,105.0,1.0,1.0,2.0,4.0,1.0,0.0,0.0,1.0,1.0,1.0,223.0,1168.0,29751.0,1195.0,54.0,1631.0,125.0,10153.0,8952.0,146551.0,0.0,0.0,27.0,27.0,27.0,0.0,0.0,1.0,0.0,1.0,0.0,0.0,1.0,0.0,0.0
3.0,0.0,14.0,0.0,3.0,11.0,4.0,0.0,214.0,174.0,5.0,0.076923,4.0,19.0,15.0,0.9038459999999999,0.785714,12.0,1.0714290000000002,1.090909,1.0,11.0,214.0,14.0,149.0,1542.0,130.0,11967.0,9063.0,213479.0,4.0,0.0,0.0,0.0,0.0,4.0,14.0,0.0,0.0,14.0,1.0,1.0,13.0,10.0,0.0
0.0,0.0,8.0,6.0,2.0,8.0,0.0,-1.0,83.0,83.0,2.0,0.0,4.0,10.0,8.0,0.0,-1.0,8.0,1.0,1.0,12.0,39.0,420.0,39.0,149.0,1542.0,130.0,11967.0,9063.0,213479.0,0.0,0.0,0.0,0.0,0.0,0.0,8.0,0.0,0.0,0.0,0.0,0.0,0.0,8.0,0.0
3.0,0.0,3.0,0.0,0.0,0.0,3.0,3.0,35.0,15.0,0.0,0.0,3.0,9.0,3.0,1.0,0.0,0.0,1.0,0.0,17.0,53.0,1024.0,73.0,149.0,1542.0,130.0,11967.0,9063.0,213479.0,0.0,0.0,3.0,3.0,3.0,0.0,3.0,0.0,0.0,3.0,0.0,0.0,3.0,0.0,0.0
3.0,0.0,3.0,0.0,0.0,0.0,3.0,3.0,37.0,16.0,0.0,0.0,2.0,9.0,3.0,1.0,0.0,0.0,1.0,0.0,17.0,53.0,1024.0,73.0,149.0,1542.0,130.0,11967.0,9063.0,213479.0,0.0,0.0,3.0,3.0,3.0,0.0,3.0,0.0,0.0,3.0,0.0,0.0,3.0,0.0,0.0
12.0,0.0,65.0,14.0,20.0,53.0,14.0,-1.0,1600.0,1489.0,85.0,0.260652,26.0,166.0,235.0,0.9263389999999999,-1.0,223.0,3.615385,4.207547,8.0,153.0,3146.0,195.0,149.0,1542.0,130.0,11967.0,9063.0,213479.0,14.0,0.0,3.0,2.0,2.0,11.0,52.0,7.0,6.0,10.0,0.0,0.0,14.0,52.0,1.0
8.0,0.0,9.0,0.0,1.0,1.0,2.0,0.0,153.0,11.0,1.0,1.0,2.0,10.0,17.0,0.1875,0.11111099999999999,2.0,1.888889,2.0,51.0,386.0,14767.0,554.0,149.0,1542.0,130.0,11967.0,9063.0,213479.0,2.0,0.0,1.0,1.0,1.0,1.0,9.0,0.0,0.0,9.0,0.0,0.0,9.0,0.0,0.0
0.0,0.0,4.0,0.0,1.0,4.0,1.0,0.0,17.0,17.0,1.0,0.333333,2.0,5.0,4.0,0.666667,1.0,4.0,1.0,1.0,4.0,19.0,73.0,19.0,382.0,1855.0,212.0,11709.0,8793.0,102803.0,1.0,0.0,0.0,0.0,0.0,1.0,4.0,0.0,0.0,4.0,0.0,0.0,4.0,3.0,0.0
0.0,0.0,1.0,1.0,3.0,1.0,1.0,15.0,19.0,19.0,3.0,1.0,12.0,19.0,3.0,0.0,1.0,3.0,3.0,3.0,24.0,74.0,1128.0,75.0,382.0,1855.0,212.0,11709.0,8793.0,102803.0,0.0,1.0,0.0,1.0,0.0,0.0,1.0,0.0,0.0,1.0,0.0,0.0,1.0,1.0,0.0
4.0,0.0,5.0,0.0,0.0,1.0,2.0,0.0,15.0,3.0,0.0,0.333333,0.0,5.0,5.0,0.75,0.2,1.0,1.0,1.0,4.0,53.0,303.0,57.0,382.0,1855.0,212.0,11709.0,8793.0,102803.0,0.0,2.0,0.0,0.0,0.0,2.0,5.0,0.0,0.0,5.0,0.0,0.0,5.0,0.0,0.0
10.0,0.0,11.0,0.0,0.0,1.0,4.0,0.0,23.0,23.0,0.0,0.177778,0.0,11.0,11.0,0.85,0.06666699999999999,1.0,1.0,1.0,22.0,180.0,3199.0,232.0,382.0,1855.0,212.0,11709.0,8793.0,102803.0,0.0,0.0,0.0,0.0,0.0,4.0,11.0,0.0,0.0,11.0,0.0,0.0,11.0,0.0,0.0
6.0,3.0,7.0,0.0,0.0,1.0,3.0,0.0,83.0,65.0,0.0,0.2,0.0,7.0,7.0,0.833333,0.14285699999999998,1.0,1.0,1.0,22.0,180.0,3199.0,232.0,382.0,1855.0,212.0,11709.0,8793.0,102803.0,3.0,0.0,0.0,0.0,0.0,3.0,7.0,0.0,0.0,7.0,0.0,0.0,7.0,0.0,0.0
8.0,0.0,8.0,0.0,0.0,0.0,4.0,0.0,18.0,18.0,0.0,0.14285699999999998,0.0,8.0,8.0,0.857143,0.0,0.0,1.0,0.0,22.0,180.0,3199.0,232.0,382.0,1855.0,212.0,11709.0,8793.0,102803.0,4.0,0.0,0.0,0.0,0.0,4.0,8.0,0.0,0.0,8.0,0.0,0.0,8.0,0.0,0.0
12.0,0.0,13.0,0.0,0.0,1.0,6.0,0.0,30.0,30.0,0.0,0.090909,0.0,13.0,13.0,0.916667,0.076923,1.0,1.0,1.0,22.0,180.0,3199.0,232.0,382.0,1855.0,212.0,11709.0,8793.0,102803.0,6.0,0.0,0.0,0.0,0.0,6.0,13.0,0.0,0.0,13.0,0.0,0.0,13.0,0.0,0.0
10.0,0.0,10.0,0.0,0.0,0.0,4.0,4.0,48.0,48.0,0.0,0.2,1.0,14.0,10.0,0.833333,0.0,0.0,1.0,0.0,11.0,34.0,463.0,97.0,382.0,1855.0,212.0,11709.0,8793.0,102803.0,4.0,0.0,0.0,0.0,0.0,4.0,11.0,0.0,0.0,11.0,0.0,0.0,11.0,0.0,0.0
7.0,0.0,8.0,0.0,0.0,1.0,6.0,0.0,52.0,31.0,0.0,0.047619,0.0,8.0,13.0,0.97619,0.125,6.0,1.625,6.0,10.0,59.0,420.0,77.0,382.0,1855.0,212.0,11709.0,8793.0,102803.0,6.0,0.0,0.0,0.0,0.0,6.0,8.0,0.0,0.0,8.0,0.0,0.0,8.0,0.0,0.0
12.0,0.0,14.0,0.0,0.0,2.0,6.0,0.0,52.0,52.0,0.0,0.090909,0.0,14.0,14.0,0.923077,0.14285699999999998,2.0,1.0,1.0,17.0,92.0,1154.0,172.0,382.0,1855.0,212.0,11709.0,8793.0,102803.0,6.0,0.0,0.0,0.0,0.0,6.0,14.0,0.0,0.0,14.0,0.0,0.0,14.0,0.0,0.0
6.0,0.0,6.0,0.0,0.0,0.0,3.0,0.0,15.0,15.0,0.0,0.2,0.0,6.0,6.0,0.8,0.0,0.0,1.0,0.0,17.0,92.0,1154.0,172.0,382.0,1855.0,212.0,11709.0,8793.0,102803.0,3.0,0.0,0.0,0.0,0.0,3.0,6.0,0.0,0.0,6.0,0.0,0.0,6.0,0.0,0.0
12.0,0.0,13.0,0.0,0.0,1.0,6.0,0.0,57.0,57.0,0.0,0.151515,0.0,13.0,15.0,0.8888889999999999,0.076923,1.0,1.153846,1.0,6.0,27.0,444.0,54.0,382.0,1855.0,212.0,11709.0,8793.0,102803.0,0.0,6.0,0.0,0.0,0.0,6.0,13.0,0.0,0.0,13.0,0.0,0.0,13.0,0.0,0.0
10.0,0.0,10.0,0.0,0.0,0.0,5.0,0.0,22.0,22.0,0.0,0.11111099999999999,0.0,10.0,10.0,0.8888889999999999,0.0,0.0,1.0,0.0,3.0,8.0,62.0,30.0,382.0,1855.0,212.0,11709.0,8793.0,102803.0,5.0,0.0,0.0,0.0,0.0,5.0,11.0,0.0,0.0,11.0,0.0,0.0,11.0,0.0,0.0
1.0,0.0,1.0,0.0,0.0,0.0,1.0,22.0,20.0,10.0,0.0,1.0,0.0,1.0,1.0,0.0,0.0,0.0,1.0,0.0,6.0,0.0,120.0,6.0,69.0,960.0,103.0,11810.0,10192.0,247421.0,1.0,0.0,1.0,1.0,1.0,0.0,1.0,0.0,0.0,1.0,0.0,0.0,1.0,0.0,0.0
27.0,0.0,68.0,3.0,17.0,41.0,39.0,60.0,1541.0,1078.0,35.0,0.12903199999999998,29.0,163.0,152.0,0.964791,0.458333,104.0,2.2352939999999997,2.5365849999999996,46.0,1076.0,33993.0,1556.0,69.0,960.0,103.0,11810.0,10192.0,247421.0,26.0,1.0,13.0,13.0,13.0,26.0,60.0,3.0,5.0,68.0,0.0,0.0,68.0,38.0,1.0
0.0,0.0,7.0,7.0,8.0,7.0,0.0,0.0,135.0,135.0,9.0,0.0,9.0,20.0,20.0,0.0,1.0,20.0,2.857143,2.857143,28.0,129.0,2768.0,165.0,133.0,1908.0,124.0,12486.0,11008.0,214819.0,0.0,0.0,0.0,0.0,0.0,0.0,4.0,3.0,0.0,1.0,7.0,1.0,0.0,7.0,0.0
2.0,0.0,6.0,0.0,2.0,4.0,4.0,0.0,54.0,38.0,2.0,0.666667,3.0,8.0,7.0,0.85,0.666667,5.0,1.166667,1.25,28.0,129.0,2768.0,165.0,133.0,1908.0,124.0,12486.0,11008.0,214819.0,4.0,0.0,1.0,1.0,1.0,3.0,6.0,0.0,0.0,6.0,0.0,0.0,6.0,2.0,0.0
4.0,0.0,5.0,0.0,0.0,1.0,2.0,0.0,44.0,8.0,0.0,0.333333,0.0,5.0,5.0,0.75,0.2,1.0,1.0,1.0,28.0,129.0,2768.0,165.0,133.0,1908.0,124.0,12486.0,11008.0,214819.0,0.0,0.0,0.0,0.0,0.0,2.0,5.0,0.0,0.0,5.0,0.0,0.0,5.0,0.0,0.0
7.0,2.0,56.0,14.0,15.0,49.0,29.0,0.0,1099.0,1057.0,40.0,0.25995799999999997,17.0,102.0,122.0,0.9717870000000001,0.644068,114.0,2.178571,2.326531,248.0,1771.0,32688.0,2040.0,133.0,1908.0,124.0,12486.0,11008.0,214819.0,12.0,0.0,14.0,18.0,14.0,11.0,45.0,2.0,0.0,50.0,16.0,16.0,34.0,49.0,1.0
0.0,0.0,2.0,1.0,3.0,2.0,1.0,49.0,54.0,54.0,2.0,0.0,24.0,79.0,2.0,1.0,1.0,2.0,1.0,1.0,69.0,182.0,4524.0,247.0,106.0,1538.0,183.0,15627.0,11949.0,283829.0,1.0,0.0,1.0,1.0,1.0,0.0,3.0,0.0,0.0,3.0,0.0,0.0,3.0,2.0,0.0
21.0,0.0,29.0,5.0,10.0,8.0,24.0,41.0,533.0,322.0,16.0,0.259259,22.0,110.0,50.0,0.96131,0.16,28.0,1.7241380000000002,3.5,69.0,182.0,4524.0,247.0,106.0,1538.0,183.0,15627.0,11949.0,283829.0,19.0,5.0,2.0,2.0,2.0,22.0,25.0,0.0,4.0,29.0,0.0,0.0,29.0,7.0,0.0
19.0,0.0,22.0,0.0,0.0,3.0,16.0,0.0,161.0,44.0,0.0,0.1,1.0,22.0,23.0,0.9880950000000001,0.107143,4.0,1.045455,1.333333,3.0,23.0,687.0,46.0,106.0,1538.0,183.0,15627.0,11949.0,283829.0,10.0,0.0,6.0,6.0,6.0,10.0,22.0,0.0,0.0,22.0,0.0,0.0,22.0,2.0,0.0
0.0,0.0,19.0,6.0,5.0,19.0,3.0,0.0,94.0,94.0,7.0,0.006536,25.0,28.0,25.0,1.0,1.0,25.0,1.3157889999999999,1.3157889999999999,1.0,19.0,94.0,19.0,37.0,2096.0,64.0,13676.0,11072.0,315953.0,3.0,0.0,0.0,1.0,0.0,2.0,19.0,0.0,0.0,19.0,0.0,0.0,19.0,18.0,0.0
0.0,0.0,1.0,0.0,2.0,1.0,1.0,101.0,27.0,27.0,1.0,1.0,784.0,888.0,1.0,0.0,1.0,1.0,1.0,1.0,760.0,1182.0,32189.0,1188.0,37.0,2096.0,64.0,13676.0,11072.0,315953.0,1.0,0.0,1.0,1.0,1.0,0.0,1.0,0.0,0.0,1.0,0.0,0.0,1.0,0.0,0.0
4.0,0.0,5.0,0.0,0.0,1.0,5.0,0.0,70.0,30.0,0.0,0.0,1.0,5.0,5.0,1.0,0.2,1.0,1.0,1.0,159.0,3633.0,85061.0,4912.0,37.0,2096.0,64.0,13676.0,11072.0,315953.0,5.0,0.0,5.0,1.0,1.0,0.0,5.0,0.0,0.0,5.0,0.0,0.0,5.0,0.0,0.0
23.0,0.0,105.0,124.0,23.0,82.0,49.0,677.0,1747.0,1595.0,88.0,0.041208999999999996,106.0,1108.0,502.0,0.98803,0.642857,471.0,4.780952,5.743901999999999,159.0,3633.0,85061.0,4912.0,37.0,2096.0,64.0,13676.0,11072.0,315953.0,21.0,6.0,24.0,26.0,24.0,23.0,105.0,0.0,1.0,106.0,0.0,0.0,106.0,82.0,1.0
22.0,0.0,67.0,84.0,13.0,45.0,54.0,737.0,1692.0,1493.0,44.0,0.128671,105.0,1110.0,333.0,0.995511,0.447917,295.0,4.970149,6.555556,159.0,3633.0,85061.0,4912.0,37.0,2096.0,64.0,13676.0,11072.0,315953.0,22.0,0.0,39.0,39.0,39.0,15.0,64.0,0.0,3.0,66.0,0.0,0.0,66.0,44.0,1.0
1.0,0.0,3.0,1.0,1.0,2.0,3.0,0.0,22.0,16.0,0.0,1.0,2.0,4.0,3.0,0.833333,0.666667,2.0,1.0,1.0,134.0,428.0,12585.0,454.0,66.0,1571.0,291.0,17113.0,11938.0,260912.0,0.0,3.0,0.0,0.0,0.0,3.0,3.0,0.0,0.0,3.0,0.0,0.0,3.0,1.0,0.0
27.0,0.0,31.0,2.0,4.0,4.0,14.0,0.0,287.0,44.0,6.0,0.045977,7.0,37.0,35.0,0.9595239999999999,0.1,8.0,1.129032,2.0,6.0,38.0,863.0,73.0,66.0,1571.0,291.0,17113.0,11938.0,260912.0,14.0,0.0,0.0,0.0,0.0,14.0,31.0,1.0,0.0,32.0,1.0,1.0,31.0,4.0,0.0
5.0,0.0,100.0,9.0,33.0,95.0,46.0,0.0,3545.0,3446.0,103.0,0.500947,36.0,212.0,481.0,0.956083,0.94186,467.0,4.81,4.915789,21.0,233.0,10160.0,347.0,75.0,2045.0,148.0,17321.0,12962.0,390008.0,1.0,45.0,2.0,3.0,2.0,43.0,86.0,0.0,14.0,70.0,7.0,7.0,63.0,93.0,1.0
16.0,1.0,60.0,39.0,33.0,44.0,34.0,520.0,2091.0,1866.0,50.0,0.26364499999999996,37.0,144.0,298.0,0.9551350000000001,0.666667,271.0,4.966667,6.159091,324.0,1378.0,36313.0,1878.0,75.0,2045.0,148.0,17321.0,12962.0,390008.0,19.0,14.0,2.0,5.0,2.0,29.0,47.0,12.0,1.0,60.0,0.0,0.0,60.0,43.0,1.0
5.0,0.0,6.0,0.0,0.0,1.0,8.0,2.0,107.0,55.0,0.0,0.0,2.0,6.0,7.0,1.0,0.125,2.0,1.166667,2.0,324.0,1378.0,36313.0,1878.0,75.0,2045.0,148.0,17321.0,12962.0,390008.0,1.0,5.0,1.0,3.0,1.0,5.0,6.0,0.0,0.0,6.0,0.0,0.0,6.0,0.0,0.0
1.0,0.0,1.0,0.0,0.0,0.0,0.0,8.0,17.0,1.0,0.0,1.0,2.0,1.0,2.0,0.0,0.0,0.0,2.0,0.0,324.0,1378.0,36313.0,1878.0,75.0,2045.0,148.0,17321.0,12962.0,390008.0,0.0,0.0,0.0,0.0,0.0,0.0,1.0,0.0,0.0,1.0,0.0,0.0,1.0,0.0,0.0
1.0,0.0,2.0,0.0,2.0,1.0,3.0,539.0,105.0,93.0,2.0,1.0,10.0,37.0,4.0,1.0,0.5,2.0,2.0,2.0,47.0,199.0,4448.0,226.0,125.0,2361.0,192.0,18015.0,15303.0,284934.0,3.0,0.0,1.0,1.0,1.0,2.0,2.0,0.0,0.0,2.0,0.0,0.0,2.0,0.0,0.0
0.0,0.0,78.0,0.0,0.0,78.0,8.0,50.0,2200.0,2200.0,0.0,0.010723,1.0,78.0,826.0,0.993506,0.882353,826.0,10.589744,10.589744,16.0,426.0,13853.0,439.0,125.0,2361.0,192.0,18015.0,15303.0,284934.0,0.0,0.0,8.0,8.0,8.0,0.0,60.0,8.0,10.0,5.0,8.0,0.0,5.0,74.0,0.0
0.0,0.0,2.0,0.0,3.0,2.0,2.0,-1.0,25.0,25.0,5.0,1.0,47.0,7.0,6.0,1.0,-1.0,6.0,3.0,3.0,11.0,79.0,912.0,80.0,77.0,2023.0,119.0,17693.0,16365.0,199533.0,0.0,0.0,0.0,0.0,0.0,2.0,0.0,0.0,1.0,2.0,0.0,0.0,2.0,1.0,0.0
0.0,0.0,1.0,0.0,0.0,1.0,3.0,0.0,8.0,8.0,0.0,1.0,2.0,1.0,1.0,0.0,0.25,1.0,1.0,1.0,5.0,36.0,292.0,36.0,77.0,2023.0,119.0,17693.0,16365.0,199533.0,0.0,0.0,0.0,0.0,0.0,3.0,1.0,0.0,0.0,1.0,0.0,0.0,1.0,0.0,0.0
1.0,0.0,395.0,44.0,77.0,394.0,142.0,0.0,4130.0,4124.0,156.0,0.000169,94.0,584.0,938.0,1.0,0.7552989999999999,937.0,2.374684,2.378173,16.0,957.0,19269.0,1001.0,77.0,2023.0,119.0,17693.0,16365.0,199533.0,0.0,16.0,138.0,138.0,138.0,4.0,393.0,0.0,2.0,394.0,387.0,386.0,8.0,392.0,1.0
0.0,0.0,1.0,0.0,0.0,1.0,0.0,15.0,7.0,7.0,0.0,1.0,0.0,1.0,1.0,0.0,1.0,1.0,1.0,1.0,5.0,8.0,43.0,8.0,133.0,2330.0,131.0,19618.0,13899.0,299402.0,0.0,0.0,0.0,0.0,0.0,0.0,1.0,0.0,0.0,1.0,0.0,0.0,1.0,0.0,0.0
0.0,0.0,4.0,0.0,0.0,4.0,0.0,15.0,18.0,18.0,0.0,1.0,0.0,4.0,4.0,0.0,1.0,4.0,1.0,1.0,5.0,8.0,43.0,8.0,133.0,2330.0,131.0,19618.0,13899.0,299402.0,0.0,0.0,0.0,0.0,0.0,0.0,4.0,0.0,0.0,4.0,0.0,0.0,4.0,0.0,0.0
8.0,0.0,34.0,86.0,50.0,26.0,11.0,0.0,1042.0,972.0,57.0,0.48,58.0,169.0,124.0,0.903581,0.75,116.0,3.6470589999999996,4.461538,18.0,159.0,4370.0,209.0,133.0,2330.0,131.0,19618.0,13899.0,299402.0,11.0,0.0,0.0,0.0,0.0,11.0,28.0,5.0,1.0,34.0,0.0,0.0,34.0,23.0,1.0
