NOP_method,LOC_method,NOLV_method,NOAV_method,NOM_type,FANOUT_type,NOMNAMM_type,NOA_type,NIM_type,LOC_type,LOCNAMM_type,CFNAMM_type,TCC_type,CBO_type,RFC_type,WMC_type,LCOM5_type,WOC_type,WMCNAMM_type,AMW_type,AMWNAMM_type,NOCS_package,NOMNAMM_package,LOC_package,NOM_package,is_long_parameters_list
0.0,8.0,0.0,6.0,16.0,3.0,9.0,12.0,-1.0,221.0,172.0,406.0,0.177777778,9.0,34.0,29.0,0.9611111109999999,-1.0,18.0,1.8125,2.0,6.0,9.0,229.0,16.0,0.0
0.0,3.0,0.0,1.0,3.0,0.0,3.0,1.0,0.0,16.0,16.0,0.0,1.0,0.0,3.0,3.0,0.5,1.0,3.0,1.0,1.0,38.0,198.0,4223.0,240.0,0.0
1.0,2.0,1.0,1.0,123.0,138.0,94.0,108.0,77.0,1957.0,1669.0,51801.0,0.012612613,145.0,571.0,273.0,0.9921068609999999,0.404145078,234.0,2.219512195,2.489361702,38.0,198.0,4223.0,240.0,0.0
0.0,1.0,0.0,0.0,92.0,0.0,71.0,5.0,-1.0,288.0,206.0,0.0,0.0,15.0,92.0,92.0,1.010989011,0.0,71.0,1.0,1.0,34.0,523.0,6037.0,728.0,0.0
1.0,3.0,1.0,2.0,3.0,1.0,3.0,0.0,0.0,12.0,12.0,0.0,0.0,1.0,4.0,3.0,0.0,1.0,3.0,1.0,1.0,34.0,523.0,6037.0,728.0,0.0
1.0,1.0,1.0,0.0,18.0,0.0,18.0,0.0,-1.0,40.0,40.0,0.0,0.0,2.0,18.0,18.0,0.0,0.0,18.0,1.0,1.0,34.0,523.0,6037.0,728.0,0.0
0.0,3.0,0.0,0.0,8.0,12.0,8.0,2.0,15.0,132.0,132.0,386.0,0.47619047600000003,14.0,45.0,21.0,0.7857142859999999,1.0,21.0,2.625,2.625,74.0,380.0,5031.0,435.0,0.0
1.0,3.0,1.0,0.0,4.0,2.0,4.0,1.0,0.0,31.0,31.0,16.0,0.0,2.0,6.0,4.0,1.0,1.0,4.0,1.0,1.0,74.0,380.0,5031.0,435.0,0.0
2.0,13.0,4.0,7.0,3.0,1.0,3.0,3.0,0.0,33.0,33.0,20.0,1.0,2.0,5.0,5.0,1.166666667,0.5,5.0,1.6666666669999999,1.6666666669999999,74.0,380.0,5031.0,435.0,0.0
2.0,1.0,2.0,0.0,5.0,0.0,2.0,0.0,-1.0,7.0,-2.0,0.0,0.0,0.0,5.0,5.0,0.0,0.0,2.0,1.0,1.0,18.0,108.0,1339.0,136.0,0.0
0.0,3.0,0.0,1.0,17.0,4.0,15.0,6.0,0.0,235.0,220.0,346.0,0.090909091,4.0,32.0,59.0,0.916666667,0.7777777779999999,56.0,3.470588235,3.733333333,59.0,322.0,6298.0,410.0,0.0
0.0,2.0,0.0,1.0,17.0,4.0,15.0,6.0,0.0,235.0,220.0,346.0,0.090909091,4.0,32.0,59.0,0.916666667,0.7777777779999999,56.0,3.470588235,3.733333333,59.0,322.0,6298.0,410.0,0.0
1.0,3.0,1.0,1.0,8.0,3.0,8.0,0.0,65.0,128.0,128.0,117.0,0.0,14.0,65.0,18.0,0.0,1.0,18.0,2.25,2.25,8.0,28.0,396.0,32.0,0.0
0.0,3.0,0.0,0.0,5.0,0.0,4.0,0.0,0.0,23.0,18.0,0.0,0.0,1.0,5.0,5.0,0.0,0.8,4.0,1.0,1.0,30.0,76.0,1343.0,128.0,0.0
0.0,5.0,2.0,5.0,9.0,24.0,7.0,31.0,538.0,628.0,613.0,620.0,0.0,14.0,51.0,23.0,1.0443548390000001,0.666666667,21.0,2.555555556,3.0,23.0,60.0,1234.0,72.0,0.0
3.0,4.0,3.0,4.0,8.0,6.0,8.0,2.0,99.0,44.0,44.0,94.0,0.133333333,34.0,196.0,9.0,0.857142857,1.0,9.0,1.125,1.125,16.0,76.0,921.0,92.0,0.0
4.0,51.0,16.0,24.0,18.0,31.0,18.0,14.0,0.0,399.0,399.0,2090.0,0.857142857,30.0,81.0,45.0,0.903361345,1.0,45.0,2.5,2.5,57.0,132.0,2362.0,136.0,0.0
3.0,4.0,3.0,5.0,6.0,4.0,6.0,0.0,5.0,42.0,42.0,57.0,0.0,12.0,24.0,7.0,0.0,1.0,7.0,1.166666667,1.166666667,57.0,132.0,2362.0,136.0,0.0
3.0,4.0,3.0,3.0,9.0,7.0,9.0,1.0,99.0,72.0,72.0,126.0,0.0,34.0,198.0,12.0,1.0,1.0,12.0,1.333333333,1.333333333,38.0,198.0,4223.0,240.0,0.0
4.0,23.0,5.0,5.0,5.0,3.0,5.0,0.0,42.0,66.0,66.0,61.0,0.0,11.0,60.0,18.0,0.0,1.0,18.0,3.6,3.6,38.0,198.0,4223.0,240.0,0.0
3.0,12.0,3.0,8.0,30.0,10.0,22.0,8.0,111.0,377.0,310.0,1214.0,0.057142857000000005,32.0,208.0,61.0,0.943965517,0.681818182,51.0,2.0333333330000003,2.3181818180000002,38.0,198.0,4223.0,240.0,0.0
3.0,5.0,3.0,4.0,123.0,138.0,94.0,108.0,77.0,1957.0,1669.0,51801.0,0.012612613,145.0,571.0,273.0,0.9921068609999999,0.404145078,234.0,2.219512195,2.489361702,38.0,198.0,4223.0,240.0,0.0
4.0,6.0,6.0,7.0,7.0,0.0,7.0,1.0,0.0,44.0,44.0,35.0,1.0,3.0,12.0,13.0,0.0,1.0,13.0,1.857142857,1.857142857,78.0,182.0,3615.0,233.0,1.0
3.0,11.0,6.0,6.0,48.0,25.0,39.0,54.0,534.0,1116.0,1063.0,1992.0,0.054054054000000004,23.0,104.0,115.0,0.994877857,0.402777778,105.0,2.395833333,2.692307692,50.0,388.0,8258.0,437.0,0.0
4.0,23.0,6.0,8.0,90.0,1.0,83.0,18.0,0.0,2829.0,2637.0,54.0,0.042455535999999995,1.0,91.0,252.0,0.971910112,0.845070423,242.0,2.8,2.9156626510000003,50.0,388.0,8258.0,437.0,0.0
4.0,30.0,7.0,8.0,90.0,1.0,83.0,18.0,0.0,2829.0,2637.0,54.0,0.042455535999999995,1.0,91.0,252.0,0.971910112,0.845070423,242.0,2.8,2.9156626510000003,50.0,388.0,8258.0,437.0,0.0
3.0,20.0,10.0,11.0,9.0,10.0,9.0,2.0,15.0,158.0,158.0,346.0,0.666666667,10.0,36.0,24.0,0.6875,1.0,24.0,2.666666667,2.666666667,74.0,380.0,5031.0,435.0,0.0
3.0,4.0,3.0,0.0,63.0,0.0,43.0,4.0,-1.0,192.0,119.0,0.0,0.0,11.0,63.0,63.0,1.016129032,0.0,43.0,1.0,1.0,74.0,380.0,5031.0,435.0,0.0
3.0,28.0,8.0,9.0,9.0,9.0,8.0,2.0,15.0,118.0,101.0,280.0,0.4,10.0,31.0,22.0,0.75,0.857142857,19.0,2.444444444,2.375,74.0,380.0,5031.0,435.0,0.0
3.0,4.0,3.0,5.0,9.0,9.0,9.0,4.0,17.0,77.0,77.0,152.0,0.166666667,12.0,30.0,12.0,0.9375,1.0,12.0,1.333333333,1.333333333,74.0,380.0,5031.0,435.0,0.0
3.0,90.0,7.0,16.0,15.0,4.0,14.0,13.0,538.0,573.0,568.0,94.0,0.095238095,1.0,21.0,40.0,0.972527473,0.8888888890000001,39.0,2.666666667,2.785714286,18.0,37.0,2462.0,40.0,0.0
3.0,20.0,3.0,5.0,10.0,2.0,4.0,7.0,6.0,90.0,58.0,53.0,0.222222222,2.0,19.0,13.0,0.920634921,0.4,7.0,1.3,1.75,18.0,37.0,2462.0,40.0,0.0
3.0,26.0,7.0,7.0,98.0,21.0,71.0,23.0,516.0,1350.0,995.0,9678.0,0.071103983,23.0,185.0,277.0,0.980277902,0.6,203.0,2.826530612,2.85915493,59.0,322.0,6298.0,410.0,0.0
3.0,4.0,4.0,3.0,5.0,4.0,5.0,1.0,17.0,51.0,51.0,71.0,0.0,6.0,33.0,7.0,1.0,1.0,7.0,1.4,1.4,59.0,322.0,6298.0,410.0,0.0
3.0,27.0,10.0,12.0,5.0,5.0,5.0,3.0,17.0,90.0,90.0,116.0,0.0,7.0,39.0,10.0,1.083333333,1.0,10.0,2.0,2.0,59.0,322.0,6298.0,410.0,0.0
3.0,1.0,3.0,0.0,1.0,0.0,1.0,0.0,-1.0,3.0,3.0,0.0,1.0,0.0,1.0,1.0,0.0,0.0,1.0,1.0,1.0,3.0,12.0,237.0,12.0,0.0
7.0,29.0,9.0,14.0,2.0,2.0,2.0,3.0,576.0,37.0,37.0,2.0,1.0,2.0,5.0,5.0,1.0,1.0,5.0,2.5,2.5,57.0,132.0,2362.0,136.0,1.0
7.0,19.0,15.0,15.0,14.0,5.0,12.0,4.0,0.0,153.0,139.0,166.0,0.109090909,5.0,23.0,23.0,0.923076923,0.857142857,20.0,1.642857143,1.6666666669999999,59.0,322.0,6298.0,410.0,1.0
8.0,10.0,11.0,11.0,6.0,0.0,6.0,0.0,0.0,150.0,150.0,0.0,1.0,0.0,6.0,22.0,0.0,1.0,22.0,3.666666667,3.666666667,59.0,322.0,6298.0,410.0,1.0
10.0,11.0,13.0,13.0,6.0,0.0,6.0,0.0,0.0,150.0,150.0,0.0,1.0,0.0,6.0,22.0,0.0,1.0,22.0,3.666666667,3.666666667,59.0,322.0,6298.0,410.0,1.0
7.0,10.0,7.0,14.0,4.0,4.0,3.0,12.0,0.0,157.0,149.0,48.0,1.0,3.0,13.0,10.0,0.833333333,0.4,9.0,2.5,3.0,30.0,76.0,1343.0,128.0,1.0
0.0,20.0,1.0,7.0,29.0,25.0,29.0,4.0,0.0,1371.0,1371.0,4344.0,0.0,27.0,87.0,328.0,0.7232142859999999,1.0,328.0,11.31034483,11.31034483,8.0,97.0,2639.0,106.0,0.0
1.0,7.0,1.0,1.0,29.0,25.0,29.0,4.0,0.0,1371.0,1371.0,4344.0,0.0,27.0,87.0,328.0,0.7232142859999999,1.0,328.0,11.31034483,11.31034483,8.0,97.0,2639.0,106.0,0.0
2.0,3.0,2.0,2.0,4.0,0.0,4.0,0.0,15.0,18.0,18.0,24.0,1.0,1.0,9.0,4.0,0.0,1.0,4.0,1.0,1.0,8.0,97.0,2639.0,106.0,0.0
0.0,3.0,0.0,1.0,32.0,1.0,24.0,11.0,0.0,590.0,550.0,72.0,0.19166666699999999,3.0,34.0,174.0,0.7771260999999999,0.578947368,166.0,5.4375,6.916666667,8.0,97.0,2639.0,106.0,0.0
1.0,7.0,1.0,3.0,24.0,0.0,24.0,2.0,0.0,669.0,669.0,0.0,0.0,1.0,24.0,251.0,1.0,0.923076923,251.0,10.45833333,10.45833333,5.0,33.0,943.0,34.0,0.0
1.0,22.0,3.0,3.0,24.0,0.0,24.0,2.0,0.0,669.0,669.0,0.0,0.0,1.0,24.0,251.0,1.0,0.923076923,251.0,10.45833333,10.45833333,5.0,33.0,943.0,34.0,0.0
0.0,17.0,6.0,7.0,5.0,1.0,5.0,1.0,0.0,174.0,174.0,10.0,0.1,1.0,6.0,45.0,0.75,1.0,45.0,9.0,9.0,5.0,33.0,943.0,34.0,0.0
1.0,3.0,1.0,1.0,5.0,1.0,5.0,1.0,0.0,174.0,174.0,10.0,0.1,1.0,6.0,45.0,0.75,1.0,45.0,9.0,9.0,5.0,33.0,943.0,34.0,0.0
1.0,4.0,1.0,3.0,2.0,0.0,2.0,1.0,0.0,11.0,11.0,5.0,1.0,2.0,3.0,2.0,1.0,0.666666667,2.0,1.0,1.0,32.0,40.0,1690.0,42.0,0.0
1.0,12.0,6.0,9.0,31.0,4.0,31.0,2.0,0.0,828.0,828.0,1106.0,0.0,36.0,44.0,213.0,0.666666667,1.0,213.0,6.870967742,6.870967742,3.0,54.0,1422.0,54.0,0.0
1.0,4.0,2.0,2.0,31.0,4.0,31.0,2.0,0.0,828.0,828.0,1106.0,0.0,36.0,44.0,213.0,0.666666667,1.0,213.0,6.870967742,6.870967742,3.0,54.0,1422.0,54.0,0.0
0.0,48.0,3.0,17.0,21.0,31.0,21.0,17.0,0.0,569.0,569.0,764.0,1.0,35.0,53.0,91.0,0.9117647059999999,1.0,91.0,4.333333333,4.333333333,3.0,54.0,1422.0,54.0,0.0
0.0,10.0,1.0,4.0,21.0,31.0,21.0,17.0,0.0,569.0,569.0,764.0,1.0,35.0,53.0,91.0,0.9117647059999999,1.0,91.0,4.333333333,4.333333333,3.0,54.0,1422.0,54.0,0.0
1.0,15.0,7.0,7.0,21.0,31.0,21.0,17.0,0.0,569.0,569.0,764.0,1.0,35.0,53.0,91.0,0.9117647059999999,1.0,91.0,4.333333333,4.333333333,3.0,54.0,1422.0,54.0,0.0
1.0,3.0,1.0,1.0,21.0,31.0,21.0,17.0,0.0,569.0,569.0,764.0,1.0,35.0,53.0,91.0,0.9117647059999999,1.0,91.0,4.333333333,4.333333333,3.0,54.0,1422.0,54.0,0.0
5.0,48.0,6.0,17.0,29.0,25.0,29.0,4.0,0.0,1371.0,1371.0,4344.0,0.0,27.0,87.0,328.0,0.7232142859999999,1.0,328.0,11.31034483,11.31034483,8.0,97.0,2639.0,106.0,1.0
4.0,4.0,4.0,5.0,2.0,0.0,2.0,1.0,0.0,14.0,14.0,3.0,1.0,1.0,3.0,2.0,2.0,0.666666667,2.0,1.0,1.0,8.0,97.0,2639.0,106.0,0.0
4.0,3.0,4.0,4.0,4.0,0.0,4.0,0.0,15.0,18.0,18.0,24.0,1.0,1.0,9.0,4.0,0.0,1.0,4.0,1.0,1.0,8.0,97.0,2639.0,106.0,1.0
3.0,3.0,3.0,3.0,4.0,0.0,4.0,0.0,15.0,18.0,18.0,24.0,1.0,1.0,9.0,4.0,0.0,1.0,4.0,1.0,1.0,8.0,97.0,2639.0,106.0,0.0
3.0,14.0,6.0,9.0,25.0,14.0,24.0,6.0,0.0,312.0,304.0,670.0,0.833333333,15.0,41.0,62.0,0.7013888890000001,0.923076923,61.0,2.48,2.541666667,8.0,97.0,2639.0,106.0,1.0
4.0,14.0,7.0,10.0,25.0,14.0,24.0,6.0,0.0,312.0,304.0,670.0,0.833333333,15.0,41.0,62.0,0.7013888890000001,0.923076923,61.0,2.48,2.541666667,8.0,97.0,2639.0,106.0,1.0
4.0,14.0,7.0,10.0,25.0,14.0,24.0,6.0,0.0,312.0,304.0,670.0,0.833333333,15.0,41.0,62.0,0.7013888890000001,0.923076923,61.0,2.48,2.541666667,8.0,97.0,2639.0,106.0,1.0
3.0,19.0,7.0,10.0,25.0,14.0,24.0,6.0,0.0,312.0,304.0,670.0,0.833333333,15.0,41.0,62.0,0.7013888890000001,0.923076923,61.0,2.48,2.541666667,8.0,97.0,2639.0,106.0,1.0
3.0,5.0,3.0,5.0,6.0,0.0,6.0,1.0,14.0,50.0,50.0,0.0,1.0,0.0,6.0,13.0,0.6,1.0,13.0,2.166666667,2.166666667,8.0,97.0,2639.0,106.0,0.0
5.0,11.0,6.0,13.0,32.0,1.0,24.0,11.0,0.0,590.0,550.0,72.0,0.19166666699999999,3.0,34.0,174.0,0.7771260999999999,0.578947368,166.0,5.4375,6.916666667,8.0,97.0,2639.0,106.0,1.0
3.0,3.0,3.0,0.0,32.0,1.0,24.0,11.0,0.0,590.0,550.0,72.0,0.19166666699999999,3.0,34.0,174.0,0.7771260999999999,0.578947368,166.0,5.4375,6.916666667,8.0,97.0,2639.0,106.0,0.0
4.0,3.0,4.0,4.0,32.0,1.0,24.0,11.0,0.0,590.0,550.0,72.0,0.19166666699999999,3.0,34.0,174.0,0.7771260999999999,0.578947368,166.0,5.4375,6.916666667,8.0,97.0,2639.0,106.0,1.0
3.0,11.0,5.0,5.0,24.0,0.0,24.0,2.0,0.0,669.0,669.0,0.0,0.0,1.0,24.0,251.0,1.0,0.923076923,251.0,10.45833333,10.45833333,5.0,33.0,943.0,34.0,0.0
3.0,5.0,3.0,6.0,1.0,0.0,1.0,2.0,0.0,23.0,23.0,3.0,1.0,2.0,2.0,1.0,0.0,0.333333333,1.0,1.0,1.0,32.0,40.0,1690.0,42.0,0.0
4.0,6.0,4.0,8.0,1.0,0.0,1.0,4.0,0.0,16.0,16.0,0.0,1.0,0.0,1.0,1.0,0.0,0.2,1.0,1.0,1.0,32.0,40.0,1690.0,42.0,1.0
3.0,5.0,3.0,6.0,1.0,0.0,1.0,2.0,0.0,11.0,11.0,3.0,1.0,2.0,2.0,1.0,0.0,0.333333333,1.0,1.0,1.0,32.0,40.0,1690.0,42.0,0.0
4.0,6.0,4.0,8.0,1.0,0.0,1.0,4.0,0.0,16.0,16.0,0.0,1.0,0.0,1.0,1.0,0.0,0.2,1.0,1.0,1.0,32.0,40.0,1690.0,42.0,1.0
3.0,5.0,3.0,6.0,2.0,0.0,2.0,3.0,0.0,22.0,22.0,0.0,1.0,0.0,2.0,2.0,2.0,0.4,2.0,1.0,1.0,32.0,40.0,1690.0,42.0,0.0
3.0,5.0,3.0,6.0,1.0,0.0,1.0,2.0,0.0,32.0,32.0,3.0,1.0,2.0,2.0,1.0,0.0,0.333333333,1.0,1.0,1.0,32.0,40.0,1690.0,42.0,0.0
5.0,7.0,5.0,10.0,1.0,0.0,1.0,5.0,0.0,20.0,20.0,0.0,1.0,1.0,1.0,1.0,0.0,0.166666667,1.0,1.0,1.0,32.0,40.0,1690.0,42.0,1.0
3.0,26.0,5.0,10.0,31.0,4.0,31.0,2.0,0.0,828.0,828.0,1106.0,0.0,36.0,44.0,213.0,0.666666667,1.0,213.0,6.870967742,6.870967742,3.0,54.0,1422.0,54.0,0.0
9.0,12.0,9.0,18.0,2.0,0.0,2.0,8.0,0.0,76.0,76.0,8.0,1.0,2.0,3.0,2.0,2.0,0.2,2.0,1.0,1.0,32.0,40.0,1690.0,42.0,1.0
2.0,6.0,2.0,3.0,10.0,3.0,8.0,5.0,48.0,115.0,95.0,74.0,0.035714286,23.0,81.0,11.0,0.977777778,0.666666667,9.0,1.1,1.125,74.0,1060.0,22173.0,1956.0,0.0
1.0,16.0,1.0,9.0,17.0,5.0,11.0,6.0,-1.0,181.0,127.0,270.0,0.104761905,12.0,29.0,20.0,0.9375,-1.0,14.0,1.176470588,1.2727272729999999,74.0,1060.0,22173.0,1956.0,0.0
0.0,4.0,0.0,4.0,201.0,18.0,79.0,64.0,31.0,1849.0,791.0,30542.0,0.08776204300000001,33.0,336.0,223.0,0.99046875,0.39,93.0,1.109452736,1.17721519,74.0,1060.0,22173.0,1956.0,0.0
0.0,11.0,1.0,1.0,10.0,4.0,5.0,7.0,0.0,131.0,79.0,88.0,0.047619048,7.0,17.0,13.0,0.9841269840000001,0.25,7.0,1.3,1.4,74.0,1060.0,22173.0,1956.0,0.0
0.0,4.0,0.0,1.0,16.0,4.0,11.0,10.0,0.0,401.0,347.0,64.0,0.35164835200000005,4.0,22.0,47.0,0.8866666670000001,0.6,38.0,2.9375,3.454545455,96.0,756.0,17329.0,801.0,0.0
0.0,5.0,0.0,2.0,52.0,6.0,51.0,12.0,0.0,619.0,613.0,560.0,0.032156863,5.0,63.0,106.0,0.968954248,0.8888888890000001,105.0,2.038461538,2.058823529,96.0,756.0,17329.0,801.0,0.0
1.0,9.0,1.0,2.0,28.0,1.0,26.0,2.0,-1.0,188.0,162.0,54.0,0.005291005,25.0,29.0,29.0,0.962962963,-1.0,27.0,1.035714286,1.038461538,48.0,1247.0,18514.0,1653.0,0.0
0.0,4.0,0.0,1.0,5.0,0.0,3.0,4.0,4.0,85.0,50.0,17.0,0.5,5.0,13.0,8.0,0.9375,0.5,4.0,1.6,1.333333333,48.0,1247.0,18514.0,1653.0,0.0
1.0,1.0,1.0,0.0,13.0,0.0,9.0,7.0,-1.0,121.0,96.0,0.0,0.0,4.0,13.0,13.0,1.083333333,0.0,9.0,1.0,1.0,48.0,1247.0,18514.0,1653.0,0.0
0.0,4.0,0.0,1.0,51.0,1.0,36.0,1.0,-1.0,277.0,183.0,1879.0,0.43102040799999997,18.0,85.0,52.0,0.36,-1.0,37.0,1.019607843,1.027777778,48.0,1247.0,18514.0,1653.0,0.0
0.0,1.0,0.0,0.0,11.0,0.0,11.0,0.0,-1.0,103.0,103.0,0.0,0.0,8.0,11.0,11.0,0.0,0.0,11.0,1.0,1.0,7.0,56.0,966.0,80.0,0.0
0.0,8.0,0.0,2.0,4.0,4.0,3.0,8.0,0.0,116.0,53.0,106.0,1.0,5.0,17.0,14.0,1.166666667,1.0,3.0,3.5,1.0,46.0,268.0,8188.0,296.0,0.0
1.0,24.0,2.0,5.0,35.0,49.0,30.0,33.0,47.0,2656.0,2459.0,9148.0,0.258064516,84.0,275.0,262.0,0.9616755790000001,0.4,231.0,7.485714286,7.7,81.0,516.0,21006.0,599.0,0.0
0.0,5.0,0.0,1.0,3.0,0.0,3.0,1.0,34.0,23.0,23.0,0.0,1.0,6.0,46.0,3.0,0.0,1.0,3.0,1.0,1.0,24.0,157.0,2316.0,198.0,0.0
0.0,4.0,0.0,1.0,30.0,4.0,30.0,2.0,0.0,269.0,269.0,963.0,0.86453202,15.0,60.0,33.0,0.568965517,1.0,33.0,1.1,1.1,21.0,154.0,3573.0,263.0,0.0
3.0,26.0,5.0,6.0,79.0,70.0,76.0,8.0,28.0,1527.0,1481.0,12421.0,0.078947368,133.0,185.0,231.0,0.951923077,0.953125,225.0,2.9240506330000002,2.960526316,184.0,2134.0,45362.0,3035.0,0.0
3.0,11.0,3.0,5.0,8.0,9.0,7.0,3.0,0.0,92.0,57.0,106.0,0.28571428600000004,12.0,21.0,11.0,0.857142857,0.857142857,7.0,1.375,1.0,184.0,2134.0,45362.0,3035.0,0.0
3.0,40.0,11.0,13.0,5.0,2.0,5.0,1.0,2.0,107.0,107.0,62.0,0.0,5.0,13.0,13.0,1.0,1.0,13.0,2.6,2.6,184.0,2134.0,45362.0,3035.0,0.0
3.0,8.0,3.0,3.0,16.0,4.0,13.0,0.0,111.0,214.0,177.0,210.0,0.0,43.0,195.0,27.0,0.0,0.666666667,23.0,1.6875,1.769230769,184.0,2134.0,45362.0,3035.0,0.0
3.0,11.0,3.0,9.0,16.0,9.0,11.0,7.0,0.0,214.0,184.0,805.0,0.384615385,18.0,52.0,28.0,0.8666666670000001,0.5,23.0,1.75,2.090909091,184.0,2134.0,45362.0,3035.0,0.0
3.0,20.0,4.0,4.0,5.0,1.0,5.0,1.0,2.0,71.0,71.0,34.0,0.0,5.0,11.0,11.0,1.0,1.0,11.0,2.2,2.2,184.0,2134.0,45362.0,3035.0,0.0
3.0,6.0,4.0,5.0,45.0,6.0,45.0,16.0,0.0,930.0,930.0,1002.0,0.127906977,5.0,61.0,97.0,0.982954545,0.74,97.0,2.155555556,2.155555556,96.0,756.0,17329.0,801.0,0.0
3.0,25.0,4.0,8.0,143.0,112.0,143.0,8.0,0.0,3849.0,3849.0,129220.0,0.003740065,143.0,685.0,478.0,0.9859154929999999,1.0,478.0,3.342657343,3.342657343,96.0,756.0,17329.0,801.0,0.0
3.0,33.0,8.0,12.0,19.0,8.0,19.0,36.0,0.0,815.0,815.0,322.0,0.054945055,9.0,36.0,115.0,0.969135802,1.0,115.0,6.052631579,6.052631579,96.0,756.0,17329.0,801.0,0.0
3.0,7.0,6.0,10.0,1.0,2.0,1.0,0.0,11.0,12.0,12.0,4.0,1.0,3.0,3.0,1.0,0.0,1.0,1.0,1.0,1.0,134.0,386.0,12585.0,409.0,0.0
3.0,16.0,5.0,5.0,13.0,4.0,13.0,4.0,8.0,216.0,216.0,170.0,0.060606060999999996,12.0,80.0,25.0,0.9375,0.8888888890000001,25.0,1.9230769230000002,1.9230769230000002,134.0,386.0,12585.0,409.0,0.0
4.0,6.0,4.0,8.0,14.0,4.0,7.0,9.0,0.0,124.0,82.0,112.0,0.036363636,7.0,27.0,14.0,0.982905983,0.46153846200000004,7.0,1.0,1.0,70.0,686.0,18923.0,1266.0,0.0
3.0,11.0,4.0,4.0,25.0,4.0,25.0,0.0,0.0,545.0,545.0,1728.0,0.0,6.0,41.0,25.0,0.0,1.0,25.0,1.0,1.0,48.0,1247.0,18514.0,1653.0,0.0
3.0,36.0,7.0,12.0,8.0,20.0,6.0,3.0,80.0,295.0,277.0,560.0,0.0,84.0,264.0,28.0,1.0,0.0,26.0,3.5,4.333333333,21.0,130.0,3603.0,140.0,0.0
3.0,39.0,9.0,19.0,47.0,39.0,39.0,20.0,79.0,1913.0,1812.0,4405.0,0.154654655,82.0,279.0,240.0,0.959782609,0.75,227.0,5.106382979,5.820512821,81.0,516.0,21006.0,599.0,0.0
5.0,14.0,5.0,10.0,20.0,2.0,4.0,12.0,-1.0,169.0,60.0,16.0,0.09356725099999999,6.0,23.0,23.0,0.9649122809999999,-1.0,5.0,1.15,1.25,81.0,516.0,21006.0,599.0,1.0
4.0,29.0,8.0,13.0,27.0,18.0,19.0,16.0,0.0,925.0,683.0,3010.0,0.27450980399999997,18.0,93.0,139.0,0.913461538,0.6,91.0,5.148148148,4.789473684,81.0,516.0,21006.0,599.0,0.0
3.0,4.0,3.0,2.0,3.0,1.0,3.0,0.0,0.0,17.0,17.0,8.0,0.0,1.0,4.0,3.0,0.0,-1.0,3.0,1.0,1.0,81.0,516.0,21006.0,599.0,0.0
5.0,99.0,12.0,14.0,9.0,19.0,9.0,1.0,4.0,472.0,472.0,559.0,0.0,30.0,63.0,73.0,1.0,1.0,73.0,8.111111111,8.111111111,19.0,97.0,2553.0,103.0,1.0
3.0,17.0,4.0,4.0,97.0,32.0,57.0,40.0,61.0,1622.0,1230.0,8741.0,0.104240766,55.0,247.0,229.0,0.9697916670000001,0.37662337700000004,182.0,2.3608247419999997,3.192982456,12.0,88.0,2918.0,201.0,0.0
4.0,55.0,4.0,30.0,9.0,18.0,9.0,15.0,0.0,273.0,273.0,1324.0,1.0,21.0,92.0,22.0,1.0,0.0625,22.0,2.444444444,2.444444444,21.0,154.0,3573.0,263.0,0.0
11.0,46.0,12.0,11.0,143.0,112.0,143.0,8.0,0.0,3849.0,3849.0,129220.0,0.003740065,143.0,685.0,478.0,0.9859154929999999,1.0,478.0,3.342657343,3.342657343,96.0,756.0,17329.0,801.0,1.0
16.0,37.0,16.0,24.0,5.0,4.0,5.0,0.0,0.0,174.0,174.0,322.0,0.0,4.0,42.0,21.0,0.0,1.0,21.0,4.2,4.2,96.0,756.0,17329.0,801.0,1.0
8.0,22.0,8.0,8.0,10.0,1.0,8.0,10.0,0.0,155.0,142.0,66.0,0.7333333329999999,2.0,13.0,12.0,0.7666666670000001,0.6,10.0,1.2,1.25,81.0,516.0,21006.0,599.0,1.0
7.0,21.0,7.0,7.0,10.0,1.0,8.0,10.0,0.0,155.0,142.0,66.0,0.7333333329999999,2.0,13.0,12.0,0.7666666670000001,0.6,10.0,1.2,1.25,81.0,516.0,21006.0,599.0,1.0
7.0,173.0,15.0,44.0,38.0,39.0,30.0,22.0,79.0,1735.0,1564.0,2873.0,0.238636364,84.0,276.0,222.0,0.9361179359999999,0.5,194.0,5.842105263,6.466666667,81.0,516.0,21006.0,599.0,1.0
7.0,13.0,8.0,8.0,38.0,39.0,30.0,22.0,79.0,1735.0,1564.0,2873.0,0.238636364,84.0,276.0,222.0,0.9361179359999999,0.5,194.0,5.842105263,6.466666667,81.0,516.0,21006.0,599.0,1.0
7.0,21.0,7.0,7.0,11.0,1.0,9.0,10.0,0.0,162.0,149.0,68.0,0.6190476189999999,2.0,14.0,13.0,0.79,0.8,11.0,1.181818182,1.222222222,81.0,516.0,21006.0,599.0,1.0
7.0,22.0,7.0,7.0,35.0,35.0,34.0,16.0,47.0,1533.0,1524.0,4783.0,0.358333333,72.0,214.0,186.0,0.9485294120000001,0.666666667,185.0,5.3142857139999995,5.441176471,81.0,516.0,21006.0,599.0,1.0
7.0,29.0,7.0,16.0,27.0,18.0,19.0,16.0,0.0,925.0,683.0,3010.0,0.27450980399999997,18.0,93.0,139.0,0.913461538,0.6,91.0,5.148148148,4.789473684,81.0,516.0,21006.0,599.0,1.0
7.0,29.0,7.0,15.0,27.0,18.0,19.0,16.0,0.0,925.0,683.0,3010.0,0.27450980399999997,18.0,93.0,139.0,0.913461538,0.6,91.0,5.148148148,4.789473684,81.0,516.0,21006.0,599.0,1.0
16.0,66.0,16.0,37.0,6.0,3.0,6.0,19.0,0.0,336.0,336.0,38.0,0.0,6.0,10.0,25.0,0.7894736840000001,0.8,25.0,4.166666667,4.166666667,81.0,516.0,21006.0,599.0,1.0
7.0,85.0,13.0,14.0,8.0,5.0,8.0,0.0,-1.0,435.0,435.0,370.0,0.0,6.0,21.0,24.0,0.0,-1.0,24.0,3.0,3.0,9.0,37.0,1824.0,44.0,1.0
7.0,85.0,13.0,14.0,8.0,5.0,8.0,0.0,-1.0,435.0,435.0,370.0,0.0,6.0,21.0,24.0,0.0,-1.0,24.0,3.0,3.0,9.0,37.0,1824.0,44.0,1.0
7.0,86.0,14.0,15.0,8.0,5.0,8.0,0.0,-1.0,435.0,435.0,370.0,0.0,6.0,21.0,24.0,0.0,-1.0,24.0,3.0,3.0,9.0,37.0,1824.0,44.0,1.0
2.0,32.0,8.0,9.0,5.0,3.0,5.0,1.0,4.0,125.0,125.0,33.0,0.0,4.0,16.0,11.0,1.0,1.0,11.0,2.2,2.2,11.0,35.0,809.0,37.0,0.0
0.0,5.0,0.0,0.0,11.0,10.0,11.0,0.0,14.0,85.0,85.0,150.0,0.0,13.0,37.0,11.0,0.0,1.0,11.0,1.0,1.0,11.0,35.0,809.0,37.0,0.0
2.0,3.0,2.0,2.0,4.0,0.0,4.0,0.0,15.0,17.0,17.0,0.0,1.0,0.0,4.0,4.0,0.0,1.0,4.0,1.0,1.0,7.0,57.0,889.0,86.0,0.0
0.0,6.0,0.0,2.0,27.0,8.0,26.0,2.0,0.0,306.0,297.0,856.0,0.0,8.0,44.0,36.0,1.038461538,0.962962963,35.0,1.333333333,1.346153846,7.0,57.0,889.0,86.0,0.0
1.0,3.0,1.0,2.0,27.0,8.0,26.0,2.0,0.0,306.0,297.0,856.0,0.0,8.0,44.0,36.0,1.038461538,0.962962963,35.0,1.333333333,1.346153846,7.0,57.0,889.0,86.0,0.0
2.0,3.0,2.0,3.0,27.0,8.0,26.0,2.0,0.0,306.0,297.0,856.0,0.0,8.0,44.0,36.0,1.038461538,0.962962963,35.0,1.333333333,1.346153846,7.0,57.0,889.0,86.0,0.0
0.0,3.0,0.0,1.0,6.0,0.0,2.0,2.0,0.0,52.0,16.0,0.0,0.333333333,1.0,6.0,6.0,0.8,0.333333333,2.0,1.0,1.0,7.0,57.0,889.0,86.0,0.0
1.0,5.0,1.0,4.0,12.0,0.0,6.0,3.0,0.0,112.0,58.0,0.0,0.194444444,1.0,12.0,12.0,0.848484848,0.5,6.0,1.0,1.0,7.0,57.0,889.0,86.0,0.0
0.0,3.0,0.0,0.0,12.0,0.0,6.0,3.0,0.0,112.0,58.0,0.0,0.194444444,1.0,12.0,12.0,0.848484848,0.5,6.0,1.0,1.0,7.0,57.0,889.0,86.0,0.0
1.0,3.0,1.0,2.0,12.0,0.0,6.0,3.0,0.0,112.0,58.0,0.0,0.194444444,1.0,12.0,12.0,0.848484848,0.5,6.0,1.0,1.0,7.0,57.0,889.0,86.0,0.0
1.0,4.0,1.0,2.0,8.0,0.0,4.0,8.0,0.0,151.0,113.0,0.0,0.6,0.0,8.0,16.0,0.9285714290000001,0.428571429,12.0,2.0,3.0,10.0,60.0,1447.0,77.0,0.0
0.0,3.0,0.0,1.0,19.0,2.0,7.0,6.0,30.0,198.0,84.0,257.0,0.16911764699999998,9.0,57.0,28.0,0.87037037,0.333333333,16.0,1.473684211,2.285714286,4.0,18.0,306.0,34.0,0.0
0.0,3.0,0.0,1.0,19.0,2.0,7.0,6.0,30.0,198.0,84.0,257.0,0.16911764699999998,9.0,57.0,28.0,0.87037037,0.333333333,16.0,1.473684211,2.285714286,4.0,18.0,306.0,34.0,0.0
0.0,4.0,0.0,1.0,23.0,0.0,22.0,4.0,0.0,307.0,295.0,0.0,0.12857142900000001,0.0,23.0,33.0,0.875,0.954545455,32.0,1.434782609,1.454545455,4.0,34.0,1229.0,42.0,0.0
1.0,4.0,1.0,2.0,24.0,2.0,8.0,10.0,0.0,309.0,157.0,88.0,0.11904761900000001,2.0,26.0,46.0,0.926086957,0.333333333,30.0,1.9166666669999999,3.75,6.0,33.0,790.0,64.0,0.0
4.0,6.0,4.0,2.0,5.0,3.0,5.0,1.0,4.0,125.0,125.0,33.0,0.0,4.0,16.0,11.0,1.0,1.0,11.0,2.2,2.2,11.0,35.0,809.0,37.0,1.0
4.0,7.0,4.0,2.0,2.0,0.0,2.0,1.0,4.0,48.0,48.0,0.0,0.0,1.0,10.0,8.0,1.0,1.0,8.0,4.0,4.0,11.0,35.0,809.0,37.0,1.0
4.0,7.0,4.0,2.0,2.0,0.0,2.0,1.0,4.0,64.0,64.0,0.0,0.0,1.0,10.0,12.0,1.0,1.0,12.0,6.0,6.0,11.0,35.0,809.0,37.0,1.0
4.0,7.0,4.0,2.0,2.0,0.0,2.0,1.0,4.0,33.0,33.0,5.0,0.0,2.0,10.0,4.0,1.0,1.0,4.0,2.0,2.0,11.0,35.0,809.0,37.0,1.0
4.0,7.0,4.0,2.0,2.0,0.0,2.0,1.0,4.0,35.0,35.0,5.0,0.0,2.0,10.0,4.0,1.0,1.0,4.0,2.0,2.0,11.0,35.0,809.0,37.0,1.0
4.0,7.0,4.0,2.0,2.0,0.0,2.0,1.0,4.0,34.0,34.0,5.0,0.0,2.0,10.0,4.0,1.0,1.0,4.0,2.0,2.0,11.0,35.0,809.0,37.0,1.0
4.0,48.0,5.0,5.0,12.0,3.0,12.0,1.0,-1.0,321.0,321.0,262.0,0.0,4.0,19.0,42.0,1.0909090909999999,-1.0,42.0,3.5,3.5,4.0,29.0,613.0,30.0,0.0
3.0,83.0,4.0,11.0,12.0,3.0,12.0,1.0,-1.0,321.0,321.0,262.0,0.0,4.0,19.0,42.0,1.0909090909999999,-1.0,42.0,3.5,3.5,4.0,29.0,613.0,30.0,0.0
3.0,4.0,3.0,4.0,13.0,1.0,9.0,1.0,10.0,115.0,79.0,101.0,0.7142857140000001,4.0,31.0,13.0,0.583333333,0.692307692,9.0,1.0,1.0,7.0,57.0,889.0,86.0,0.0
4.0,4.0,4.0,5.0,13.0,1.0,9.0,1.0,10.0,115.0,79.0,101.0,0.7142857140000001,4.0,31.0,13.0,0.583333333,0.692307692,9.0,1.0,1.0,7.0,57.0,889.0,86.0,0.0
3.0,5.0,3.0,6.0,12.0,0.0,6.0,3.0,0.0,112.0,58.0,0.0,0.194444444,1.0,12.0,12.0,0.848484848,0.5,6.0,1.0,1.0,7.0,57.0,889.0,86.0,0.0
5.0,17.0,5.0,9.0,17.0,7.0,15.0,2.0,0.0,203.0,193.0,306.0,0.0,7.0,31.0,36.0,1.0625,0.818181818,34.0,2.1176470590000003,2.266666667,10.0,60.0,1447.0,77.0,1.0
5.0,20.0,7.0,15.0,17.0,7.0,15.0,2.0,0.0,203.0,193.0,306.0,0.0,7.0,31.0,36.0,1.0625,0.818181818,34.0,2.1176470590000003,2.266666667,10.0,60.0,1447.0,77.0,1.0
5.0,6.0,5.0,5.0,18.0,5.0,18.0,1.0,0.0,538.0,538.0,104.0,0.0,6.0,31.0,45.0,1.0,1.0,45.0,2.5,2.5,10.0,60.0,1447.0,77.0,1.0
5.0,9.0,6.0,8.0,18.0,5.0,18.0,1.0,0.0,538.0,538.0,104.0,0.0,6.0,31.0,45.0,1.0,1.0,45.0,2.5,2.5,10.0,60.0,1447.0,77.0,1.0
6.0,9.0,7.0,9.0,18.0,5.0,18.0,1.0,0.0,538.0,538.0,104.0,0.0,6.0,31.0,45.0,1.0,1.0,45.0,2.5,2.5,10.0,60.0,1447.0,77.0,1.0
4.0,7.0,4.0,4.0,18.0,5.0,18.0,1.0,0.0,538.0,538.0,104.0,0.0,6.0,31.0,45.0,1.0,1.0,45.0,2.5,2.5,10.0,60.0,1447.0,77.0,0.0
5.0,7.0,5.0,5.0,18.0,5.0,18.0,1.0,0.0,538.0,538.0,104.0,0.0,6.0,31.0,45.0,1.0,1.0,45.0,2.5,2.5,10.0,60.0,1447.0,77.0,1.0
3.0,7.0,3.0,6.0,4.0,0.0,1.0,3.0,10.0,533.0,506.0,0.0,0.0,0.0,4.0,4.0,1.0,0.0,1.0,1.0,1.0,4.0,34.0,1229.0,42.0,0.0
3.0,6.0,3.0,6.0,13.0,0.0,9.0,4.0,10.0,372.0,336.0,0.0,0.0,1.0,13.0,13.0,1.0,0.2,9.0,1.0,1.0,4.0,34.0,1229.0,42.0,0.0
3.0,6.0,3.0,6.0,13.0,0.0,9.0,4.0,10.0,372.0,336.0,0.0,0.0,1.0,13.0,13.0,1.0,0.2,9.0,1.0,1.0,4.0,34.0,1229.0,42.0,0.0
7.0,176.0,18.0,32.0,18.0,5.0,18.0,1.0,0.0,538.0,538.0,104.0,0.0,6.0,31.0,45.0,1.0,1.0,45.0,2.5,2.5,10.0,60.0,1447.0,77.0,1.0
8.0,13.0,8.0,16.0,24.0,2.0,8.0,10.0,0.0,309.0,157.0,88.0,0.11904761900000001,2.0,26.0,46.0,0.926086957,0.333333333,30.0,1.9166666669999999,3.75,6.0,33.0,790.0,64.0,1.0
2.0,1.0,2.0,0.0,8.0,0.0,8.0,0.0,-1.0,87.0,87.0,0.0,0.0,0.0,8.0,8.0,0.0,0.0,8.0,1.0,1.0,39.0,564.0,9554.0,584.0,0.0
1.0,5.0,1.0,2.0,10.0,4.0,8.0,1.0,16.0,187.0,161.0,100.0,0.35714285700000004,5.0,16.0,17.0,0.5555555560000001,0.8,14.0,1.7,1.75,39.0,564.0,9554.0,584.0,0.0
0.0,3.0,0.0,1.0,36.0,5.0,33.0,5.0,18.0,580.0,542.0,1609.0,0.35416666700000005,14.0,93.0,73.0,0.76,0.9117647059999999,70.0,2.027777778,2.121212121,39.0,564.0,9554.0,584.0,0.0
0.0,3.0,0.0,1.0,31.0,4.0,19.0,18.0,6.0,583.0,409.0,144.0,0.177248677,10.0,49.0,58.0,0.9259259259999999,0.5,39.0,1.870967742,2.0526315790000003,15.0,179.0,4573.0,226.0,0.0
0.0,3.0,0.0,1.0,23.0,4.0,15.0,14.0,32.0,452.0,349.0,363.0,0.310526316,11.0,70.0,40.0,0.902597403,0.5,30.0,1.739130435,2.0,15.0,179.0,4573.0,226.0,0.0
1.0,5.0,1.0,3.0,9.0,0.0,9.0,4.0,0.0,170.0,170.0,0.0,0.5,0.0,9.0,23.0,0.78125,1.0,23.0,2.555555556,2.555555556,16.0,194.0,4257.0,218.0,0.0
1.0,6.0,1.0,2.0,93.0,40.0,61.0,32.0,0.0,1768.0,1286.0,2648.0,0.09163545599999999,49.0,217.0,237.0,0.93580163,0.542857143,173.0,2.548387097,2.8360655739999996,22.0,415.0,12125.0,523.0,0.0
1.0,7.0,3.0,3.0,93.0,40.0,61.0,32.0,0.0,1768.0,1286.0,2648.0,0.09163545599999999,49.0,217.0,237.0,0.93580163,0.542857143,173.0,2.548387097,2.8360655739999996,22.0,415.0,12125.0,523.0,0.0
2.0,2.0,2.0,0.0,132.0,0.0,68.0,0.0,-1.0,1726.0,868.0,0.0,0.0,15.0,132.0,132.0,0.0,0.0,68.0,1.0,1.0,28.0,387.0,14624.0,551.0,0.0
2.0,1.0,2.0,0.0,134.0,0.0,71.0,0.0,-1.0,1644.0,859.0,0.0,0.0,16.0,134.0,134.0,0.0,0.0,71.0,1.0,1.0,42.0,502.0,18042.0,690.0,0.0
2.0,17.0,2.0,4.0,56.0,22.0,42.0,14.0,-1.0,1678.0,1460.0,5860.0,0.07267645,28.0,141.0,185.0,0.932467532,-1.0,164.0,3.303571429,3.904761905,42.0,502.0,18042.0,690.0,0.0
1.0,7.0,1.0,2.0,24.0,18.0,16.0,9.0,60.0,587.0,414.0,1184.0,0.298245614,32.0,134.0,68.0,0.8309178740000001,0.6190476189999999,46.0,2.833333333,2.875,46.0,1076.0,33993.0,1556.0,0.0
0.0,1.0,0.0,0.0,8.0,0.0,8.0,0.0,-1.0,62.0,62.0,0.0,0.0,1.0,8.0,8.0,0.0,0.0,8.0,1.0,1.0,14.0,121.0,2198.0,142.0,0.0
0.0,3.0,0.0,1.0,22.0,4.0,15.0,7.0,6.0,370.0,257.0,471.0,0.346405229,6.0,36.0,36.0,0.80952381,0.65,25.0,1.636363636,1.6666666669999999,14.0,201.0,5139.0,273.0,0.0
2.0,55.0,9.0,18.0,22.0,2.0,21.0,4.0,0.0,467.0,432.0,336.0,0.514285714,2.0,31.0,63.0,0.666666667,0.954545455,58.0,2.8636363639999995,2.761904762,16.0,197.0,3899.0,208.0,0.0
3.0,4.0,3.0,3.0,8.0,1.0,8.0,0.0,33.0,106.0,106.0,81.0,0.0,7.0,58.0,8.0,0.0,1.0,8.0,1.0,1.0,39.0,564.0,9554.0,584.0,0.0
3.0,7.0,3.0,3.0,4.0,3.0,4.0,2.0,11.0,89.0,89.0,82.0,0.0,6.0,29.0,8.0,1.333333333,0.75,8.0,2.0,2.0,26.0,207.0,4046.0,208.0,0.0
3.0,12.0,5.0,5.0,10.0,4.0,10.0,4.0,8.0,212.0,212.0,126.0,0.428571429,5.0,29.0,21.0,0.8888888890000001,0.9,21.0,2.1,2.1,26.0,207.0,4046.0,208.0,0.0
3.0,6.0,3.0,3.0,14.0,4.0,14.0,5.0,0.0,390.0,390.0,382.0,0.045454545,5.0,27.0,46.0,0.9538461540000001,1.0,46.0,3.285714286,3.285714286,16.0,194.0,4257.0,218.0,0.0
5.0,4.0,5.0,5.0,11.0,0.0,11.0,4.0,0.0,180.0,180.0,0.0,0.833333333,0.0,11.0,21.0,0.9,0.9,21.0,1.9090909090000001,1.9090909090000001,16.0,194.0,4257.0,218.0,1.0
4.0,7.0,4.0,4.0,27.0,8.0,27.0,0.0,-1.0,656.0,656.0,588.0,0.0,12.0,42.0,45.0,0.0,-1.0,45.0,1.6666666669999999,1.6666666669999999,22.0,415.0,12125.0,523.0,0.0
3.0,6.0,3.0,4.0,27.0,8.0,27.0,0.0,-1.0,656.0,656.0,588.0,0.0,12.0,42.0,45.0,0.0,-1.0,45.0,1.6666666669999999,1.6666666669999999,22.0,415.0,12125.0,523.0,0.0
4.0,2.0,4.0,0.0,132.0,0.0,68.0,0.0,-1.0,1726.0,868.0,0.0,0.0,15.0,132.0,132.0,0.0,0.0,68.0,1.0,1.0,28.0,387.0,14624.0,551.0,0.0
4.0,32.0,8.0,12.0,57.0,24.0,42.0,16.0,-1.0,1660.0,1404.0,6529.0,0.05389610400000001,30.0,152.0,174.0,0.947544643,-1.0,151.0,3.052631579,3.595238095,28.0,387.0,14624.0,551.0,0.0
4.0,32.0,13.0,15.0,16.0,9.0,13.0,7.0,272.0,573.0,527.0,632.0,0.346153846,33.0,377.0,46.0,0.904761905,0.647058824,42.0,2.875,3.230769231,28.0,387.0,14624.0,551.0,0.0
3.0,11.0,6.0,6.0,16.0,12.0,14.0,3.0,245.0,579.0,551.0,547.0,0.109090909,34.0,360.0,58.0,0.8444444440000001,0.846153846,56.0,3.625,4.0,42.0,502.0,18042.0,690.0,0.0
5.0,15.0,6.0,8.0,18.0,6.0,13.0,10.0,238.0,530.0,454.0,320.0,0.14285714300000002,32.0,348.0,61.0,0.9647058820000001,0.6,56.0,3.388888889,4.307692308,42.0,502.0,18042.0,690.0,1.0
3.0,11.0,4.0,5.0,191.0,5.0,89.0,70.0,-1.0,3951.0,2220.0,3812.0,0.019057913,7.0,208.0,396.0,0.9845112779999999,-1.0,243.0,2.0732984290000003,2.730337079,13.0,174.0,5920.0,290.0,0.0
3.0,21.0,3.0,6.0,42.0,5.0,40.0,22.0,19.0,888.0,867.0,1353.0,0.165165165,15.0,78.0,88.0,0.9467849220000001,0.871794872,86.0,2.095238095,2.15,26.0,480.0,9366.0,498.0,0.0
4.0,22.0,8.0,3.0,47.0,9.0,34.0,15.0,120.0,1132.0,928.0,3933.0,0.17692307699999998,23.0,223.0,129.0,0.904347826,0.666666667,108.0,2.744680851,3.176470588,48.0,640.0,19667.0,781.0,0.0
4.0,24.0,8.0,11.0,213.0,27.0,145.0,59.0,56.0,4827.0,3636.0,34819.0,0.022381636,46.0,373.0,576.0,0.9843300290000001,0.6237623760000001,447.0,2.704225352,3.0827586210000004,46.0,1076.0,33993.0,1556.0,0.0
5.0,254.0,36.0,67.0,222.0,28.0,152.0,62.0,57.0,5381.0,4111.0,44777.0,0.022038687,43.0,384.0,682.0,0.9833600929999999,0.637681159,539.0,3.072072072,3.546052632,46.0,1076.0,33993.0,1556.0,1.0
3.0,21.0,8.0,10.0,222.0,28.0,152.0,62.0,57.0,5381.0,4111.0,44777.0,0.022038687,43.0,384.0,682.0,0.9833600929999999,0.637681159,539.0,3.072072072,3.546052632,46.0,1076.0,33993.0,1556.0,0.0
3.0,4.0,3.0,3.0,10.0,2.0,10.0,2.0,9.0,154.0,154.0,115.0,0.1,5.0,25.0,17.0,1.0,1.0,17.0,1.7,1.7,14.0,121.0,2198.0,142.0,0.0
3.0,10.0,4.0,5.0,11.0,0.0,10.0,6.0,51.0,206.0,191.0,0.0,0.7142857140000001,0.0,11.0,23.0,0.833333333,0.9,21.0,2.090909091,2.1,6.0,43.0,1157.0,57.0,0.0
3.0,4.0,3.0,3.0,5.0,0.0,5.0,1.0,0.0,102.0,102.0,0.0,0.5,0.0,5.0,9.0,0.5,1.0,9.0,1.8,1.8,6.0,43.0,1157.0,57.0,0.0
7.0,43.0,22.0,28.0,12.0,3.0,12.0,5.0,6.0,244.0,244.0,134.0,0.428571429,10.0,29.0,25.0,0.854545455,1.0,25.0,2.083333333,2.083333333,15.0,179.0,4573.0,226.0,1.0
8.0,40.0,15.0,30.0,40.0,72.0,40.0,1.0,-1.0,2042.0,2042.0,12202.0,1.0,91.0,169.0,156.0,0.0,-1.0,156.0,3.9,3.9,22.0,415.0,12125.0,523.0,1.0
7.0,26.0,12.0,20.0,40.0,72.0,40.0,1.0,-1.0,2042.0,2042.0,12202.0,1.0,91.0,169.0,156.0,0.0,-1.0,156.0,3.9,3.9,22.0,415.0,12125.0,523.0,1.0
7.0,10.0,7.0,9.0,48.0,0.0,38.0,26.0,0.0,963.0,826.0,0.0,0.07394958,1.0,48.0,89.0,0.960720131,0.7777777779999999,75.0,1.8541666669999999,1.973684211,22.0,415.0,12125.0,523.0,1.0
10.0,103.0,27.0,29.0,16.0,9.0,13.0,7.0,272.0,573.0,527.0,632.0,0.346153846,33.0,377.0,46.0,0.904761905,0.647058824,42.0,2.875,3.230769231,28.0,387.0,14624.0,551.0,1.0
10.0,108.0,30.0,33.0,49.0,15.0,35.0,21.0,237.0,1271.0,1042.0,2383.0,0.066596195,35.0,394.0,144.0,0.9642857140000001,0.6190476189999999,126.0,2.93877551,3.6,28.0,387.0,14624.0,551.0,1.0
10.0,22.0,11.0,12.0,7.0,6.0,6.0,2.0,283.0,390.0,378.0,275.0,0.066666667,36.0,391.0,55.0,1.0,0.75,54.0,7.857142857,9.0,28.0,387.0,14624.0,551.0,1.0
9.0,120.0,34.0,36.0,7.0,6.0,6.0,2.0,283.0,390.0,378.0,275.0,0.066666667,36.0,391.0,55.0,1.0,0.75,54.0,7.857142857,9.0,28.0,387.0,14624.0,551.0,1.0
12.0,112.0,31.0,34.0,9.0,5.0,8.0,2.0,282.0,267.0,247.0,224.0,0.4,33.0,377.0,31.0,0.875,0.875,28.0,3.4444444439999997,3.5,42.0,502.0,18042.0,690.0,1.0
12.0,102.0,30.0,32.0,7.0,9.0,7.0,5.0,238.0,266.0,266.0,312.0,0.1,33.0,335.0,31.0,1.033333333,0.636363636,31.0,4.428571429,4.428571429,42.0,502.0,18042.0,690.0,1.0
8.0,36.0,8.0,16.0,17.0,0.0,17.0,14.0,0.0,331.0,331.0,0.0,0.179487179,1.0,17.0,35.0,0.950892857,0.75,35.0,2.058823529,2.058823529,48.0,640.0,19667.0,781.0,1.0
7.0,25.0,10.0,11.0,213.0,27.0,145.0,59.0,56.0,4827.0,3636.0,34819.0,0.022381636,46.0,373.0,576.0,0.9843300290000001,0.6237623760000001,447.0,2.704225352,3.0827586210000004,46.0,1076.0,33993.0,1556.0,1.0
7.0,24.0,10.0,11.0,222.0,28.0,152.0,62.0,57.0,5381.0,4111.0,44777.0,0.022038687,43.0,384.0,682.0,0.9833600929999999,0.637681159,539.0,3.072072072,3.546052632,46.0,1076.0,33993.0,1556.0,1.0
0.0,1.0,0.0,-1.0,60.0,5.0,50.0,11.0,-1.0,576.0,492.0,38.0,0.010169491999999999,12.0,67.0,84.0,0.9876733440000001,-1.0,71.0,1.4,1.42,31.0,348.0,5792.0,436.0,0.0
2.0,4.0,2.0,4.0,23.0,2.0,21.0,4.0,0.0,296.0,282.0,218.0,0.736842105,4.0,39.0,51.0,0.670454545,0.913043478,49.0,2.217391304,2.333333333,31.0,348.0,5792.0,436.0,0.0
0.0,2.0,0.0,0.0,18.0,6.0,17.0,15.0,517.0,236.0,231.0,204.0,0.00952381,8.0,28.0,40.0,0.984313725,0.9375,39.0,2.222222222,2.2941176469999998,64.0,260.0,5974.0,288.0,0.0
0.0,3.0,0.0,0.0,1.0,1.0,1.0,0.0,0.0,6.0,6.0,4.0,1.0,1.0,2.0,1.0,0.0,1.0,1.0,1.0,1.0,103.0,748.0,17025.0,928.0,0.0
0.0,3.0,0.0,1.0,33.0,17.0,26.0,9.0,0.0,753.0,705.0,1110.0,0.103896104,18.0,82.0,96.0,0.9236111109999999,0.75862069,87.0,2.9090909089999997,3.3461538460000004,103.0,748.0,17025.0,928.0,0.0
1.0,3.0,1.0,0.0,14.0,0.0,12.0,3.0,0.0,88.0,78.0,0.0,0.13636363599999998,1.0,14.0,28.0,0.871794872,0.857142857,26.0,2.0,2.166666667,72.0,783.0,11259.0,840.0,0.0
1.0,1.0,1.0,0.0,20.0,0.0,20.0,0.0,-1.0,39.0,39.0,0.0,0.0,0.0,20.0,20.0,0.0,0.0,20.0,1.0,1.0,72.0,783.0,11259.0,840.0,0.0
0.0,6.0,1.0,3.0,16.0,2.0,16.0,4.0,0.0,114.0,114.0,50.0,0.28571428600000004,4.0,22.0,23.0,0.783333333,1.0,23.0,1.4375,1.4375,72.0,783.0,11259.0,840.0,0.0
1.0,3.0,1.0,2.0,35.0,13.0,33.0,32.0,31.0,1121.0,1112.0,1976.0,0.148148148,22.0,120.0,147.0,0.953125,0.8888888890000001,145.0,4.2,4.393939393999999,168.0,690.0,21327.0,989.0,0.0
0.0,6.0,1.0,2.0,10.0,9.0,8.0,2.0,33.0,189.0,173.0,246.0,1.0,21.0,75.0,40.0,0.666666667,0.833333333,37.0,4.0,4.625,168.0,690.0,21327.0,989.0,0.0
1.0,3.0,1.0,2.0,25.0,7.0,14.0,13.0,31.0,399.0,338.0,247.0,0.20652173899999998,12.0,80.0,67.0,0.8942307690000001,0.541666667,55.0,2.68,3.928571429,168.0,690.0,21327.0,989.0,0.0
0.0,18.0,2.0,4.0,41.0,13.0,26.0,17.0,30.0,931.0,829.0,2032.0,0.102272727,18.0,136.0,153.0,0.913235294,0.53125,130.0,3.7317073169999997,5.0,168.0,690.0,21327.0,989.0,0.0
0.0,7.0,1.0,5.0,14.0,0.0,13.0,9.0,1.0,125.0,120.0,0.0,0.654545455,1.0,15.0,32.0,0.7094017090000001,0.6875,31.0,2.285714286,2.384615385,168.0,690.0,21327.0,989.0,0.0
1.0,3.0,1.0,1.0,3.0,2.0,3.0,0.0,0.0,16.0,16.0,12.0,0.0,3.0,5.0,3.0,0.0,1.0,3.0,1.0,1.0,17.0,78.0,1677.0,87.0,0.0
1.0,3.0,1.0,2.0,12.0,2.0,8.0,3.0,3.0,111.0,91.0,102.0,0.39285714299999996,6.0,23.0,24.0,0.848484848,0.636363636,20.0,2.0,2.5,5.0,28.0,472.0,39.0,0.0
5.0,9.0,5.0,15.0,7.0,5.0,7.0,1.0,27.0,55.0,55.0,51.0,0.5,31.0,73.0,12.0,0.666666667,1.0,12.0,1.714285714,1.714285714,7.0,42.0,398.0,47.0,1.0
3.0,145.0,18.0,36.0,12.0,14.0,12.0,1.0,19.0,329.0,329.0,785.0,0.047619048,20.0,89.0,74.0,0.818181818,1.0,74.0,6.166666667,6.166666667,45.0,313.0,8348.0,385.0,0.0
4.0,11.0,6.0,19.0,22.0,18.0,21.0,9.0,0.0,715.0,703.0,3136.0,0.484848485,20.0,77.0,84.0,0.80952381,0.8888888890000001,83.0,3.8181818180000002,3.952380952,45.0,313.0,8348.0,385.0,0.0
3.0,20.0,4.0,21.0,74.0,19.0,54.0,51.0,28.0,1770.0,1616.0,7157.0,0.072077922,25.0,189.0,301.0,0.96803653,0.6785714290000001,266.0,4.067567568,4.925925926000001,45.0,313.0,8348.0,385.0,0.0
3.0,3.0,3.0,5.0,9.0,0.0,9.0,12.0,0.0,102.0,102.0,0.0,0.222222222,0.0,9.0,11.0,0.864583333,0.5625,11.0,1.222222222,1.222222222,31.0,348.0,5792.0,436.0,1.0
3.0,10.0,4.0,5.0,24.0,19.0,23.0,12.0,0.0,768.0,760.0,1078.0,0.287878788,16.0,64.0,101.0,0.898550725,1.0,99.0,4.208333333,4.304347826,103.0,748.0,17025.0,928.0,0.0
4.0,7.0,5.0,6.0,15.0,5.0,15.0,4.0,0.0,98.0,98.0,134.0,0.41025641,5.0,26.0,22.0,0.75,1.0,22.0,1.466666667,1.466666667,103.0,748.0,17025.0,928.0,0.0
3.0,16.0,5.0,9.0,9.0,4.0,9.0,9.0,3.0,98.0,98.0,32.0,0.3,4.0,15.0,14.0,0.819444444,1.0,14.0,1.5555555559999998,1.5555555559999998,103.0,748.0,17025.0,928.0,0.0
5.0,9.0,5.0,11.0,10.0,7.0,10.0,0.0,36.0,325.0,325.0,286.0,0.0,14.0,83.0,60.0,0.0,1.0,60.0,6.0,6.0,103.0,748.0,17025.0,928.0,1.0
4.0,7.0,4.0,6.0,38.0,11.0,16.0,31.0,-1.0,823.0,715.0,548.0,0.070570571,10.0,61.0,72.0,0.9816913690000001,-1.0,49.0,1.894736842,3.0625,103.0,748.0,17025.0,928.0,0.0
4.0,19.0,6.0,8.0,20.0,8.0,17.0,11.0,0.0,401.0,379.0,790.0,0.18382352899999999,8.0,48.0,74.0,0.913875598,1.0,69.0,3.7,4.058823529,103.0,748.0,17025.0,928.0,0.0
6.0,7.0,6.0,6.0,46.0,12.0,36.0,5.0,29.0,545.0,492.0,2913.0,0.057317072999999996,37.0,166.0,105.0,0.924444444,0.7777777779999999,90.0,2.282608696,2.5,103.0,748.0,17025.0,928.0,1.0
3.0,1.0,3.0,0.0,2.0,0.0,2.0,0.0,-1.0,16.0,16.0,0.0,0.0,1.0,2.0,2.0,0.0,0.0,2.0,1.0,1.0,103.0,748.0,17025.0,928.0,0.0
3.0,1.0,3.0,0.0,8.0,0.0,8.0,0.0,-1.0,17.0,17.0,0.0,0.0,0.0,8.0,8.0,0.0,0.0,8.0,1.0,1.0,103.0,748.0,17025.0,928.0,1.0
4.0,4.0,4.0,5.0,9.0,4.0,9.0,5.0,0.0,220.0,220.0,142.0,1.0,7.0,25.0,40.0,0.9,1.0,40.0,4.444444444,4.444444444,103.0,748.0,17025.0,928.0,0.0
6.0,8.0,6.0,12.0,21.0,3.0,21.0,10.0,0.0,787.0,787.0,162.0,0.035087718999999996,0.0,25.0,86.0,0.97,1.0,86.0,4.095238095,4.095238095,72.0,783.0,11259.0,840.0,1.0
4.0,9.0,4.0,4.0,21.0,2.0,21.0,14.0,23.0,425.0,425.0,108.0,0.2,1.0,25.0,68.0,0.9642857140000001,0.9,68.0,3.238095238,3.238095238,72.0,783.0,11259.0,840.0,1.0
3.0,63.0,4.0,25.0,15.0,3.0,15.0,14.0,15.0,150.0,150.0,78.0,0.131868132,3.0,18.0,38.0,0.933673469,1.0,38.0,2.5333333330000003,2.5333333330000003,168.0,690.0,21327.0,989.0,1.0
3.0,17.0,7.0,12.0,13.0,9.0,11.0,5.0,51.0,214.0,199.0,635.0,0.666666667,32.0,131.0,49.0,0.8,0.818181818,45.0,3.769230769,4.090909091,168.0,690.0,21327.0,989.0,0.0
4.0,4.0,4.0,5.0,3.0,2.0,3.0,1.0,6.0,25.0,25.0,20.0,1.0,9.0,16.0,5.0,0.5,1.0,5.0,1.6666666669999999,1.6666666669999999,39.0,311.0,6940.0,384.0,0.0
3.0,33.0,5.0,7.0,45.0,11.0,29.0,29.0,0.0,948.0,868.0,728.0,0.047311828,10.0,72.0,139.0,0.972570533,0.41304347799999996,123.0,3.0888888889999997,4.24137931,39.0,311.0,6940.0,384.0,0.0
13.0,47.0,16.0,30.0,3.0,4.0,3.0,3.0,0.0,136.0,136.0,72.0,1.0,4.0,20.0,25.0,1.0,1.0,25.0,8.333333332999999,8.333333332999999,64.0,260.0,5974.0,288.0,1.0
8.0,18.0,8.0,20.0,29.0,8.0,24.0,18.0,5.0,642.0,593.0,998.0,0.16304347800000002,9.0,68.0,82.0,0.9523809520000001,0.833333333,72.0,2.827586207,3.0,64.0,260.0,5974.0,288.0,1.0
10.0,140.0,26.0,52.0,9.0,7.0,8.0,17.0,522.0,430.0,423.0,338.0,0.333333333,5.0,37.0,51.0,0.860294118,1.0,48.0,5.666666667,6.0,64.0,260.0,5974.0,288.0,1.0
9.0,25.0,9.0,17.0,23.0,12.0,10.0,18.0,0.0,737.0,644.0,984.0,0.110526316,9.0,52.0,50.0,0.954545455,0.428571429,31.0,2.173913043,3.1,103.0,748.0,17025.0,928.0,1.0
7.0,12.0,7.0,16.0,10.0,7.0,10.0,0.0,36.0,325.0,325.0,286.0,0.0,14.0,83.0,60.0,0.0,1.0,60.0,6.0,6.0,103.0,748.0,17025.0,928.0,1.0
7.0,5.0,7.0,7.0,46.0,12.0,36.0,5.0,29.0,545.0,492.0,2913.0,0.057317072999999996,37.0,166.0,105.0,0.924444444,0.7777777779999999,90.0,2.282608696,2.5,103.0,748.0,17025.0,928.0,1.0
8.0,7.0,9.0,9.0,46.0,12.0,36.0,5.0,29.0,545.0,492.0,2913.0,0.057317072999999996,37.0,166.0,105.0,0.924444444,0.7777777779999999,90.0,2.282608696,2.5,103.0,748.0,17025.0,928.0,1.0
7.0,6.0,8.0,8.0,46.0,12.0,36.0,5.0,29.0,545.0,492.0,2913.0,0.057317072999999996,37.0,166.0,105.0,0.924444444,0.7777777779999999,90.0,2.282608696,2.5,103.0,748.0,17025.0,928.0,1.0
7.0,7.0,8.0,9.0,46.0,12.0,36.0,5.0,29.0,545.0,492.0,2913.0,0.057317072999999996,37.0,166.0,105.0,0.924444444,0.7777777779999999,90.0,2.282608696,2.5,103.0,748.0,17025.0,928.0,1.0
7.0,14.0,7.0,16.0,27.0,14.0,13.0,19.0,35.0,1469.0,1413.0,542.0,0.09047619,15.0,103.0,99.0,0.9514170040000001,0.39130434799999997,85.0,3.666666667,6.538461538,103.0,748.0,17025.0,928.0,1.0
8.0,16.0,8.0,17.0,27.0,14.0,13.0,19.0,35.0,1469.0,1413.0,542.0,0.09047619,15.0,103.0,99.0,0.9514170040000001,0.39130434799999997,85.0,3.666666667,6.538461538,103.0,748.0,17025.0,928.0,1.0
7.0,4.0,7.0,7.0,7.0,1.0,5.0,1.0,68.0,47.0,37.0,4.0,1.0,1.0,8.0,8.0,0.666666667,0.666666667,6.0,1.142857143,1.2,72.0,783.0,11259.0,840.0,1.0
7.0,5.0,7.0,8.0,21.0,3.0,21.0,10.0,0.0,787.0,787.0,162.0,0.035087718999999996,0.0,25.0,86.0,0.97,1.0,86.0,4.095238095,4.095238095,72.0,783.0,11259.0,840.0,1.0
1.0,3.0,1.0,1.0,1.0,1.0,1.0,0.0,0.0,5.0,5.0,4.0,1.0,1.0,2.0,1.0,0.0,-1.0,1.0,1.0,1.0,153.0,193.0,6579.0,256.0,0.0
1.0,4.0,1.0,3.0,3.0,1.0,3.0,0.0,8.0,12.0,12.0,8.0,0.0,1.0,4.0,3.0,0.0,-1.0,3.0,1.0,1.0,153.0,193.0,6579.0,256.0,0.0
0.0,7.0,1.0,8.0,33.0,32.0,27.0,37.0,521.0,853.0,787.0,2464.0,0.25,25.0,114.0,79.0,0.907094595,0.333333333,69.0,2.393939394,2.555555556,153.0,193.0,6579.0,256.0,0.0
1.0,1.0,1.0,2.0,33.0,1.0,11.0,10.0,57.0,150.0,84.0,14.0,0.173789174,1.0,35.0,48.0,0.86875,0.214285714,26.0,1.454545455,2.363636364,153.0,193.0,6579.0,256.0,0.0
1.0,3.0,1.0,0.0,1.0,1.0,1.0,0.0,0.0,5.0,5.0,4.0,1.0,1.0,2.0,1.0,0.0,-1.0,1.0,1.0,1.0,153.0,193.0,6579.0,256.0,0.0
1.0,3.0,1.0,0.0,1.0,1.0,1.0,0.0,0.0,5.0,5.0,4.0,1.0,1.0,2.0,1.0,0.0,-1.0,1.0,1.0,1.0,153.0,193.0,6579.0,256.0,0.0
0.0,3.0,0.0,5.0,13.0,16.0,11.0,26.0,522.0,459.0,435.0,372.0,0.8,4.0,47.0,16.0,0.903846154,0.333333333,14.0,1.230769231,1.2727272729999999,153.0,193.0,6579.0,256.0,0.0
0.0,10.0,1.0,3.0,13.0,16.0,11.0,26.0,522.0,459.0,435.0,372.0,0.8,4.0,47.0,16.0,0.903846154,0.333333333,14.0,1.230769231,1.2727272729999999,153.0,193.0,6579.0,256.0,0.0
0.0,7.0,0.0,2.0,3.0,1.0,3.0,9.0,539.0,153.0,153.0,4.0,1.0,1.0,4.0,4.0,0.944444444,1.0,4.0,1.333333333,1.333333333,153.0,193.0,6579.0,256.0,0.0
0.0,7.0,1.0,1.0,11.0,8.0,8.0,14.0,522.0,297.0,264.0,92.0,0.0,5.0,24.0,26.0,0.9,0.14285714300000002,20.0,2.363636364,2.5,153.0,193.0,6579.0,256.0,0.0
0.0,3.0,0.0,2.0,8.0,1.0,7.0,2.0,0.0,38.0,33.0,14.0,0.523809524,1.0,12.0,8.0,0.642857143,0.875,7.0,1.0,1.0,153.0,193.0,6579.0,256.0,0.0
1.0,10.0,2.0,6.0,14.0,3.0,9.0,4.0,0.0,94.0,66.0,62.0,0.109090909,3.0,21.0,18.0,0.865384615,0.615384615,12.0,1.285714286,1.333333333,13.0,73.0,1076.0,136.0,0.0
1.0,4.0,2.0,3.0,40.0,5.0,19.0,17.0,0.0,347.0,156.0,350.0,0.14285714300000002,6.0,50.0,58.0,0.965309201,0.39024390200000003,23.0,1.45,1.210526316,13.0,73.0,1076.0,136.0,0.0
0.0,3.0,0.0,1.0,14.0,0.0,8.0,2.0,0.0,87.0,36.0,0.0,0.846153846,0.0,14.0,22.0,0.346153846,0.571428571,8.0,1.571428571,1.0,17.0,56.0,874.0,74.0,0.0
2.0,3.0,2.0,0.0,7.0,9.0,6.0,1.0,0.0,133.0,122.0,112.0,0.0,1.0,16.0,30.0,0.833333333,1.0,27.0,4.285714286,4.5,17.0,56.0,874.0,74.0,0.0
5.0,18.0,6.0,5.0,2.0,0.0,2.0,1.0,547.0,26.0,26.0,0.0,1.0,0.0,2.0,4.0,1.0,1.0,4.0,2.0,2.0,153.0,193.0,6579.0,256.0,1.0
3.0,13.0,3.0,9.0,8.0,4.0,8.0,11.0,539.0,178.0,178.0,40.0,0.46666666700000003,2.0,12.0,10.0,0.896103896,1.0,10.0,1.25,1.25,153.0,193.0,6579.0,256.0,0.0
5.0,38.0,7.0,6.0,2.0,1.0,2.0,1.0,547.0,46.0,46.0,8.0,1.0,2.0,4.0,6.0,1.0,1.0,6.0,3.0,3.0,153.0,193.0,6579.0,256.0,1.0
4.0,30.0,8.0,10.0,13.0,10.0,10.0,20.0,522.0,473.0,441.0,136.0,0.0,8.0,29.0,34.0,0.933333333,0.111111111,29.0,2.615384615,2.9,153.0,193.0,6579.0,256.0,0.0
3.0,5.0,3.0,6.0,11.0,2.0,10.0,3.0,0.0,69.0,64.0,106.0,0.2,3.0,16.0,20.0,0.8,0.9090909090000001,19.0,1.8181818180000002,1.9,153.0,193.0,6579.0,256.0,0.0
3.0,10.0,3.0,5.0,7.0,4.0,5.0,4.0,522.0,132.0,112.0,24.0,0.5,5.0,16.0,8.0,0.708333333,0.5,6.0,1.142857143,1.2,153.0,193.0,6579.0,256.0,0.0
4.0,27.0,4.0,17.0,9.0,7.0,9.0,19.0,539.0,286.0,286.0,152.0,1.0,3.0,19.0,14.0,0.842105263,1.0,14.0,1.5555555559999998,1.5555555559999998,153.0,193.0,6579.0,256.0,1.0
3.0,15.0,3.0,12.0,7.0,8.0,7.0,20.0,539.0,200.0,200.0,84.0,1.0,6.0,19.0,9.0,0.941666667,1.0,9.0,1.285714286,1.285714286,153.0,193.0,6579.0,256.0,0.0
3.0,31.0,7.0,22.0,9.0,5.0,8.0,4.0,16.0,77.0,44.0,54.0,0.28571428600000004,7.0,25.0,19.0,0.8125,0.8888888890000001,11.0,2.111111111,1.375,153.0,193.0,6579.0,256.0,0.0
5.0,17.0,6.0,25.0,1.0,1.0,1.0,0.0,0.0,20.0,20.0,0.0,1.0,5.0,6.0,2.0,0.0,1.0,2.0,2.0,2.0,153.0,193.0,6579.0,256.0,1.0
4.0,26.0,4.0,4.0,19.0,3.0,15.0,3.0,0.0,161.0,117.0,68.0,0.095588235,4.0,28.0,31.0,0.851851852,0.7777777779999999,24.0,1.631578947,1.6,17.0,56.0,874.0,74.0,0.0
3.0,13.0,3.0,4.0,19.0,3.0,15.0,3.0,0.0,161.0,117.0,68.0,0.095588235,4.0,28.0,31.0,0.851851852,0.7777777779999999,24.0,1.631578947,1.6,17.0,56.0,874.0,74.0,0.0
3.0,7.0,3.0,2.0,3.0,1.0,3.0,0.0,28.0,20.0,20.0,4.0,0.0,1.0,4.0,3.0,0.0,1.0,3.0,1.0,1.0,17.0,56.0,874.0,74.0,0.0
3.0,77.0,7.0,19.0,22.0,15.0,22.0,4.0,0.0,603.0,603.0,892.0,0.333333333,15.0,69.0,114.0,0.9642857140000001,1.0,114.0,5.181818182,5.181818182,7.0,32.0,928.0,32.0,0.0
5.0,19.0,8.0,15.0,22.0,15.0,22.0,4.0,0.0,603.0,603.0,892.0,0.333333333,15.0,69.0,114.0,0.9642857140000001,1.0,114.0,5.181818182,5.181818182,7.0,32.0,928.0,32.0,1.0
3.0,12.0,5.0,10.0,22.0,15.0,22.0,4.0,0.0,603.0,603.0,892.0,0.333333333,15.0,69.0,114.0,0.9642857140000001,1.0,114.0,5.181818182,5.181818182,7.0,32.0,928.0,32.0,0.0
3.0,4.0,4.0,8.0,22.0,15.0,22.0,4.0,0.0,603.0,603.0,892.0,0.333333333,15.0,69.0,114.0,0.9642857140000001,1.0,114.0,5.181818182,5.181818182,7.0,32.0,928.0,32.0,0.0
5.0,40.0,12.0,16.0,22.0,15.0,22.0,4.0,0.0,603.0,603.0,892.0,0.333333333,15.0,69.0,114.0,0.9642857140000001,1.0,114.0,5.181818182,5.181818182,7.0,32.0,928.0,32.0,1.0
3.0,66.0,10.0,21.0,22.0,15.0,22.0,4.0,0.0,603.0,603.0,892.0,0.333333333,15.0,69.0,114.0,0.9642857140000001,1.0,114.0,5.181818182,5.181818182,7.0,32.0,928.0,32.0,0.0
3.0,15.0,4.0,6.0,22.0,15.0,22.0,4.0,0.0,603.0,603.0,892.0,0.333333333,15.0,69.0,114.0,0.9642857140000001,1.0,114.0,5.181818182,5.181818182,7.0,32.0,928.0,32.0,0.0
3.0,1.0,3.0,0.0,3.0,0.0,3.0,0.0,-1.0,24.0,24.0,0.0,0.0,2.0,3.0,3.0,0.0,0.0,3.0,1.0,1.0,7.0,32.0,928.0,32.0,0.0
7.0,28.0,10.0,11.0,1.0,0.0,1.0,0.0,576.0,32.0,32.0,0.0,1.0,4.0,1.0,4.0,0.0,1.0,4.0,4.0,4.0,153.0,193.0,6579.0,256.0,1.0
7.0,32.0,10.0,15.0,1.0,1.0,1.0,0.0,576.0,35.0,35.0,0.0,1.0,3.0,3.0,5.0,0.0,1.0,5.0,5.0,5.0,153.0,193.0,6579.0,256.0,1.0
0.0,1.0,0.0,0.0,6.0,0.0,3.0,0.0,-1.0,37.0,16.0,0.0,0.0,0.0,6.0,6.0,0.0,0.0,3.0,1.0,1.0,25.0,326.0,5974.0,478.0,0.0
1.0,3.0,1.0,2.0,30.0,8.0,17.0,8.0,0.0,450.0,340.0,536.0,0.194805195,8.0,40.0,64.0,0.88362069,0.380952381,50.0,2.133333333,2.9411764710000003,59.0,763.0,14143.0,1136.0,0.0
1.0,10.0,3.0,3.0,48.0,15.0,38.0,8.0,47.0,446.0,385.0,2834.0,0.18466899,16.0,82.0,73.0,0.901595745,0.7857142859999999,62.0,1.5208333330000001,1.631578947,59.0,763.0,14143.0,1136.0,0.0
0.0,18.0,2.0,2.0,92.0,43.0,68.0,20.0,10.0,1616.0,1163.0,11416.0,0.497297297,67.0,265.0,217.0,0.957142857,0.674418605,147.0,2.3586956519999998,2.161764706,59.0,763.0,14143.0,1136.0,0.0
0.0,3.0,0.0,2.0,23.0,9.0,14.0,27.0,8.0,308.0,241.0,1452.0,0.39047619,14.0,70.0,40.0,0.962962963,0.24137931,31.0,1.739130435,2.214285714,154.0,1112.0,20586.0,1786.0,0.0
0.0,5.0,0.0,0.0,9.0,4.0,6.0,4.0,9.0,81.0,55.0,162.0,0.14285714300000002,8.0,35.0,12.0,0.9375,0.5555555560000001,9.0,1.333333333,1.5,154.0,1112.0,20586.0,1786.0,0.0
1.0,3.0,1.0,2.0,6.0,2.0,3.0,3.0,0.0,30.0,15.0,16.0,0.666666667,2.0,8.0,6.0,0.8666666670000001,0.333333333,3.0,1.0,1.0,48.0,335.0,6879.0,703.0,0.0
0.0,4.0,0.0,1.0,33.0,5.0,12.0,23.0,9.0,371.0,151.0,758.0,0.322580645,9.0,60.0,33.0,0.95923913,0.261904762,12.0,1.0,1.0,48.0,335.0,6879.0,703.0,0.0
2.0,8.0,4.0,5.0,18.0,5.0,16.0,7.0,15.0,256.0,226.0,433.0,0.68627451,7.0,46.0,47.0,0.882352941,0.666666667,42.0,2.611111111,2.625,38.0,208.0,5566.0,383.0,0.0
1.0,10.0,3.0,6.0,107.0,57.0,91.0,20.0,0.0,2218.0,1997.0,17110.0,0.220120724,69.0,310.0,311.0,0.950471698,0.791666667,275.0,2.906542056,3.021978022,22.0,253.0,5906.0,345.0,0.0
0.0,6.0,0.0,3.0,9.0,2.0,8.0,2.0,0.0,68.0,63.0,34.0,0.642857143,1.0,11.0,10.0,0.5625,0.8888888890000001,9.0,1.111111111,1.125,38.0,253.0,4401.0,270.0,0.0
1.0,4.0,1.0,3.0,29.0,0.0,25.0,1.0,-1.0,300.0,264.0,430.0,0.9259259259999999,8.0,56.0,29.0,0.107142857,-1.0,25.0,1.0,1.0,35.0,265.0,7652.0,356.0,0.0
0.0,4.0,0.0,1.0,52.0,8.0,35.0,1.0,30.0,638.0,395.0,3864.0,0.0,20.0,140.0,63.0,1.019607843,0.647058824,38.0,1.211538462,1.085714286,35.0,265.0,7652.0,356.0,0.0
0.0,4.0,0.0,1.0,56.0,4.0,38.0,1.0,30.0,720.0,498.0,4584.0,0.0,16.0,127.0,58.0,1.018181818,0.666666667,40.0,1.035714286,1.052631579,35.0,265.0,7652.0,356.0,0.0
0.0,4.0,0.0,1.0,3.0,0.0,0.0,4.0,2.0,27.0,9.0,0.0,0.0,0.0,5.0,3.0,1.125,0.0,0.0,1.0,0.0,57.0,35.0,1905.0,40.0,0.0
4.0,6.0,4.0,0.0,22.0,0.0,22.0,0.0,5.0,431.0,431.0,0.0,0.0,0.0,27.0,22.0,0.0,1.0,22.0,1.0,1.0,45.0,381.0,7829.0,395.0,1.0
3.0,3.0,3.0,2.0,26.0,1.0,26.0,0.0,0.0,372.0,372.0,36.0,0.0,1.0,27.0,31.0,0.0,1.0,31.0,1.192307692,1.192307692,45.0,381.0,7829.0,395.0,0.0
3.0,3.0,3.0,1.0,2.0,0.0,2.0,0.0,1.0,11.0,11.0,0.0,0.0,4.0,5.0,2.0,0.0,1.0,2.0,1.0,1.0,168.0,225.0,5489.0,227.0,0.0
6.0,32.0,12.0,14.0,1.0,3.0,1.0,0.0,1.0,35.0,35.0,12.0,1.0,6.0,7.0,7.0,0.0,1.0,7.0,7.0,7.0,168.0,225.0,5489.0,227.0,1.0
3.0,13.0,5.0,6.0,12.0,17.0,12.0,0.0,0.0,569.0,569.0,524.0,0.0,12.0,41.0,48.0,0.0,1.0,48.0,4.0,4.0,168.0,225.0,5489.0,227.0,0.0
3.0,11.0,7.0,8.0,1.0,3.0,1.0,0.0,0.0,14.0,14.0,8.0,1.0,4.0,4.0,3.0,0.0,-1.0,3.0,3.0,3.0,168.0,225.0,5489.0,227.0,0.0
4.0,9.0,7.0,8.0,4.0,3.0,4.0,1.0,1.0,44.0,44.0,24.0,0.0,7.0,11.0,9.0,1.0,1.0,9.0,2.25,2.25,168.0,225.0,5489.0,227.0,1.0
3.0,28.0,7.0,7.0,7.0,5.0,7.0,0.0,0.0,178.0,178.0,198.0,1.0,9.0,17.0,39.0,0.0,1.0,39.0,5.571428571,5.571428571,168.0,225.0,5489.0,227.0,0.0
4.0,24.0,8.0,8.0,4.0,3.0,4.0,0.0,1.0,79.0,79.0,44.0,0.0,7.0,11.0,13.0,0.0,1.0,13.0,3.25,3.25,168.0,225.0,5489.0,227.0,1.0
3.0,8.0,7.0,8.0,8.0,5.0,8.0,0.0,1.0,83.0,83.0,120.0,0.0,9.0,17.0,14.0,0.0,1.0,14.0,1.75,1.75,168.0,225.0,5489.0,227.0,0.0
4.0,5.0,4.0,2.0,48.0,15.0,38.0,8.0,47.0,446.0,385.0,2834.0,0.18466899,16.0,82.0,73.0,0.901595745,0.7857142859999999,62.0,1.5208333330000001,1.631578947,59.0,763.0,14143.0,1136.0,1.0
3.0,6.0,3.0,2.0,48.0,15.0,38.0,8.0,47.0,446.0,385.0,2834.0,0.18466899,16.0,82.0,73.0,0.901595745,0.7857142859999999,62.0,1.5208333330000001,1.631578947,59.0,763.0,14143.0,1136.0,0.0
3.0,72.0,15.0,63.0,21.0,34.0,18.0,212.0,23.0,819.0,798.0,1009.0,0.23636363600000002,43.0,135.0,73.0,1.044575472,0.032407407,70.0,3.476190476,3.888888889,154.0,1112.0,20586.0,1786.0,0.0
4.0,12.0,4.0,8.0,9.0,8.0,9.0,4.0,0.0,271.0,271.0,16.0,0.0,12.0,21.0,61.0,0.8125,1.0,61.0,6.777777778,6.777777778,64.0,347.0,3566.0,432.0,1.0
3.0,8.0,6.0,6.0,11.0,6.0,9.0,3.0,18.0,131.0,110.0,278.0,0.622222222,8.0,46.0,15.0,0.8,0.75,12.0,1.363636364,1.333333333,38.0,208.0,5566.0,383.0,0.0
3.0,16.0,4.0,10.0,14.0,4.0,5.0,6.0,18.0,132.0,56.0,221.0,0.35164835200000005,7.0,44.0,15.0,0.794871795,0.3125,6.0,1.071428571,1.2,38.0,208.0,5566.0,383.0,0.0
3.0,31.0,4.0,25.0,21.0,5.0,7.0,22.0,22.0,244.0,153.0,331.0,0.3,9.0,61.0,35.0,0.888636364,0.23076923100000002,16.0,1.6666666669999999,2.285714286,38.0,208.0,5566.0,383.0,0.0
3.0,10.0,6.0,8.0,14.0,3.0,5.0,6.0,18.0,133.0,56.0,191.0,0.35164835200000005,6.0,43.0,14.0,0.794871795,0.3125,5.0,1.0,1.0,38.0,208.0,5566.0,383.0,0.0
3.0,7.0,4.0,5.0,5.0,2.0,5.0,1.0,0.0,163.0,163.0,32.0,0.333333333,0.0,9.0,7.0,0.5,1.0,7.0,1.4,1.4,38.0,253.0,4401.0,270.0,0.0
4.0,1.0,4.0,0.0,9.0,0.0,9.0,0.0,-1.0,26.0,26.0,0.0,0.0,2.0,9.0,9.0,0.0,0.0,9.0,1.0,1.0,38.0,253.0,4401.0,270.0,1.0
4.0,3.0,4.0,4.0,9.0,4.0,9.0,1.0,14.0,61.0,61.0,124.0,0.066666667,6.0,35.0,10.0,0.75,0.8888888890000001,10.0,1.111111111,1.111111111,17.0,124.0,2217.0,148.0,1.0
9.0,7.0,9.0,0.0,22.0,0.0,22.0,0.0,5.0,431.0,431.0,0.0,0.0,0.0,27.0,22.0,0.0,1.0,22.0,1.0,1.0,45.0,381.0,7829.0,395.0,1.0
8.0,7.0,8.0,0.0,22.0,0.0,22.0,0.0,5.0,431.0,431.0,0.0,0.0,0.0,27.0,22.0,0.0,1.0,22.0,1.0,1.0,45.0,381.0,7829.0,395.0,1.0
10.0,8.0,10.0,0.0,22.0,0.0,22.0,0.0,5.0,431.0,431.0,0.0,0.0,0.0,27.0,22.0,0.0,1.0,22.0,1.0,1.0,45.0,381.0,7829.0,395.0,1.0
9.0,14.0,9.0,9.0,27.0,1.0,27.0,5.0,-1.0,645.0,645.0,8.0,0.0,1.0,28.0,60.0,1.038461538,-1.0,60.0,2.222222222,2.222222222,45.0,381.0,7829.0,395.0,1.0
7.0,16.0,14.0,15.0,7.0,3.0,7.0,6.0,-1.0,90.0,90.0,30.0,0.133333333,7.0,11.0,14.0,1.0555555559999998,-1.0,14.0,2.0,2.0,168.0,225.0,5489.0,227.0,1.0
11.0,11.0,11.0,2.0,48.0,15.0,38.0,8.0,47.0,446.0,385.0,2834.0,0.18466899,16.0,82.0,73.0,0.901595745,0.7857142859999999,62.0,1.5208333330000001,1.631578947,59.0,763.0,14143.0,1136.0,1.0
10.0,9.0,10.0,2.0,48.0,15.0,38.0,8.0,47.0,446.0,385.0,2834.0,0.18466899,16.0,82.0,73.0,0.901595745,0.7857142859999999,62.0,1.5208333330000001,1.631578947,59.0,763.0,14143.0,1136.0,1.0
7.0,4.0,7.0,7.0,48.0,15.0,38.0,8.0,47.0,446.0,385.0,2834.0,0.18466899,16.0,82.0,73.0,0.901595745,0.7857142859999999,62.0,1.5208333330000001,1.631578947,59.0,763.0,14143.0,1136.0,1.0
11.0,7.0,11.0,2.0,81.0,3.0,60.0,7.0,85.0,539.0,408.0,2704.0,0.012519562,3.0,102.0,99.0,0.9678571429999999,0.808219178,76.0,1.222222222,1.266666667,59.0,763.0,14143.0,1136.0,1.0
7.0,6.0,7.0,2.0,81.0,3.0,60.0,7.0,85.0,539.0,408.0,2704.0,0.012519562,3.0,102.0,99.0,0.9678571429999999,0.808219178,76.0,1.222222222,1.266666667,59.0,763.0,14143.0,1136.0,1.0
8.0,20.0,8.0,16.0,20.0,2.0,7.0,5.0,10.0,221.0,102.0,147.0,0.19166666699999999,3.0,34.0,27.0,0.863157895,0.27777777800000003,14.0,1.35,2.0,59.0,763.0,14143.0,1136.0,1.0
15.0,25.0,16.0,32.0,22.0,9.0,20.0,20.0,9.0,285.0,267.0,865.0,0.549450549,14.0,67.0,31.0,0.942857143,0.875,29.0,1.4090909090000001,1.45,154.0,1112.0,20586.0,1786.0,1.0
1.0,4.0,1.0,2.0,4.0,2.0,4.0,1.0,-1.0,55.0,55.0,30.0,0.0,4.0,7.0,8.0,1.333333333,-1.0,8.0,2.0,2.0,29.0,219.0,3862.0,227.0,0.0
2.0,10.0,3.0,5.0,57.0,0.0,57.0,2.0,0.0,674.0,674.0,0.0,1.0,0.0,57.0,113.0,0.017857143,1.0,113.0,1.98245614,1.98245614,29.0,219.0,3862.0,227.0,0.0
2.0,10.0,3.0,5.0,57.0,0.0,57.0,2.0,0.0,674.0,674.0,0.0,1.0,0.0,57.0,113.0,0.017857143,1.0,113.0,1.98245614,1.98245614,29.0,219.0,3862.0,227.0,0.0
0.0,12.0,0.0,3.0,11.0,3.0,10.0,3.0,0.0,197.0,170.0,150.0,0.0,3.0,18.0,29.0,1.1,0.8888888890000001,25.0,2.636363636,2.5,29.0,219.0,3862.0,227.0,0.0
0.0,5.0,1.0,1.0,34.0,11.0,34.0,2.0,21.0,787.0,787.0,1842.0,0.0,10.0,82.0,75.0,1.03030303,1.0,75.0,2.2058823530000002,2.2058823530000002,29.0,219.0,3862.0,227.0,0.0
1.0,3.0,1.0,1.0,24.0,6.0,24.0,1.0,24.0,375.0,375.0,1021.0,0.0,10.0,71.0,45.0,1.043478261,1.0,45.0,1.875,1.875,29.0,219.0,3862.0,227.0,0.0
0.0,5.0,0.0,2.0,24.0,6.0,24.0,1.0,24.0,375.0,375.0,1021.0,0.0,10.0,71.0,45.0,1.043478261,1.0,45.0,1.875,1.875,29.0,219.0,3862.0,227.0,0.0
1.0,11.0,3.0,6.0,19.0,2.0,19.0,4.0,-1.0,339.0,339.0,377.0,0.0,4.0,30.0,50.0,1.0555555559999998,-1.0,50.0,2.631578947,2.631578947,29.0,219.0,3862.0,227.0,0.0
1.0,3.0,1.0,1.0,19.0,2.0,19.0,4.0,-1.0,339.0,339.0,377.0,0.0,4.0,30.0,50.0,1.0555555559999998,-1.0,50.0,2.631578947,2.631578947,29.0,219.0,3862.0,227.0,0.0
0.0,1.0,0.0,-1.0,24.0,2.0,22.0,10.0,-1.0,373.0,347.0,218.0,0.21637426899999998,2.0,26.0,40.0,0.904347826,-1.0,37.0,1.6666666669999999,1.6818181819999998,29.0,219.0,3862.0,227.0,0.0
1.0,1.0,1.0,-1.0,24.0,2.0,22.0,10.0,-1.0,373.0,347.0,218.0,0.21637426899999998,2.0,26.0,40.0,0.904347826,-1.0,37.0,1.6666666669999999,1.6818181819999998,29.0,219.0,3862.0,227.0,0.0
0.0,1.0,0.0,0.0,4.0,0.0,4.0,0.0,0.0,14.0,14.0,0.0,0.0,1.0,4.0,4.0,0.0,-1.0,4.0,1.0,1.0,30.0,49.0,993.0,54.0,0.0
0.0,6.0,2.0,3.0,4.0,1.0,4.0,0.0,0.0,20.0,20.0,8.0,0.0,4.0,5.0,5.0,0.0,-1.0,5.0,1.25,1.25,30.0,49.0,993.0,54.0,0.0
2.0,38.0,19.0,22.0,9.0,1.0,9.0,3.0,0.0,429.0,429.0,2.0,1.0,0.0,10.0,41.0,0.875,1.0,41.0,4.555555556,4.555555556,2.0,9.0,429.0,9.0,0.0
3.0,3.0,3.0,3.0,34.0,11.0,34.0,2.0,21.0,787.0,787.0,1842.0,0.0,10.0,82.0,75.0,1.03030303,1.0,75.0,2.2058823530000002,2.2058823530000002,29.0,219.0,3862.0,227.0,0.0
3.0,18.0,6.0,9.0,34.0,11.0,34.0,2.0,21.0,787.0,787.0,1842.0,0.0,10.0,82.0,75.0,1.03030303,1.0,75.0,2.2058823530000002,2.2058823530000002,29.0,219.0,3862.0,227.0,0.0
3.0,3.0,3.0,3.0,24.0,6.0,24.0,1.0,24.0,375.0,375.0,1021.0,0.0,10.0,71.0,45.0,1.043478261,1.0,45.0,1.875,1.875,29.0,219.0,3862.0,227.0,0.0
3.0,4.0,3.0,4.0,19.0,2.0,19.0,4.0,-1.0,339.0,339.0,377.0,0.0,4.0,30.0,50.0,1.0555555559999998,-1.0,50.0,2.631578947,2.631578947,29.0,219.0,3862.0,227.0,0.0
3.0,5.0,3.0,6.0,8.0,1.0,6.0,3.0,0.0,52.0,42.0,8.0,0.0,2.0,8.0,14.0,1.142857143,1.0,12.0,1.75,2.0,29.0,219.0,3862.0,227.0,0.0
3.0,7.0,3.0,6.0,2.0,1.0,2.0,2.0,0.0,26.0,26.0,8.0,1.0,2.0,4.0,2.0,0.5,1.0,2.0,1.0,1.0,30.0,49.0,993.0,54.0,0.0
4.0,13.0,6.0,5.0,2.0,1.0,2.0,0.0,0.0,73.0,73.0,6.0,1.0,1.0,4.0,9.0,0.0,1.0,9.0,4.5,4.5,30.0,49.0,993.0,54.0,0.0
5.0,24.0,15.0,18.0,9.0,1.0,9.0,3.0,0.0,429.0,429.0,2.0,1.0,0.0,10.0,41.0,0.875,1.0,41.0,4.555555556,4.555555556,2.0,9.0,429.0,9.0,1.0
5.0,40.0,22.0,24.0,9.0,1.0,9.0,3.0,0.0,429.0,429.0,2.0,1.0,0.0,10.0,41.0,0.875,1.0,41.0,4.555555556,4.555555556,2.0,9.0,429.0,9.0,1.0
3.0,50.0,13.0,12.0,9.0,1.0,9.0,3.0,0.0,429.0,429.0,2.0,1.0,0.0,10.0,41.0,0.875,1.0,41.0,4.555555556,4.555555556,2.0,9.0,429.0,9.0,0.0
0.0,4.0,0.0,1.0,36.0,13.0,22.0,11.0,168.0,1440.0,1234.0,899.0,0.11092437,25.0,254.0,103.0,0.932467532,0.5625,86.0,2.861111111,3.9090909089999997,70.0,543.0,20854.0,812.0,0.0
1.0,48.0,4.0,8.0,29.0,15.0,28.0,20.0,0.0,1451.0,1446.0,1250.0,0.194444444,21.0,76.0,186.0,0.932142857,0.9,185.0,6.413793103,6.607142857,138.0,948.0,27590.0,1132.0,0.0
1.0,30.0,3.0,11.0,3.0,4.0,3.0,2.0,87.0,62.0,62.0,54.0,1.0,34.0,152.0,7.0,0.5,1.0,7.0,2.333333333,2.333333333,138.0,948.0,27590.0,1132.0,0.0
0.0,1.0,0.0,0.0,77.0,17.0,58.0,30.0,0.0,1334.0,1204.0,4998.0,0.05026300400000001,25.0,142.0,207.0,0.970614035,0.711864407,185.0,2.688311688,3.1896551719999997,138.0,948.0,27590.0,1132.0,0.0
1.0,14.0,2.0,1.0,8.0,8.0,8.0,0.0,1.0,104.0,104.0,88.0,0.0,1.0,17.0,9.0,0.0,0.0,9.0,1.125,1.125,69.0,454.0,23224.0,474.0,0.0
0.0,1.0,0.0,0.0,12.0,0.0,9.0,0.0,-1.0,105.0,80.0,0.0,0.0,0.0,12.0,12.0,0.0,0.0,9.0,1.0,1.0,31.0,289.0,8970.0,374.0,0.0
0.0,7.0,0.0,1.0,110.0,1.0,87.0,5.0,0.0,1929.0,1643.0,438.0,0.000849473,2.0,111.0,156.0,0.9908256879999999,0.790909091,133.0,1.418181818,1.5287356319999998,66.0,681.0,19469.0,786.0,0.0
1.0,7.0,1.0,5.0,18.0,0.0,16.0,5.0,0.0,455.0,404.0,0.0,0.6190476189999999,0.0,18.0,59.0,0.623529412,0.9,52.0,3.277777778,3.25,66.0,681.0,19469.0,786.0,0.0
1.0,8.0,1.0,2.0,8.0,0.0,8.0,2.0,4.0,135.0,135.0,0.0,1.0,0.0,8.0,12.0,0.857142857,1.0,12.0,1.5,1.5,66.0,681.0,19469.0,786.0,0.0
1.0,35.0,6.0,9.0,137.0,56.0,85.0,43.0,12.0,3578.0,2687.0,29122.0,0.046379829000000004,65.0,330.0,334.0,0.979309166,0.607692308,252.0,2.4379562040000002,2.964705882,28.0,223.0,9478.0,312.0,0.0
2.0,5.0,3.0,3.0,13.0,6.0,12.0,8.0,0.0,344.0,339.0,154.0,0.0,8.0,25.0,37.0,0.96875,0.833333333,36.0,2.8461538460000004,3.0,6.0,41.0,1350.0,51.0,0.0
0.0,4.0,0.0,1.0,42.0,7.0,31.0,15.0,0.0,1619.0,1427.0,1966.0,0.008602151,12.0,62.0,160.0,0.96097561,0.0,139.0,3.80952381,4.483870968,29.0,190.0,8318.0,262.0,0.0
0.0,4.0,0.0,1.0,37.0,4.0,19.0,16.0,0.0,799.0,578.0,292.0,0.1,5.0,42.0,94.0,0.963541667,0.0,71.0,2.540540541,3.736842105,29.0,190.0,8318.0,262.0,0.0
1.0,1.0,1.0,1.0,49.0,1.0,37.0,4.0,0.0,626.0,534.0,390.0,0.026595745,1.0,50.0,95.0,0.932291667,0.75,83.0,1.93877551,2.243243243,2.0,74.0,2325.0,88.0,0.0
3.0,5.0,3.0,3.0,45.0,3.0,39.0,2.0,0.0,411.0,342.0,440.0,0.035940803,3.0,51.0,49.0,0.8863636359999999,0.8666666670000001,43.0,1.0888888890000001,1.102564103,70.0,543.0,20854.0,812.0,0.0
3.0,5.0,3.0,6.0,1.0,0.0,1.0,3.0,0.0,11.0,11.0,0.0,1.0,0.0,1.0,1.0,0.0,0.25,1.0,1.0,1.0,30.0,205.0,6135.0,269.0,1.0
4.0,47.0,6.0,11.0,71.0,15.0,71.0,35.0,0.0,1613.0,1613.0,6292.0,0.040705563,18.0,111.0,316.0,0.9930612240000001,0.72826087,316.0,4.450704225,4.450704225,44.0,200.0,8510.0,214.0,0.0
5.0,81.0,16.0,23.0,6.0,15.0,6.0,1.0,0.0,247.0,247.0,330.0,0.0,16.0,36.0,36.0,1.2,1.0,36.0,6.0,6.0,66.0,634.0,10542.0,699.0,1.0
5.0,10.0,5.0,8.0,121.0,8.0,115.0,7.0,84.0,1247.0,1190.0,24104.0,0.884542952,23.0,421.0,234.0,0.861904762,0.9495798320000001,223.0,1.9338842980000002,1.939130435,66.0,634.0,10542.0,699.0,1.0
6.0,9.0,6.0,12.0,7.0,0.0,1.0,6.0,0.0,106.0,53.0,0.0,0.0,1.0,7.0,7.0,1.0,0.0,1.0,1.0,1.0,66.0,634.0,10542.0,699.0,1.0
3.0,26.0,4.0,10.0,5.0,0.0,5.0,10.0,0.0,170.0,170.0,0.0,0.333333333,1.0,5.0,7.0,1.025,0.0,7.0,1.4,1.4,49.0,669.0,19441.0,821.0,1.0
3.0,9.0,3.0,0.0,97.0,0.0,74.0,1.0,0.0,739.0,539.0,0.0,0.0,2.0,97.0,97.0,1.010416667,0.747252747,74.0,1.0,1.0,49.0,669.0,19441.0,821.0,0.0
4.0,8.0,4.0,0.0,97.0,0.0,74.0,1.0,0.0,739.0,539.0,0.0,0.0,2.0,97.0,97.0,1.010416667,0.747252747,74.0,1.0,1.0,49.0,669.0,19441.0,821.0,1.0
6.0,10.0,6.0,0.0,25.0,3.0,25.0,0.0,133.0,598.0,598.0,768.0,0.0,26.0,206.0,51.0,0.0,1.0,51.0,2.04,2.04,49.0,669.0,19441.0,821.0,1.0
3.0,11.0,3.0,4.0,27.0,1.0,21.0,4.0,-1.0,399.0,325.0,280.0,0.09486166,6.0,39.0,49.0,0.8557692309999999,-1.0,41.0,1.814814815,1.952380952,49.0,669.0,19441.0,821.0,1.0
3.0,5.0,3.0,4.0,21.0,5.0,21.0,0.0,24.0,288.0,288.0,379.0,0.0,18.0,55.0,33.0,0.0,1.0,33.0,1.571428571,1.571428571,69.0,454.0,23224.0,474.0,0.0
4.0,6.0,4.0,4.0,5.0,2.0,5.0,2.0,116.0,184.0,184.0,33.0,0.333333333,31.0,188.0,20.0,1.0,1.0,20.0,4.0,4.0,31.0,289.0,8970.0,374.0,0.0
3.0,20.0,5.0,6.0,50.0,22.0,50.0,26.0,0.0,1782.0,1782.0,6008.0,0.07777777799999999,29.0,107.0,350.0,0.93956044,0.629032258,350.0,7.0,7.0,31.0,289.0,8970.0,374.0,0.0
4.0,38.0,9.0,14.0,50.0,22.0,50.0,26.0,0.0,1782.0,1782.0,6008.0,0.07777777799999999,29.0,107.0,350.0,0.93956044,0.629032258,350.0,7.0,7.0,31.0,289.0,8970.0,374.0,0.0
3.0,13.0,5.0,5.0,4.0,0.0,4.0,0.0,0.0,82.0,82.0,0.0,0.0,0.0,4.0,11.0,0.0,1.0,11.0,2.75,2.75,66.0,681.0,19469.0,786.0,0.0
3.0,9.0,3.0,4.0,76.0,16.0,61.0,31.0,15.0,1659.0,1454.0,3934.0,0.048033125999999995,24.0,120.0,146.0,0.9784946240000001,0.634146341,127.0,1.9210526319999999,2.081967213,29.0,190.0,8318.0,262.0,0.0
4.0,11.0,5.0,6.0,2.0,2.0,2.0,1.0,190.0,47.0,47.0,20.0,0.0,26.0,230.0,2.0,2.0,1.0,2.0,1.0,1.0,29.0,190.0,8318.0,262.0,1.0
3.0,24.0,6.0,6.0,10.0,2.0,10.0,5.0,0.0,612.0,612.0,162.0,0.0,1.0,20.0,58.0,1.0,0.0,58.0,5.8,5.8,18.0,165.0,3358.0,184.0,1.0
3.0,120.0,16.0,14.0,10.0,2.0,10.0,5.0,0.0,612.0,612.0,162.0,0.0,1.0,20.0,58.0,1.0,0.0,58.0,5.8,5.8,18.0,165.0,3358.0,184.0,1.0
7.0,47.0,7.0,31.0,41.0,2.0,27.0,12.0,0.0,1589.0,1255.0,1098.0,0.29004329,3.0,43.0,250.0,0.902083333,0.517241379,209.0,6.0975609760000005,7.740740741000001,34.0,113.0,8814.0,151.0,1.0
9.0,12.0,9.0,9.0,3.0,23.0,3.0,0.0,-1.0,1705.0,1705.0,108.0,1.0,14.0,29.0,27.0,0.0,-1.0,27.0,9.0,9.0,90.0,482.0,16188.0,569.0,1.0
7.0,65.0,17.0,25.0,5.0,6.0,3.0,7.0,0.0,133.0,123.0,68.0,0.0,8.0,12.0,16.0,1.107142857,0.75,14.0,3.2,4.666666667,66.0,634.0,10542.0,699.0,1.0
7.0,8.0,7.0,8.0,75.0,50.0,71.0,29.0,163.0,1828.0,1779.0,10273.0,0.011538462,73.0,395.0,229.0,0.9902143520000001,0.939393939,221.0,3.0533333330000003,3.112676056,66.0,634.0,10542.0,699.0,1.0
7.0,37.0,8.0,10.0,83.0,17.0,67.0,22.0,-1.0,3547.0,2997.0,8097.0,0.058823529000000006,21.0,155.0,411.0,0.953436807,-1.0,314.0,4.951807229,4.6865671639999995,49.0,669.0,19441.0,821.0,1.0
8.0,14.0,8.0,17.0,12.0,0.0,10.0,10.0,125.0,78.0,68.0,28.0,0.018181818,14.0,72.0,13.0,1.0,0.833333333,11.0,1.083333333,1.1,69.0,454.0,23224.0,474.0,1.0
8.0,10.0,8.0,11.0,9.0,0.0,6.0,5.0,129.0,67.0,43.0,22.0,0.071428571,14.0,73.0,10.0,0.95,0.666666667,7.0,1.111111111,1.166666667,69.0,454.0,23224.0,474.0,1.0
7.0,55.0,7.0,17.0,1.0,2.0,1.0,8.0,0.0,97.0,97.0,4.0,1.0,5.0,3.0,5.0,0.0,0.0,5.0,5.0,5.0,28.0,223.0,9478.0,312.0,1.0
14.0,18.0,14.0,23.0,42.0,7.0,31.0,15.0,0.0,1619.0,1427.0,1966.0,0.008602151,12.0,62.0,160.0,0.96097561,0.0,139.0,3.80952381,4.483870968,29.0,190.0,8318.0,262.0,1.0
8.0,16.0,8.0,11.0,37.0,4.0,19.0,16.0,0.0,799.0,578.0,292.0,0.1,5.0,42.0,94.0,0.963541667,0.0,71.0,2.540540541,3.736842105,29.0,190.0,8318.0,262.0,1.0
11.0,11.0,11.0,12.0,37.0,4.0,19.0,16.0,0.0,799.0,578.0,292.0,0.1,5.0,42.0,94.0,0.963541667,0.0,71.0,2.540540541,3.736842105,29.0,190.0,8318.0,262.0,1.0
7.0,31.0,10.0,20.0,37.0,4.0,19.0,16.0,0.0,799.0,578.0,292.0,0.1,5.0,42.0,94.0,0.963541667,0.0,71.0,2.540540541,3.736842105,29.0,190.0,8318.0,262.0,1.0
