ATFD_method,MAXNESTING_method,LOC_method,CYCLO_method,NOLV_method,NOAV_method,LAA_method,FANOUT_method,CFNAMM_method,ATLD_method,CINT_method,CDISP_method,NOM_type,ATFD_type,FANOUT_type,NOMNAMM_type,NIM_type,LOC_type,LOCNAMM_type,CFNAMM_type,TCC_type,CBO_type,RFC_type,WMC_type,LCOM5_type,WOC_type,WMCNAMM_type,AMW_type,AMWNAMM_type,NOCS_package,NOMNAMM_package,LOC_package,NOM_package,is_switch_statements
0.0,1.0,5.0,1.0,1.0,1.0,0.0,1.0,4.0,0.0,2.0,0.5,7.0,1.0,3.0,5.0,-1.0,53.0,39.0,55.0,0.1,4.0,13.0,8.0,0.916666667,-1.0,6.0,1.142857143,1.2,7.0,47.0,439.0,53.0,0.0
0.0,2.0,6.0,3.0,0.0,1.0,1.0,0.0,1.0,1.0,0.0,0.0,30.0,4.0,10.0,22.0,111.0,377.0,310.0,1214.0,0.057142857000000005,32.0,208.0,61.0,0.943965517,0.681818182,51.0,2.0333333330000003,2.3181818180000002,38.0,198.0,4223.0,240.0,0.0
0.0,1.0,3.0,1.0,2.0,1.0,0.0,1.0,2.0,0.0,1.0,1.0,1.0,0.0,1.0,1.0,0.0,3.0,3.0,4.0,1.0,3.0,2.0,1.0,0.0,-1.0,1.0,1.0,1.0,38.0,198.0,4223.0,240.0,0.0
0.0,2.0,3.0,1.0,0.0,0.0,0.0,1.0,2.0,0.0,1.0,1.0,1.0,0.0,1.0,1.0,0.0,5.0,5.0,4.0,1.0,1.0,2.0,1.0,0.0,-1.0,1.0,1.0,1.0,18.0,102.0,1212.0,120.0,0.0
0.0,1.0,3.0,1.0,0.0,6.0,0.0,0.0,0.0,0.0,0.0,0.0,16.0,7.0,10.0,14.0,8.0,197.0,179.0,640.0,0.305555556,10.0,41.0,31.0,0.855555556,1.0,28.0,1.9375,2.0,4.0,27.0,516.0,29.0,0.0
0.0,1.0,3.0,1.0,1.0,2.0,1.0,0.0,0.0,1.0,0.0,0.0,5.0,3.0,6.0,4.0,0.0,66.0,44.0,77.0,0.5,9.0,18.0,10.0,0.75,0.75,8.0,2.0,2.0,17.0,82.0,906.0,90.0,0.0
0.0,1.0,5.0,2.0,0.0,1.0,1.0,0.0,0.0,1.0,0.0,0.0,129.0,22.0,25.0,72.0,-1.0,1243.0,834.0,11362.0,0.028635682000000003,28.0,207.0,269.0,0.9859730109999999,-1.0,178.0,2.085271318,2.472222222,34.0,523.0,6037.0,728.0,0.0
0.0,1.0,3.0,1.0,2.0,2.0,0.0,0.0,1.0,0.0,0.0,0.0,1.0,0.0,0.0,1.0,4.0,9.0,9.0,3.0,1.0,3.0,6.0,1.0,0.0,1.0,1.0,1.0,1.0,34.0,523.0,6037.0,728.0,0.0
0.0,0.0,1.0,1.0,0.0,0.0,0.0,0.0,0.0,0.0,0.0,0.0,68.0,0.0,0.0,64.0,-1.0,225.0,202.0,0.0,0.0,13.0,68.0,68.0,1.014925373,0.0,64.0,1.0,1.0,34.0,523.0,6037.0,728.0,0.0
0.0,2.0,8.0,2.0,2.0,1.0,0.0,0.0,0.0,0.0,0.0,0.0,71.0,4.0,14.0,71.0,0.0,1327.0,1327.0,1192.0,0.000426257,8.0,96.0,186.0,1.0,0.971830986,186.0,2.61971831,2.61971831,50.0,388.0,8258.0,437.0,0.0
0.0,0.0,1.0,1.0,1.0,0.0,0.0,0.0,0.0,0.0,0.0,0.0,4.0,0.0,0.0,1.0,-1.0,19.0,4.0,0.0,0.0,0.0,4.0,4.0,0.0,0.0,1.0,1.0,1.0,50.0,388.0,8258.0,437.0,0.0
0.0,1.0,3.0,1.0,1.0,3.0,1.0,0.0,0.0,3.0,0.0,0.0,9.0,5.0,9.0,9.0,17.0,77.0,77.0,152.0,0.166666667,12.0,30.0,12.0,0.9375,1.0,12.0,1.333333333,1.333333333,74.0,380.0,5031.0,435.0,0.0
0.0,0.0,1.0,1.0,0.0,0.0,0.0,0.0,0.0,0.0,0.0,0.0,2.0,0.0,0.0,2.0,-1.0,6.0,6.0,0.0,0.0,0.0,2.0,2.0,0.0,0.0,2.0,1.0,1.0,18.0,108.0,1339.0,136.0,0.0
0.0,1.0,3.0,1.0,0.0,1.0,1.0,0.0,1.0,1.0,0.0,0.0,12.0,1.0,1.0,10.0,5.0,86.0,74.0,80.0,0.527272727,4.0,22.0,20.0,0.818181818,0.7692307690000001,18.0,1.6666666669999999,1.8,18.0,108.0,1339.0,136.0,0.0
-1.0,0.0,1.0,1.0,0.0,-1.0,-1.0,0.0,0.0,-1.0,0.0,0.0,11.0,0.0,0.0,11.0,-1.0,83.0,83.0,0.0,0.0,6.0,11.0,11.0,0.0,0.0,11.0,1.0,1.0,18.0,108.0,1339.0,136.0,0.0
0.0,0.0,1.0,1.0,0.0,0.0,0.0,0.0,0.0,0.0,0.0,0.0,3.0,0.0,0.0,3.0,-1.0,6.0,6.0,0.0,0.0,0.0,3.0,3.0,0.0,0.0,3.0,1.0,1.0,59.0,322.0,6298.0,410.0,0.0
0.0,1.0,4.0,1.0,1.0,2.0,1.0,0.0,0.0,1.0,0.0,0.0,5.0,0.0,1.0,3.0,0.0,27.0,17.0,6.0,0.0,1.0,6.0,5.0,1.0,0.6,3.0,1.0,1.0,30.0,76.0,1343.0,128.0,0.0
0.0,2.0,18.0,1.0,0.0,2.0,1.0,2.0,4.0,1.0,2.0,1.0,14.0,0.0,2.0,7.0,539.0,271.0,114.0,108.0,0.0,2.0,16.0,26.0,0.934065934,0.333333333,13.0,1.857142857,1.857142857,10.0,35.0,646.0,47.0,0.0
0.0,3.0,18.0,4.0,2.0,6.0,1.0,2.0,8.0,4.0,4.0,0.5,12.0,2.0,12.0,10.0,536.0,239.0,227.0,358.0,0.41666666700000005,13.0,37.0,20.0,0.931818182,1.0,18.0,1.6666666669999999,1.8,23.0,60.0,1234.0,72.0,0.0
0.0,5.0,23.0,2.0,3.0,3.0,1.0,1.0,2.0,1.0,1.0,1.0,2.0,3.0,7.0,2.0,0.0,51.0,51.0,30.0,1.0,6.0,12.0,8.0,0.0,1.0,8.0,4.0,4.0,18.0,102.0,1212.0,120.0,0.0
0.0,4.0,14.0,4.0,2.0,6.0,1.0,3.0,8.0,4.0,4.0,0.75,14.0,1.0,3.0,11.0,27.0,95.0,77.0,140.0,0.0,7.0,41.0,23.0,0.846153846,0.8,18.0,1.642857143,1.636363636,18.0,102.0,1212.0,120.0,0.0
3.0,4.0,41.0,4.0,8.0,22.0,0.5,6.0,10.0,3.0,12.0,0.5,16.0,7.0,10.0,14.0,8.0,197.0,179.0,640.0,0.305555556,10.0,41.0,31.0,0.855555556,1.0,28.0,1.9375,2.0,4.0,27.0,516.0,29.0,1.0
2.0,4.0,47.0,7.0,8.0,25.0,0.666666667,4.0,8.0,4.0,7.0,0.571428571,23.0,53.0,26.0,14.0,-1.0,530.0,314.0,897.0,0.169590643,27.0,108.0,138.0,0.942815249,-1.0,68.0,6.0,4.8571428569999995,34.0,523.0,6037.0,728.0,0.0
0.0,4.0,25.0,5.0,6.0,7.0,1.0,1.0,2.0,1.0,1.0,1.0,99.0,18.0,29.0,85.0,-1.0,1186.0,1081.0,13341.0,0.013955617,29.0,216.0,191.0,0.976530612,-1.0,173.0,1.929292929,2.035294118,34.0,523.0,6037.0,728.0,0.0
1.0,5.0,32.0,8.0,4.0,8.0,1.0,2.0,8.0,3.0,4.0,0.5,19.0,1.0,2.0,14.0,0.0,208.0,114.0,184.0,0.1,2.0,25.0,37.0,0.976851852,0.705882353,22.0,1.947368421,1.571428571,34.0,523.0,6037.0,728.0,0.0
2.0,4.0,43.0,5.0,10.0,13.0,0.333333333,2.0,4.0,1.0,2.0,1.0,48.0,17.0,25.0,39.0,534.0,1116.0,1063.0,1992.0,0.054054054000000004,23.0,104.0,115.0,0.994877857,0.402777778,105.0,2.395833333,2.692307692,50.0,388.0,8258.0,437.0,0.0
6.0,4.0,57.0,12.0,8.0,14.0,0.166666667,5.0,14.0,1.0,8.0,0.625,48.0,17.0,25.0,39.0,534.0,1116.0,1063.0,1992.0,0.054054054000000004,23.0,104.0,115.0,0.994877857,0.402777778,105.0,2.395833333,2.692307692,50.0,388.0,8258.0,437.0,0.0
1.0,4.0,24.0,5.0,7.0,8.0,0.0,1.0,4.0,0.0,2.0,0.5,71.0,4.0,14.0,71.0,0.0,1327.0,1327.0,1192.0,0.000426257,8.0,96.0,186.0,1.0,0.971830986,186.0,2.61971831,2.61971831,50.0,388.0,8258.0,437.0,0.0
0.0,4.0,14.0,4.0,4.0,8.0,0.0,0.0,0.0,0.0,0.0,0.0,25.0,1.0,3.0,25.0,0.0,615.0,615.0,292.0,0.003952569,2.0,30.0,100.0,1.0,0.92,100.0,4.0,4.0,50.0,388.0,8258.0,437.0,0.0
0.0,4.0,53.0,9.0,15.0,17.0,1.0,5.0,20.0,2.0,10.0,0.5,9.0,2.0,10.0,9.0,15.0,158.0,158.0,346.0,0.666666667,10.0,36.0,24.0,0.6875,1.0,24.0,2.666666667,2.666666667,74.0,380.0,5031.0,435.0,0.0
2.0,5.0,28.0,5.0,6.0,9.0,0.5,4.0,16.0,1.0,8.0,0.5,8.0,4.0,8.0,8.0,17.0,131.0,131.0,320.0,0.14285714300000002,11.0,30.0,16.0,0.7142857140000001,1.0,16.0,2.0,2.0,74.0,380.0,5031.0,435.0,0.0
6.0,4.0,49.0,10.0,11.0,19.0,0.14285714300000002,5.0,20.0,1.0,11.0,0.454545455,8.0,10.0,12.0,8.0,15.0,132.0,132.0,386.0,0.47619047600000003,14.0,45.0,21.0,0.7857142859999999,1.0,21.0,2.625,2.625,74.0,380.0,5031.0,435.0,1.0
2.0,5.0,44.0,8.0,10.0,18.0,0.8,6.0,12.0,4.0,8.0,0.75,18.0,14.0,21.0,17.0,15.0,660.0,647.0,1100.0,0.7142857140000001,15.0,67.0,67.0,0.889705882,1.0,66.0,3.722222222,3.882352941,74.0,380.0,5031.0,435.0,0.0
4.0,4.0,40.0,6.0,6.0,13.0,0.428571429,6.0,12.0,3.0,11.0,0.545454545,11.0,4.0,8.0,9.0,21.0,134.0,117.0,248.0,0.28571428600000004,14.0,38.0,21.0,0.9,0.833333333,18.0,1.9090909090000001,2.0,74.0,380.0,5031.0,435.0,0.0
1.0,4.0,14.0,4.0,3.0,6.0,0.5,1.0,2.0,1.0,1.0,1.0,12.0,1.0,1.0,10.0,5.0,86.0,74.0,80.0,0.527272727,4.0,22.0,20.0,0.818181818,0.7692307690000001,18.0,1.6666666669999999,1.8,18.0,108.0,1339.0,136.0,0.0
0.0,4.0,26.0,11.0,7.0,7.0,0.0,0.0,0.0,0.0,0.0,0.0,98.0,14.0,21.0,71.0,516.0,1350.0,995.0,9678.0,0.071103983,23.0,185.0,277.0,0.980277902,0.6,203.0,2.826530612,2.85915493,59.0,322.0,6298.0,410.0,0.0
4.0,4.0,77.0,19.0,9.0,17.0,0.428571429,7.0,14.0,3.0,12.0,0.583333333,98.0,14.0,21.0,71.0,516.0,1350.0,995.0,9678.0,0.071103983,23.0,185.0,277.0,0.980277902,0.6,203.0,2.826530612,2.85915493,59.0,322.0,6298.0,410.0,1.0
15.0,5.0,52.0,10.0,2.0,20.0,0.0,3.0,4.0,0.0,4.0,0.75,1.0,15.0,3.0,1.0,0.0,57.0,57.0,8.0,1.0,4.0,5.0,10.0,0.0,1.0,10.0,10.0,10.0,23.0,60.0,1234.0,72.0,1.0
3.0,6.0,47.0,11.0,8.0,19.0,0.0,4.0,17.0,0.0,9.0,0.444444444,123.0,50.0,138.0,94.0,77.0,1957.0,1669.0,51801.0,0.012612613,145.0,571.0,273.0,0.9921068609999999,0.404145078,234.0,2.219512195,2.489361702,38.0,198.0,4223.0,240.0,0.0
6.0,6.0,161.0,20.0,18.0,27.0,0.166666667,8.0,34.0,1.0,22.0,0.363636364,9.0,7.0,8.0,9.0,0.0,236.0,236.0,302.0,0.0,11.0,35.0,33.0,0.875,1.0,33.0,3.666666667,3.666666667,4.0,27.0,516.0,29.0,1.0
1.0,6.0,88.0,28.0,10.0,41.0,0.0,3.0,12.0,0.0,6.0,0.5,42.0,1.0,5.0,12.0,0.0,381.0,145.0,1016.0,0.08502024300000001,6.0,62.0,70.0,0.939837398,0.26829268300000003,40.0,1.6666666669999999,3.333333333,34.0,523.0,6037.0,728.0,1.0
5.0,6.0,183.0,5.0,13.0,30.0,0.692307692,9.0,20.0,9.0,13.0,0.692307692,48.0,17.0,25.0,39.0,534.0,1116.0,1063.0,1992.0,0.054054054000000004,23.0,104.0,115.0,0.994877857,0.402777778,105.0,2.395833333,2.692307692,50.0,388.0,8258.0,437.0,1.0
0.0,6.0,73.0,12.0,10.0,10.0,0.0,0.0,0.0,0.0,0.0,0.0,71.0,4.0,14.0,71.0,0.0,1327.0,1327.0,1192.0,0.000426257,8.0,96.0,186.0,1.0,0.971830986,186.0,2.61971831,2.61971831,50.0,388.0,8258.0,437.0,0.0
0.0,7.0,49.0,12.0,8.0,7.0,0.0,0.0,0.0,0.0,0.0,0.0,25.0,1.0,3.0,25.0,0.0,615.0,615.0,292.0,0.003952569,2.0,30.0,100.0,1.0,0.92,100.0,4.0,4.0,50.0,388.0,8258.0,437.0,1.0
0.0,7.0,63.0,11.0,8.0,7.0,0.0,0.0,0.0,0.0,0.0,0.0,25.0,1.0,3.0,25.0,0.0,615.0,615.0,292.0,0.003952569,2.0,30.0,100.0,1.0,0.92,100.0,4.0,4.0,50.0,388.0,8258.0,437.0,1.0
0.0,6.0,163.0,29.0,12.0,25.0,1.0,0.0,0.0,4.0,0.0,0.0,90.0,0.0,1.0,83.0,0.0,2829.0,2637.0,54.0,0.042455535999999995,1.0,91.0,252.0,0.971910112,0.845070423,242.0,2.8,2.9156626510000003,50.0,388.0,8258.0,437.0,1.0
1.0,7.0,53.0,12.0,12.0,15.0,1.0,4.0,12.0,1.0,7.0,0.571428571,4.0,2.0,6.0,4.0,15.0,91.0,91.0,94.0,1.0,6.0,19.0,16.0,0.333333333,1.0,16.0,4.0,4.0,74.0,380.0,5031.0,435.0,1.0
1.0,6.0,107.0,22.0,26.0,32.0,0.666666667,6.0,12.0,2.0,10.0,0.6,18.0,14.0,21.0,17.0,15.0,660.0,647.0,1100.0,0.7142857140000001,15.0,67.0,67.0,0.889705882,1.0,66.0,3.722222222,3.882352941,74.0,380.0,5031.0,435.0,1.0
2.0,6.0,73.0,11.0,20.0,24.0,0.0,7.0,18.0,0.0,13.0,0.538461538,2.0,3.0,7.0,2.0,0.0,81.0,81.0,54.0,0.0,9.0,15.0,12.0,0.0,1.0,12.0,6.0,6.0,74.0,380.0,5031.0,435.0,0.0
0.0,6.0,53.0,8.0,12.0,14.0,1.0,0.0,0.0,2.0,0.0,0.0,5.0,1.0,2.0,5.0,0.0,170.0,170.0,58.0,0.666666667,2.0,10.0,24.0,0.8125,0.666666667,24.0,4.8,4.8,18.0,108.0,1339.0,136.0,1.0
0.0,6.0,50.0,15.0,10.0,13.0,1.0,2.0,6.0,1.0,3.0,0.666666667,98.0,14.0,21.0,71.0,516.0,1350.0,995.0,9678.0,0.071103983,23.0,185.0,277.0,0.980277902,0.6,203.0,2.826530612,2.85915493,59.0,322.0,6298.0,410.0,1.0
2.0,6.0,31.0,6.0,10.0,14.0,0.666666667,2.0,6.0,2.0,4.0,0.5,17.0,11.0,10.0,16.0,3.0,323.0,274.0,650.0,0.022222222000000003,18.0,53.0,43.0,0.9464285709999999,0.9090909090000001,37.0,2.529411765,2.3125,5.0,23.0,391.0,26.0,0.0
4.0,6.0,56.0,8.0,11.0,22.0,0.7777777779999999,6.0,18.0,7.0,9.0,0.666666667,17.0,11.0,10.0,16.0,3.0,323.0,274.0,650.0,0.022222222000000003,18.0,53.0,43.0,0.9464285709999999,0.9090909090000001,37.0,2.529411765,2.3125,5.0,23.0,391.0,26.0,0.0
0.0,1.0,3.0,1.0,1.0,0.0,0.0,0.0,0.0,0.0,0.0,0.0,29.0,106.0,25.0,29.0,0.0,1371.0,1371.0,4344.0,0.0,27.0,87.0,328.0,0.7232142859999999,1.0,328.0,11.31034483,11.31034483,8.0,97.0,2639.0,106.0,0.0
0.0,2.0,6.0,3.0,1.0,1.0,0.0,0.0,0.0,0.0,0.0,0.0,29.0,106.0,25.0,29.0,0.0,1371.0,1371.0,4344.0,0.0,27.0,87.0,328.0,0.7232142859999999,1.0,328.0,11.31034483,11.31034483,8.0,97.0,2639.0,106.0,0.0
0.0,2.0,6.0,3.0,1.0,1.0,0.0,0.0,0.0,0.0,0.0,0.0,29.0,106.0,25.0,29.0,0.0,1371.0,1371.0,4344.0,0.0,27.0,87.0,328.0,0.7232142859999999,1.0,328.0,11.31034483,11.31034483,8.0,97.0,2639.0,106.0,0.0
0.0,1.0,4.0,1.0,2.0,1.0,0.0,0.0,0.0,0.0,0.0,0.0,29.0,106.0,25.0,29.0,0.0,1371.0,1371.0,4344.0,0.0,27.0,87.0,328.0,0.7232142859999999,1.0,328.0,11.31034483,11.31034483,8.0,97.0,2639.0,106.0,0.0
0.0,1.0,4.0,1.0,0.0,1.0,1.0,1.0,2.0,1.0,1.0,1.0,25.0,11.0,14.0,24.0,0.0,312.0,304.0,670.0,0.833333333,15.0,41.0,62.0,0.7013888890000001,0.923076923,61.0,2.48,2.541666667,8.0,97.0,2639.0,106.0,0.0
0.0,2.0,16.0,2.0,3.0,6.0,1.0,2.0,4.0,3.0,2.0,1.0,25.0,11.0,14.0,24.0,0.0,312.0,304.0,670.0,0.833333333,15.0,41.0,62.0,0.7013888890000001,0.923076923,61.0,2.48,2.541666667,8.0,97.0,2639.0,106.0,0.0
0.0,2.0,7.0,2.0,1.0,3.0,1.0,0.0,0.0,2.0,0.0,0.0,25.0,11.0,14.0,24.0,0.0,312.0,304.0,670.0,0.833333333,15.0,41.0,62.0,0.7013888890000001,0.923076923,61.0,2.48,2.541666667,8.0,97.0,2639.0,106.0,0.0
0.0,2.0,9.0,4.0,1.0,2.0,1.0,0.0,0.0,1.0,0.0,0.0,32.0,2.0,1.0,24.0,0.0,590.0,550.0,72.0,0.19166666699999999,3.0,34.0,174.0,0.7771260999999999,0.578947368,166.0,5.4375,6.916666667,8.0,97.0,2639.0,106.0,0.0
0.0,1.0,3.0,1.0,4.0,4.0,0.0,1.0,2.0,0.0,1.0,1.0,32.0,2.0,1.0,24.0,0.0,590.0,550.0,72.0,0.19166666699999999,3.0,34.0,174.0,0.7771260999999999,0.578947368,166.0,5.4375,6.916666667,8.0,97.0,2639.0,106.0,0.0
0.0,2.0,11.0,3.0,5.0,5.0,0.0,0.0,0.0,0.0,0.0,0.0,24.0,22.0,0.0,24.0,0.0,669.0,669.0,0.0,0.0,1.0,24.0,251.0,1.0,0.923076923,251.0,10.45833333,10.45833333,5.0,33.0,943.0,34.0,0.0
1.0,1.0,12.0,1.0,9.0,18.0,0.8888888890000001,0.0,1.0,8.0,0.0,0.0,2.0,0.0,0.0,2.0,0.0,76.0,76.0,8.0,1.0,2.0,3.0,2.0,2.0,0.2,2.0,1.0,1.0,32.0,40.0,1690.0,42.0,0.0
0.0,1.0,5.0,1.0,3.0,6.0,1.0,0.0,0.0,3.0,0.0,0.0,2.0,0.0,0.0,2.0,0.0,22.0,22.0,0.0,1.0,0.0,2.0,2.0,2.0,0.4,2.0,1.0,1.0,32.0,40.0,1690.0,42.0,0.0
0.0,1.0,7.0,1.0,5.0,10.0,1.0,0.0,0.0,5.0,0.0,0.0,1.0,0.0,0.0,1.0,0.0,20.0,20.0,0.0,1.0,1.0,1.0,1.0,0.0,0.166666667,1.0,1.0,1.0,32.0,40.0,1690.0,42.0,0.0
1.0,1.0,3.0,1.0,1.0,1.0,0.0,0.0,0.0,0.0,0.0,0.0,31.0,173.0,4.0,31.0,0.0,828.0,828.0,1106.0,0.0,36.0,44.0,213.0,0.666666667,1.0,213.0,6.870967742,6.870967742,3.0,54.0,1422.0,54.0,0.0
7.0,2.0,12.0,3.0,3.0,11.0,0.125,0.0,0.0,1.0,0.0,0.0,31.0,173.0,4.0,31.0,0.0,828.0,828.0,1106.0,0.0,36.0,44.0,213.0,0.666666667,1.0,213.0,6.870967742,6.870967742,3.0,54.0,1422.0,54.0,0.0
2.0,1.0,9.0,1.0,5.0,8.0,0.333333333,2.0,4.0,1.0,2.0,1.0,31.0,173.0,4.0,31.0,0.0,828.0,828.0,1106.0,0.0,36.0,44.0,213.0,0.666666667,1.0,213.0,6.870967742,6.870967742,3.0,54.0,1422.0,54.0,0.0
0.0,3.0,10.0,3.0,1.0,4.0,1.0,0.0,0.0,3.0,0.0,0.0,21.0,44.0,31.0,21.0,0.0,569.0,569.0,764.0,1.0,35.0,53.0,91.0,0.9117647059999999,1.0,91.0,4.333333333,4.333333333,3.0,54.0,1422.0,54.0,0.0
0.0,1.0,3.0,1.0,1.0,1.0,0.0,1.0,2.0,0.0,1.0,1.0,21.0,44.0,31.0,21.0,0.0,569.0,569.0,764.0,1.0,35.0,53.0,91.0,0.9117647059999999,1.0,91.0,4.333333333,4.333333333,3.0,54.0,1422.0,54.0,0.0
0.0,1.0,4.0,1.0,1.0,1.0,0.0,1.0,2.0,0.0,1.0,1.0,21.0,44.0,31.0,21.0,0.0,569.0,569.0,764.0,1.0,35.0,53.0,91.0,0.9117647059999999,1.0,91.0,4.333333333,4.333333333,3.0,54.0,1422.0,54.0,0.0
5.0,5.0,40.0,10.0,2.0,16.0,0.583333333,4.0,14.0,7.0,8.0,0.5,29.0,106.0,25.0,29.0,0.0,1371.0,1371.0,4344.0,0.0,27.0,87.0,328.0,0.7232142859999999,1.0,328.0,11.31034483,11.31034483,8.0,97.0,2639.0,106.0,0.0
43.0,5.0,96.0,20.0,12.0,56.0,0.022727273,0.0,0.0,1.0,0.0,0.0,10.0,96.0,1.0,10.0,0.0,243.0,243.0,16.0,1.0,28.0,12.0,47.0,0.481481481,1.0,47.0,4.7,4.7,8.0,97.0,2639.0,106.0,1.0
14.0,5.0,104.0,33.0,11.0,26.0,0.066666667,1.0,2.0,1.0,1.0,1.0,5.0,14.0,1.0,5.0,0.0,174.0,174.0,10.0,0.1,1.0,6.0,45.0,0.75,1.0,45.0,9.0,9.0,5.0,33.0,943.0,34.0,1.0
56.0,6.0,523.0,139.0,25.0,105.0,0.3,7.0,38.0,24.0,19.0,0.36842105299999994,29.0,106.0,25.0,29.0,0.0,1371.0,1371.0,4344.0,0.0,27.0,87.0,328.0,0.7232142859999999,1.0,328.0,11.31034483,11.31034483,8.0,97.0,2639.0,106.0,1.0
83.0,6.0,257.0,75.0,16.0,101.0,0.023529412000000003,3.0,10.0,2.0,5.0,0.6,31.0,173.0,4.0,31.0,0.0,828.0,828.0,1106.0,0.0,36.0,44.0,213.0,0.666666667,1.0,213.0,6.870967742,6.870967742,3.0,54.0,1422.0,54.0,1.0
47.0,10.0,103.0,43.0,17.0,65.0,0.020833333,1.0,2.0,1.0,1.0,1.0,31.0,173.0,4.0,31.0,0.0,828.0,828.0,1106.0,0.0,36.0,44.0,213.0,0.666666667,1.0,213.0,6.870967742,6.870967742,3.0,54.0,1422.0,54.0,1.0
6.0,6.0,125.0,21.0,20.0,26.0,0.0,2.0,4.0,0.0,2.0,1.0,21.0,44.0,31.0,21.0,0.0,569.0,569.0,764.0,1.0,35.0,53.0,91.0,0.9117647059999999,1.0,91.0,4.333333333,4.333333333,3.0,54.0,1422.0,54.0,1.0
0.0,1.0,4.0,1.0,0.0,2.0,0.0,1.0,2.0,0.0,1.0,1.0,161.0,10.0,16.0,78.0,26.0,1585.0,792.0,19816.0,0.13481953300000002,36.0,296.0,174.0,0.986569149,0.490196078,89.0,1.080745342,1.141025641,184.0,2134.0,45362.0,3035.0,0.0
0.0,1.0,4.0,1.0,0.0,1.0,1.0,0.0,1.0,1.0,0.0,0.0,17.0,0.0,1.0,14.0,0.0,146.0,120.0,263.0,0.46666666700000003,6.0,29.0,17.0,0.65625,0.8125,14.0,1.0,1.0,184.0,2134.0,45362.0,3035.0,0.0
0.0,1.0,4.0,1.0,0.0,1.0,0.0,1.0,2.0,0.0,1.0,1.0,171.0,11.0,24.0,89.0,-1.0,1536.0,749.0,26311.0,0.00178215,46.0,285.0,198.0,0.993014706,-1.0,106.0,1.1578947370000001,1.191011236,184.0,2134.0,45362.0,3035.0,0.0
1.0,2.0,16.0,2.0,4.0,4.0,0.0,3.0,10.0,0.0,5.0,0.6,5.0,2.0,3.0,5.0,2.0,55.0,55.0,58.0,0.0,6.0,13.0,6.0,1.0,1.0,6.0,1.2,1.2,184.0,2134.0,45362.0,3035.0,0.0
0.0,1.0,4.0,1.0,0.0,1.0,1.0,0.0,0.0,1.0,0.0,0.0,71.0,12.0,10.0,33.0,0.0,766.0,427.0,7564.0,0.072727273,27.0,145.0,92.0,0.9928571429999999,0.44285714299999995,53.0,1.2957746479999999,1.606060606,74.0,1060.0,22173.0,1956.0,0.0
0.0,1.0,4.0,1.0,0.0,1.0,1.0,0.0,0.0,1.0,0.0,0.0,184.0,4.0,18.0,89.0,0.0,1790.0,920.0,40917.0,0.101365611,25.0,299.0,216.0,0.9938691190000001,0.426470588,119.0,1.173913043,1.337078652,74.0,1060.0,22173.0,1956.0,0.0
0.0,1.0,4.0,1.0,1.0,3.0,1.0,1.0,0.0,1.0,1.0,1.0,201.0,14.0,18.0,79.0,31.0,1849.0,791.0,30542.0,0.08776204300000001,33.0,336.0,223.0,0.99046875,0.39,93.0,1.109452736,1.17721519,74.0,1060.0,22173.0,1956.0,0.0
0.0,1.0,4.0,1.0,0.0,1.0,1.0,2.0,4.0,1.0,2.0,1.0,62.0,1.0,5.0,37.0,0.0,619.0,394.0,5347.0,1.0,11.0,100.0,63.0,0.945033751,0.590163934,38.0,1.016129032,1.027027027,74.0,1060.0,22173.0,1956.0,0.0
0.0,1.0,5.0,1.0,3.0,5.0,1.0,1.0,2.0,2.0,1.0,1.0,3.0,0.0,2.0,3.0,0.0,29.0,29.0,12.0,0.0,3.0,5.0,3.0,1.333333333,0.0,3.0,1.0,1.0,96.0,756.0,17329.0,801.0,0.0
0.0,1.0,3.0,1.0,0.0,0.0,0.0,0.0,0.0,0.0,0.0,0.0,2.0,0.0,4.0,2.0,0.0,30.0,30.0,24.0,1.0,5.0,6.0,4.0,0.0,1.0,4.0,2.0,2.0,96.0,756.0,17329.0,801.0,0.0
0.0,1.0,6.0,1.0,2.0,5.0,1.0,0.0,0.0,3.0,0.0,0.0,148.0,27.0,41.0,55.0,61.0,1702.0,709.0,16808.0,0.162305149,64.0,312.0,195.0,0.989135953,0.33962264200000003,80.0,1.317567568,1.454545455,70.0,686.0,18923.0,1266.0,0.0
0.0,3.0,38.0,5.0,4.0,9.0,1.0,1.0,3.0,6.0,1.0,1.0,13.0,4.0,9.0,11.0,18.0,560.0,486.0,199.0,0.018181818,23.0,72.0,38.0,1.052083333,1.0,26.0,2.923076923,2.363636364,70.0,686.0,18923.0,1266.0,0.0
0.0,0.0,1.0,1.0,0.0,0.0,0.0,0.0,0.0,0.0,0.0,0.0,9.0,0.0,0.0,9.0,-1.0,62.0,62.0,0.0,0.0,6.0,9.0,9.0,0.0,0.0,9.0,1.0,1.0,48.0,1247.0,18514.0,1653.0,0.0
0.0,1.0,4.0,1.0,0.0,1.0,1.0,0.0,1.0,1.0,0.0,0.0,33.0,2.0,3.0,20.0,25.0,295.0,178.0,1443.0,0.0,14.0,99.0,35.0,1.0,0.606060606,22.0,1.0606060609999999,1.1,35.0,430.0,6490.0,660.0,0.0
0.0,3.0,38.0,5.0,11.0,11.0,0.0,0.0,0.0,0.0,0.0,0.0,11.0,30.0,9.0,11.0,46.0,610.0,610.0,418.0,0.177777778,42.0,129.0,87.0,0.9,1.0,87.0,7.909090909,7.909090909,81.0,516.0,21006.0,599.0,0.0
0.0,1.0,4.0,1.0,0.0,1.0,1.0,0.0,0.0,1.0,0.0,0.0,3.0,0.0,2.0,2.0,19.0,36.0,30.0,23.0,0.0,8.0,28.0,3.0,1.0,0.666666667,2.0,1.0,1.0,81.0,516.0,21006.0,599.0,0.0
0.0,2.0,7.0,2.0,0.0,1.0,1.0,1.0,2.0,1.0,1.0,1.0,17.0,0.0,3.0,9.0,0.0,335.0,234.0,154.0,0.24242424199999998,3.0,23.0,54.0,0.8828125,0.46666666700000003,42.0,3.176470588,4.666666667,28.0,117.0,3056.0,160.0,0.0
0.0,1.0,4.0,1.0,0.0,1.0,1.0,0.0,0.0,1.0,0.0,0.0,97.0,42.0,32.0,57.0,61.0,1622.0,1230.0,8741.0,0.104240766,55.0,247.0,229.0,0.9697916670000001,0.37662337700000004,182.0,2.3608247419999997,3.192982456,12.0,88.0,2918.0,201.0,0.0
1.0,2.0,20.0,3.0,3.0,5.0,0.5,3.0,6.0,1.0,4.0,0.75,4.0,1.0,30.0,4.0,0.0,340.0,340.0,288.0,1.0,3.0,35.0,7.0,0.333333333,1.0,7.0,1.75,1.75,37.0,41.0,1045.0,75.0,0.0
3.0,5.0,81.0,8.0,1.0,14.0,0.7692307690000001,5.0,27.0,10.0,12.0,0.41666666700000005,43.0,35.0,15.0,40.0,85.0,2199.0,2131.0,11908.0,0.0,62.0,292.0,297.0,0.738095238,0.0,286.0,6.906976744,7.15,184.0,2134.0,45362.0,3035.0,1.0
4.0,5.0,320.0,35.0,1.0,17.0,0.7333333329999999,5.0,26.0,11.0,12.0,0.41666666700000005,43.0,35.0,15.0,40.0,85.0,2199.0,2131.0,11908.0,0.0,62.0,292.0,297.0,0.738095238,0.0,286.0,6.906976744,7.15,184.0,2134.0,45362.0,3035.0,1.0
1.0,5.0,38.0,9.0,4.0,8.0,0.75,1.0,4.0,3.0,2.0,0.5,65.0,50.0,31.0,44.0,0.0,1179.0,875.0,7531.0,0.069381599,47.0,159.0,154.0,0.966145833,0.666666667,104.0,2.369230769,2.363636364,184.0,2134.0,45362.0,3035.0,0.0
8.0,5.0,31.0,8.0,3.0,12.0,0.0,3.0,0.0,0.0,3.0,1.0,44.0,46.0,17.0,39.0,0.0,1239.0,1152.0,2852.0,0.193675889,24.0,97.0,229.0,0.887596899,0.0,213.0,5.204545455,5.461538462,184.0,2134.0,45362.0,3035.0,0.0
0.0,5.0,78.0,15.0,8.0,12.0,1.0,2.0,6.0,4.0,3.0,0.666666667,40.0,45.0,36.0,39.0,0.0,2043.0,2003.0,20666.0,0.036036036,44.0,225.0,242.0,0.98005698,0.222222222,235.0,6.05,6.025641026000001,184.0,2134.0,45362.0,3035.0,1.0
2.0,5.0,31.0,8.0,10.0,13.0,0.333333333,2.0,4.0,1.0,4.0,0.5,99.0,71.0,41.0,72.0,-1.0,2099.0,1748.0,13122.0,0.10280112,62.0,274.0,249.0,0.989431487,-1.0,202.0,2.515151515,2.8055555560000003,184.0,2134.0,45362.0,3035.0,0.0
0.0,5.0,33.0,7.0,7.0,7.0,0.0,0.0,0.0,0.0,0.0,0.0,8.0,0.0,0.0,8.0,0.0,369.0,369.0,0.0,0.0,0.0,8.0,63.0,1.0,1.0,63.0,7.875,7.875,96.0,756.0,17329.0,801.0,0.0
0.0,5.0,22.0,6.0,6.0,7.0,0.0,3.0,8.0,0.0,5.0,0.6,143.0,61.0,112.0,143.0,0.0,3849.0,3849.0,129220.0,0.003740065,143.0,685.0,478.0,0.9859154929999999,1.0,478.0,3.342657343,3.342657343,96.0,756.0,17329.0,801.0,0.0
1.0,5.0,32.0,9.0,4.0,6.0,0.5,4.0,8.0,1.0,5.0,0.8,92.0,66.0,75.0,91.0,0.0,3277.0,3271.0,23616.0,0.029761905,103.0,313.0,641.0,0.981946625,0.833333333,640.0,6.9673913039999995,7.032967032999999,70.0,686.0,18923.0,1266.0,0.0
0.0,5.0,25.0,8.0,6.0,6.0,1.0,0.0,0.0,1.0,0.0,0.0,21.0,0.0,0.0,21.0,50.0,434.0,434.0,0.0,0.00952381,1.0,21.0,123.0,0.975,0.894736842,123.0,5.857142857,5.857142857,14.0,84.0,1568.0,101.0,0.0
1.0,5.0,119.0,23.0,12.0,15.0,0.666666667,4.0,7.0,2.0,4.0,1.0,6.0,2.0,10.0,6.0,3.0,228.0,228.0,171.0,0.0,14.0,25.0,36.0,1.0,1.0,36.0,6.0,6.0,46.0,268.0,8188.0,296.0,1.0
3.0,5.0,80.0,7.0,9.0,21.0,0.727272727,15.0,42.0,8.0,21.0,0.7142857140000001,32.0,35.0,49.0,25.0,79.0,1267.0,1212.0,5099.0,0.129032258,98.0,318.0,94.0,0.95818399,0.7142857140000001,87.0,2.9375,3.48,46.0,268.0,8188.0,296.0,0.0
2.0,5.0,67.0,21.0,9.0,11.0,0.0,1.0,2.0,0.0,2.0,0.5,47.0,50.0,39.0,39.0,79.0,1913.0,1812.0,4405.0,0.154654655,82.0,279.0,240.0,0.959782609,0.75,227.0,5.106382979,5.820512821,81.0,516.0,21006.0,599.0,1.0
3.0,5.0,22.0,6.0,5.0,10.0,0.25,3.0,12.0,1.0,7.0,0.428571429,31.0,158.0,44.0,29.0,46.0,1068.0,1050.0,8825.0,0.391625616,79.0,301.0,117.0,0.951515152,0.75,115.0,3.774193548,3.965517241,81.0,516.0,21006.0,599.0,0.0
0.0,5.0,30.0,13.0,3.0,4.0,1.0,1.0,2.0,1.0,1.0,1.0,35.0,50.0,35.0,34.0,47.0,1533.0,1524.0,4783.0,0.358333333,72.0,214.0,186.0,0.9485294120000001,0.666666667,185.0,5.3142857139999995,5.441176471,81.0,516.0,21006.0,599.0,1.0
1.0,5.0,24.0,5.0,7.0,10.0,0.666666667,2.0,4.0,2.0,3.0,0.666666667,27.0,21.0,18.0,19.0,0.0,925.0,683.0,3010.0,0.27450980399999997,18.0,93.0,139.0,0.913461538,0.6,91.0,5.148148148,4.789473684,81.0,516.0,21006.0,599.0,0.0
8.0,5.0,68.0,13.0,13.0,27.0,0.333333333,8.0,18.0,4.0,14.0,0.571428571,27.0,21.0,18.0,19.0,0.0,925.0,683.0,3010.0,0.27450980399999997,18.0,93.0,139.0,0.913461538,0.6,91.0,5.148148148,4.789473684,81.0,516.0,21006.0,599.0,0.0
1.0,5.0,43.0,6.0,9.0,11.0,0.5,5.0,10.0,1.0,6.0,0.833333333,3.0,1.0,5.0,3.0,0.0,66.0,66.0,38.0,1.0,7.0,10.0,10.0,0.5,1.0,10.0,3.333333333,3.333333333,24.0,157.0,2316.0,198.0,0.0
4.0,5.0,51.0,11.0,7.0,16.0,0.428571429,3.0,4.0,3.0,7.0,0.428571429,97.0,42.0,32.0,57.0,61.0,1622.0,1230.0,8741.0,0.104240766,55.0,247.0,229.0,0.9697916670000001,0.37662337700000004,182.0,2.3608247419999997,3.192982456,12.0,88.0,2918.0,201.0,1.0
4.0,7.0,42.0,14.0,13.0,17.0,0.0,3.0,2.0,0.0,5.0,0.6,44.0,46.0,17.0,39.0,0.0,1239.0,1152.0,2852.0,0.193675889,24.0,97.0,229.0,0.887596899,0.0,213.0,5.204545455,5.461538462,184.0,2134.0,45362.0,3035.0,0.0
11.0,9.0,116.0,21.0,6.0,21.0,0.26666666699999997,2.0,9.0,4.0,4.0,0.5,43.0,33.0,15.0,40.0,85.0,2272.0,2205.0,11359.0,0.0,62.0,289.0,297.0,0.933333333,0.0,286.0,6.906976744,7.15,184.0,2134.0,45362.0,3035.0,1.0
0.0,6.0,97.0,11.0,14.0,37.0,0.666666667,1.0,2.0,4.0,1.0,1.0,13.0,16.0,10.0,9.0,0.0,637.0,577.0,566.0,0.363636364,15.0,36.0,56.0,0.9027777779999999,1.0,46.0,4.307692308,5.1111111110000005,184.0,2134.0,45362.0,3035.0,1.0
0.0,6.0,59.0,12.0,5.0,10.0,0.6,3.0,6.0,3.0,5.0,0.6,13.0,0.0,6.0,12.0,0.0,279.0,215.0,263.0,0.04444444400000001,10.0,26.0,43.0,0.944444444,1.0,31.0,3.307692308,2.583333333,184.0,2134.0,45362.0,3035.0,1.0
3.0,6.0,87.0,14.0,12.0,15.0,0.0,3.0,24.0,0.0,13.0,0.23076923100000002,143.0,61.0,112.0,143.0,0.0,3849.0,3849.0,129220.0,0.003740065,143.0,685.0,478.0,0.9859154929999999,1.0,478.0,3.342657343,3.342657343,96.0,756.0,17329.0,801.0,0.0
4.0,6.0,282.0,46.0,16.0,44.0,0.851851852,3.0,12.0,23.0,7.0,0.428571429,19.0,8.0,8.0,19.0,0.0,815.0,815.0,322.0,0.054945055,9.0,36.0,115.0,0.969135802,1.0,115.0,6.052631579,6.052631579,96.0,756.0,17329.0,801.0,1.0
0.0,6.0,199.0,1.0,2.0,1.0,0.0,1.0,2.0,0.0,1.0,1.0,13.0,4.0,9.0,11.0,18.0,560.0,486.0,199.0,0.018181818,23.0,72.0,38.0,1.052083333,1.0,26.0,2.923076923,2.363636364,70.0,686.0,18923.0,1266.0,0.0
1.0,6.0,85.0,23.0,12.0,17.0,0.75,5.0,18.0,3.0,10.0,0.5,47.0,50.0,39.0,39.0,79.0,1913.0,1812.0,4405.0,0.154654655,82.0,279.0,240.0,0.959782609,0.75,227.0,5.106382979,5.820512821,81.0,516.0,21006.0,599.0,1.0
0.0,7.0,77.0,12.0,9.0,15.0,1.0,1.0,2.0,6.0,1.0,1.0,31.0,158.0,44.0,29.0,46.0,1068.0,1050.0,8825.0,0.391625616,79.0,301.0,117.0,0.951515152,0.75,115.0,3.774193548,3.965517241,81.0,516.0,21006.0,599.0,0.0
11.0,6.0,360.0,45.0,28.0,47.0,0.352941176,16.0,60.0,6.0,31.0,0.516129032,42.0,73.0,46.0,39.0,46.0,2014.0,1979.0,7535.0,0.186344239,83.0,235.0,256.0,0.972482802,0.75,252.0,6.095238095,6.461538462,81.0,516.0,21006.0,599.0,1.0
30.0,6.0,167.0,10.0,5.0,57.0,0.39215686299999997,3.0,16.0,20.0,4.0,0.75,35.0,96.0,49.0,30.0,47.0,2656.0,2459.0,9148.0,0.258064516,84.0,275.0,262.0,0.9616755790000001,0.4,231.0,7.485714286,7.7,81.0,516.0,21006.0,599.0,1.0
1.0,6.0,87.0,13.0,2.0,19.0,0.933333333,2.0,2.0,14.0,2.0,1.0,43.0,94.0,53.0,40.0,46.0,2197.0,2177.0,7741.0,0.23076923100000002,88.0,260.0,281.0,0.96577381,0.642857143,278.0,6.534883721,6.95,81.0,516.0,21006.0,599.0,1.0
8.0,6.0,59.0,12.0,7.0,16.0,0.111111111,5.0,10.0,1.0,8.0,0.625,43.0,94.0,53.0,40.0,46.0,2197.0,2177.0,7741.0,0.23076923100000002,88.0,260.0,281.0,0.96577381,0.642857143,278.0,6.534883721,6.95,81.0,516.0,21006.0,599.0,1.0
5.0,6.0,79.0,9.0,4.0,14.0,0.5,1.0,10.0,5.0,2.0,0.5,34.0,61.0,15.0,29.0,-1.0,857.0,826.0,2298.0,0.017045455,38.0,78.0,119.0,0.985454545,-1.0,110.0,3.5,3.793103448,81.0,516.0,21006.0,599.0,1.0
14.0,7.0,140.0,16.0,6.0,30.0,0.41666666700000005,3.0,11.0,10.0,4.0,0.75,6.0,24.0,11.0,6.0,46.0,364.0,364.0,177.0,0.333333333,45.0,128.0,45.0,0.7333333329999999,1.0,45.0,7.5,7.5,81.0,516.0,21006.0,599.0,1.0
9.0,7.0,92.0,10.0,6.0,26.0,0.55,3.0,12.0,11.0,5.0,0.6,25.0,62.0,26.0,23.0,47.0,1183.0,1163.0,2598.0,0.18614718600000002,58.0,196.0,139.0,0.975833333,0.6,137.0,5.56,5.956521738999999,10.0,75.0,2515.0,81.0,1.0
0.0,6.0,33.0,9.0,3.0,6.0,1.0,1.0,2.0,3.0,1.0,1.0,97.0,42.0,32.0,57.0,61.0,1622.0,1230.0,8741.0,0.104240766,55.0,247.0,229.0,0.9697916670000001,0.37662337700000004,182.0,2.3608247419999997,3.192982456,12.0,88.0,2918.0,201.0,0.0
5.0,7.0,162.0,18.0,15.0,26.0,0.444444444,3.0,13.0,4.0,7.0,0.428571429,2.0,6.0,3.0,2.0,25.0,187.0,187.0,45.0,0.0,8.0,11.0,19.0,1.25,0.4,19.0,9.5,9.5,10.0,12.0,848.0,12.0,1.0
1.0,6.0,85.0,20.0,17.0,22.0,0.8,8.0,26.0,4.0,13.0,0.615384615,74.0,22.0,45.0,67.0,522.0,2120.0,1979.0,4383.0,0.208080808,28.0,140.0,221.0,0.969074305,0.791666667,202.0,2.9864864860000004,3.014925373,32.0,115.0,2904.0,124.0,1.0
0.0,1.0,4.0,1.0,1.0,2.0,1.0,0.0,0.0,1.0,0.0,0.0,5.0,0.0,2.0,3.0,4.0,71.0,52.0,20.0,0.5,4.0,15.0,8.0,0.75,0.6,6.0,1.6,2.0,11.0,35.0,809.0,37.0,0.0
0.0,1.0,5.0,1.0,0.0,0.0,0.0,1.0,2.0,0.0,1.0,1.0,11.0,0.0,10.0,11.0,14.0,85.0,85.0,150.0,0.0,13.0,37.0,11.0,0.0,1.0,11.0,1.0,1.0,11.0,35.0,809.0,37.0,0.0
1.0,1.0,3.0,1.0,1.0,2.0,0.0,0.0,0.0,0.0,0.0,0.0,27.0,8.0,8.0,26.0,0.0,306.0,297.0,856.0,0.0,8.0,44.0,36.0,1.038461538,0.962962963,35.0,1.333333333,1.346153846,7.0,57.0,889.0,86.0,0.0
0.0,1.0,3.0,1.0,1.0,2.0,1.0,0.0,0.0,1.0,0.0,0.0,12.0,0.0,0.0,6.0,0.0,112.0,58.0,0.0,0.194444444,1.0,12.0,12.0,0.848484848,0.5,6.0,1.0,1.0,7.0,57.0,889.0,86.0,0.0
0.0,1.0,6.0,1.0,5.0,5.0,0.0,2.0,4.0,0.0,2.0,1.0,17.0,14.0,7.0,15.0,0.0,203.0,193.0,306.0,0.0,7.0,31.0,36.0,1.0625,0.818181818,34.0,2.1176470590000003,2.266666667,10.0,60.0,1447.0,77.0,0.0
4.0,2.0,20.0,3.0,7.0,15.0,0.0,3.0,4.0,0.0,6.0,0.5,17.0,14.0,7.0,15.0,0.0,203.0,193.0,306.0,0.0,7.0,31.0,36.0,1.0625,0.818181818,34.0,2.1176470590000003,2.266666667,10.0,60.0,1447.0,77.0,0.0
0.0,1.0,4.0,1.0,0.0,1.0,1.0,0.0,0.0,1.0,0.0,0.0,8.0,0.0,0.0,4.0,0.0,151.0,113.0,0.0,0.6,0.0,8.0,16.0,0.9285714290000001,0.428571429,12.0,2.0,3.0,10.0,60.0,1447.0,77.0,0.0
0.0,1.0,3.0,1.0,0.0,0.0,0.0,0.0,0.0,0.0,0.0,0.0,7.0,0.0,0.0,5.0,31.0,59.0,41.0,18.0,0.3,8.0,43.0,8.0,0.666666667,0.7142857140000001,6.0,1.142857143,1.2,4.0,18.0,306.0,34.0,0.0
0.0,1.0,6.0,1.0,3.0,6.0,1.0,0.0,0.0,3.0,0.0,0.0,13.0,0.0,0.0,9.0,10.0,372.0,336.0,0.0,0.0,1.0,13.0,13.0,1.0,0.2,9.0,1.0,1.0,4.0,34.0,1229.0,42.0,0.0
0.0,3.0,25.0,4.0,6.0,6.0,0.0,0.0,0.0,0.0,0.0,0.0,23.0,0.0,0.0,22.0,0.0,307.0,295.0,0.0,0.12857142900000001,0.0,23.0,33.0,0.875,0.954545455,32.0,1.434782609,1.454545455,4.0,34.0,1229.0,42.0,0.0
0.0,1.0,4.0,1.0,0.0,2.0,1.0,0.0,0.0,2.0,0.0,0.0,23.0,0.0,0.0,22.0,0.0,307.0,295.0,0.0,0.12857142900000001,0.0,23.0,33.0,0.875,0.954545455,32.0,1.434782609,1.454545455,4.0,34.0,1229.0,42.0,0.0
0.0,1.0,5.0,1.0,0.0,1.0,1.0,0.0,0.0,1.0,0.0,0.0,23.0,0.0,0.0,22.0,0.0,307.0,295.0,0.0,0.12857142900000001,0.0,23.0,33.0,0.875,0.954545455,32.0,1.434782609,1.454545455,4.0,34.0,1229.0,42.0,0.0
0.0,1.0,5.0,1.0,2.0,2.0,0.0,0.0,0.0,0.0,0.0,0.0,14.0,1.0,2.0,6.0,0.0,151.0,75.0,24.0,0.072727273,2.0,16.0,17.0,0.923076923,0.428571429,9.0,1.214285714,1.5,6.0,33.0,790.0,64.0,0.0
0.0,1.0,7.0,1.0,3.0,6.0,1.0,0.0,0.0,3.0,0.0,0.0,14.0,1.0,2.0,6.0,0.0,151.0,75.0,24.0,0.072727273,2.0,16.0,17.0,0.923076923,0.428571429,9.0,1.214285714,1.5,6.0,33.0,790.0,64.0,0.0
0.0,1.0,8.0,3.0,1.0,2.0,1.0,0.0,0.0,1.0,0.0,0.0,24.0,0.0,2.0,8.0,0.0,309.0,157.0,88.0,0.11904761900000001,2.0,26.0,46.0,0.926086957,0.333333333,30.0,1.9166666669999999,3.75,6.0,33.0,790.0,64.0,0.0
1.0,2.0,15.0,2.0,4.0,6.0,0.5,1.0,2.0,1.0,2.0,0.5,6.0,1.0,1.0,5.0,0.0,68.0,54.0,10.0,1.0,1.0,8.0,8.0,0.4,0.833333333,6.0,1.333333333,1.2,6.0,33.0,790.0,64.0,0.0
1.0,1.0,4.0,1.0,0.0,1.0,0.0,0.0,0.0,0.0,0.0,0.0,7.0,4.0,3.0,5.0,11.0,100.0,80.0,78.0,0.0,8.0,30.0,10.0,1.166666667,0.7142857140000001,8.0,1.428571429,1.6,6.0,33.0,790.0,64.0,0.0
0.0,1.0,4.0,1.0,1.0,1.0,0.0,0.0,0.0,0.0,0.0,0.0,4.0,0.0,0.0,4.0,15.0,23.0,23.0,0.0,1.0,0.0,4.0,4.0,0.0,1.0,4.0,1.0,1.0,3.0,22.0,316.0,22.0,0.0
0.0,1.0,5.0,1.0,1.0,1.0,0.0,0.0,0.0,0.0,0.0,0.0,2.0,0.0,0.0,2.0,11.0,15.0,15.0,0.0,0.0,4.0,21.0,2.0,0.0,1.0,2.0,1.0,1.0,2.0,5.0,44.0,5.0,0.0
1.0,5.0,68.0,11.0,13.0,14.0,0.0,3.0,16.0,0.0,8.0,0.375,17.0,14.0,7.0,15.0,0.0,203.0,193.0,306.0,0.0,7.0,31.0,36.0,1.0625,0.818181818,34.0,2.1176470590000003,2.266666667,10.0,60.0,1447.0,77.0,1.0
9.0,5.0,176.0,23.0,18.0,32.0,0.1,3.0,6.0,1.0,7.0,0.428571429,18.0,13.0,5.0,18.0,0.0,538.0,538.0,104.0,0.0,6.0,31.0,45.0,1.0,1.0,45.0,2.5,2.5,10.0,60.0,1447.0,77.0,1.0
0.0,5.0,44.0,8.0,7.0,9.0,1.0,0.0,0.0,2.0,0.0,0.0,23.0,0.0,0.0,22.0,0.0,307.0,295.0,0.0,0.12857142900000001,0.0,23.0,33.0,0.875,0.954545455,32.0,1.434782609,1.454545455,4.0,34.0,1229.0,42.0,1.0
0.0,1.0,3.0,1.0,1.0,2.0,1.0,0.0,0.0,1.0,0.0,0.0,31.0,1.0,4.0,19.0,6.0,583.0,409.0,144.0,0.177248677,10.0,49.0,58.0,0.9259259259999999,0.5,39.0,1.870967742,2.0526315790000003,15.0,179.0,4573.0,226.0,0.0
0.0,1.0,3.0,1.0,0.0,1.0,1.0,1.0,2.0,1.0,1.0,1.0,29.0,0.0,3.0,29.0,8.0,656.0,656.0,1236.0,0.6125356129999999,7.0,66.0,86.0,0.865384615,1.0,86.0,2.965517241,2.965517241,14.0,261.0,5108.0,268.0,0.0
0.0,1.0,3.0,1.0,1.0,2.0,1.0,0.0,0.0,1.0,0.0,0.0,114.0,4.0,16.0,84.0,521.0,2870.0,2372.0,8500.0,0.10013325699999999,20.0,157.0,302.0,0.9802586790000001,0.603305785,242.0,2.649122807,2.880952381,22.0,415.0,12125.0,523.0,0.0
0.0,1.0,7.0,1.0,3.0,4.0,1.0,2.0,4.0,1.0,2.0,1.0,70.0,7.0,19.0,54.0,0.0,1495.0,1164.0,2510.0,0.084325397,25.0,110.0,164.0,0.957180501,0.685714286,123.0,2.3428571430000003,2.277777778,22.0,415.0,12125.0,523.0,0.0
0.0,0.0,1.0,1.0,0.0,0.0,0.0,0.0,0.0,0.0,0.0,0.0,132.0,0.0,0.0,68.0,-1.0,1726.0,868.0,0.0,0.0,15.0,132.0,132.0,0.0,0.0,68.0,1.0,1.0,28.0,387.0,14624.0,551.0,0.0
0.0,1.0,10.0,1.0,0.0,7.0,1.0,1.0,2.0,7.0,1.0,1.0,57.0,11.0,24.0,42.0,-1.0,1660.0,1404.0,6529.0,0.05389610400000001,30.0,152.0,174.0,0.947544643,-1.0,151.0,3.052631579,3.595238095,28.0,387.0,14624.0,551.0,0.0
0.0,0.0,1.0,1.0,1.0,0.0,0.0,0.0,0.0,0.0,0.0,0.0,134.0,0.0,0.0,71.0,-1.0,1644.0,859.0,0.0,0.0,16.0,134.0,134.0,0.0,0.0,71.0,1.0,1.0,42.0,502.0,18042.0,690.0,0.0
0.0,1.0,3.0,1.0,1.0,3.0,0.0,0.0,0.0,0.0,0.0,0.0,52.0,9.0,10.0,32.0,236.0,1283.0,976.0,1688.0,0.072695035,32.0,379.0,123.0,0.9411764709999999,0.545454545,101.0,2.365384615,3.15625,42.0,502.0,18042.0,690.0,0.0
0.0,1.0,3.0,1.0,2.0,1.0,0.0,0.0,0.0,0.0,0.0,0.0,191.0,25.0,5.0,89.0,-1.0,3951.0,2220.0,3812.0,0.019057913,7.0,208.0,396.0,0.9845112779999999,-1.0,243.0,2.0732984290000003,2.730337079,13.0,174.0,5920.0,290.0,0.0
0.0,2.0,6.0,2.0,2.0,3.0,1.0,0.0,0.0,1.0,0.0,0.0,191.0,25.0,5.0,89.0,-1.0,3951.0,2220.0,3812.0,0.019057913,7.0,208.0,396.0,0.9845112779999999,-1.0,243.0,2.0732984290000003,2.730337079,13.0,174.0,5920.0,290.0,0.0
0.0,1.0,3.0,1.0,0.0,1.0,1.0,0.0,0.0,1.0,0.0,0.0,19.0,0.0,1.0,19.0,17.0,337.0,337.0,4.0,0.516483516,10.0,37.0,29.0,0.907407407,0.904761905,29.0,1.526315789,1.526315789,26.0,480.0,9366.0,498.0,0.0
0.0,2.0,10.0,3.0,2.0,3.0,1.0,0.0,0.0,1.0,0.0,0.0,42.0,0.0,5.0,40.0,19.0,888.0,867.0,1353.0,0.165165165,15.0,78.0,88.0,0.9467849220000001,0.871794872,86.0,2.095238095,2.15,26.0,480.0,9366.0,498.0,0.0
0.0,1.0,5.0,1.0,0.0,2.0,1.0,1.0,3.0,2.0,1.0,1.0,34.0,0.0,8.0,25.0,152.0,1083.0,943.0,2407.0,0.21957672,24.0,232.0,125.0,0.920110193,0.607142857,112.0,3.676470588,4.48,48.0,640.0,19667.0,781.0,0.0
0.0,1.0,3.0,1.0,0.0,1.0,1.0,0.0,0.0,1.0,0.0,0.0,38.0,4.0,10.0,31.0,128.0,1271.0,1136.0,3345.0,0.034920635,23.0,215.0,111.0,0.98034398,0.64516129,96.0,2.921052632,3.096774194,48.0,640.0,19667.0,781.0,0.0
0.0,2.0,7.0,2.0,2.0,3.0,1.0,0.0,0.0,1.0,0.0,0.0,41.0,0.0,8.0,35.0,62.0,765.0,647.0,1689.0,0.115873016,28.0,127.0,89.0,0.910416667,0.842105263,76.0,2.170731707,2.171428571,14.0,201.0,5139.0,273.0,0.0
0.0,1.0,3.0,1.0,1.0,2.0,1.0,0.0,0.0,1.0,0.0,0.0,38.0,3.0,1.0,24.0,31.0,682.0,496.0,215.0,0.144537815,6.0,81.0,77.0,0.8936936940000001,0.6,60.0,2.026315789,2.5,10.0,148.0,3987.0,202.0,0.0
0.0,2.0,11.0,3.0,4.0,4.0,0.0,0.0,0.0,0.0,0.0,0.0,9.0,0.0,4.0,9.0,-1.0,240.0,240.0,124.0,0.0,4.0,17.0,40.0,0.0,-1.0,40.0,4.444444444,4.444444444,16.0,197.0,3899.0,208.0,0.0
0.0,1.0,3.0,1.0,0.0,1.0,1.0,0.0,0.0,1.0,0.0,0.0,10.0,4.0,3.0,9.0,522.0,229.0,206.0,98.0,0.14285714300000002,4.0,21.0,19.0,0.9259259259999999,0.875,16.0,1.9,1.7777777780000001,10.0,79.0,2096.0,84.0,0.0
0.0,0.0,1.0,1.0,1.0,0.0,0.0,0.0,0.0,0.0,0.0,0.0,1.0,0.0,0.0,1.0,-1.0,12.0,12.0,0.0,1.0,2.0,1.0,1.0,0.0,0.0,1.0,1.0,1.0,10.0,79.0,2096.0,84.0,0.0
0.0,5.0,30.0,8.0,10.0,13.0,1.0,1.0,8.0,3.0,4.0,0.25,36.0,4.0,5.0,33.0,18.0,580.0,542.0,1609.0,0.35416666700000005,14.0,93.0,73.0,0.76,0.9117647059999999,70.0,2.027777778,2.121212121,39.0,564.0,9554.0,584.0,0.0
0.0,5.0,27.0,8.0,7.0,7.0,0.0,0.0,0.0,0.0,0.0,0.0,8.0,0.0,0.0,8.0,0.0,143.0,143.0,0.0,0.47619047600000003,1.0,8.0,20.0,0.7857142859999999,1.0,20.0,2.5,2.5,26.0,207.0,4046.0,208.0,0.0
2.0,5.0,138.0,26.0,25.0,33.0,0.7142857140000001,7.0,40.0,5.0,15.0,0.46666666700000003,44.0,8.0,9.0,24.0,237.0,988.0,665.0,1128.0,0.09059233400000001,33.0,375.0,100.0,0.934883721,0.545454545,77.0,2.272727273,3.208333333,28.0,387.0,14624.0,551.0,1.0
2.0,5.0,206.0,33.0,30.0,35.0,0.5,8.0,50.0,2.0,16.0,0.5,12.0,2.0,9.0,10.0,275.0,395.0,363.0,494.0,0.535714286,36.0,385.0,48.0,0.696969697,0.8,46.0,4.0,4.6,28.0,387.0,14624.0,551.0,1.0
2.0,5.0,77.0,14.0,20.0,24.0,0.666666667,5.0,21.0,4.0,8.0,0.625,24.0,2.0,11.0,17.0,236.0,508.0,394.0,718.0,0.185714286,35.0,351.0,60.0,0.869565217,0.666666667,50.0,2.5,2.9411764710000003,42.0,502.0,18042.0,690.0,1.0
2.0,5.0,153.0,20.0,31.0,33.0,0.0,6.0,44.0,0.0,22.0,0.272727273,56.0,10.0,22.0,42.0,-1.0,1678.0,1460.0,5860.0,0.07267645,28.0,141.0,185.0,0.932467532,-1.0,164.0,3.303571429,3.904761905,42.0,502.0,18042.0,690.0,1.0
0.0,5.0,49.0,7.0,10.0,13.0,1.0,2.0,8.0,3.0,3.0,0.666666667,15.0,0.0,5.0,12.0,188.0,319.0,236.0,124.0,0.1,13.0,228.0,44.0,0.87755102,0.5,34.0,2.933333333,2.833333333,13.0,174.0,5920.0,290.0,0.0
3.0,5.0,47.0,8.0,17.0,23.0,0.5,3.0,24.0,3.0,12.0,0.25,24.0,3.0,5.0,22.0,20.0,420.0,391.0,686.0,0.261904762,14.0,72.0,48.0,0.836956522,0.913043478,45.0,2.0,2.045454545,26.0,480.0,9366.0,498.0,0.0
1.0,5.0,98.0,16.0,21.0,26.0,0.75,4.0,19.0,3.0,7.0,0.571428571,51.0,19.0,16.0,37.0,124.0,1783.0,1508.0,4853.0,0.084163898,29.0,249.0,169.0,0.961666667,0.581395349,139.0,3.31372549,3.756756757,48.0,640.0,19667.0,781.0,1.0
0.0,5.0,31.0,5.0,5.0,6.0,1.0,1.0,8.0,1.0,4.0,0.25,45.0,0.0,3.0,41.0,0.0,1585.0,1519.0,958.0,0.067073171,0.0,61.0,87.0,0.9718614720000001,0.775510204,78.0,1.9333333330000002,1.902439024,48.0,640.0,19667.0,781.0,0.0
1.0,5.0,79.0,13.0,18.0,30.0,0.9090909090000001,3.0,22.0,10.0,10.0,0.3,47.0,1.0,9.0,34.0,120.0,1132.0,928.0,3933.0,0.17692307699999998,23.0,223.0,129.0,0.904347826,0.666666667,108.0,2.744680851,3.176470588,48.0,640.0,19667.0,781.0,1.0
0.0,5.0,18.0,5.0,6.0,8.0,1.0,0.0,0.0,1.0,0.0,0.0,24.0,8.0,5.0,20.0,254.0,584.0,517.0,1351.0,0.359307359,44.0,373.0,75.0,0.836956522,0.8636363640000001,66.0,3.125,3.3,46.0,1076.0,33993.0,1556.0,0.0
0.0,5.0,24.0,7.0,6.0,9.0,1.0,0.0,0.0,3.0,0.0,0.0,213.0,19.0,27.0,145.0,56.0,4827.0,3636.0,34819.0,0.022381636,46.0,373.0,576.0,0.9843300290000001,0.6237623760000001,447.0,2.704225352,3.0827586210000004,46.0,1076.0,33993.0,1556.0,0.0
0.0,5.0,49.0,9.0,10.0,10.0,0.0,5.0,12.0,0.0,6.0,0.833333333,52.0,1.0,25.0,52.0,0.0,1968.0,1968.0,6872.0,0.0,27.0,108.0,315.0,0.0,1.0,315.0,6.057692307999999,6.057692307999999,19.0,225.0,4955.0,245.0,1.0
0.0,5.0,44.0,8.0,9.0,9.0,0.0,3.0,10.0,0.0,5.0,0.6,52.0,1.0,25.0,52.0,0.0,1968.0,1968.0,6872.0,0.0,27.0,108.0,315.0,0.0,1.0,315.0,6.057692307999999,6.057692307999999,19.0,225.0,4955.0,245.0,1.0
0.0,5.0,48.0,9.0,10.0,10.0,0.0,5.0,12.0,0.0,6.0,0.833333333,52.0,1.0,25.0,52.0,0.0,1968.0,1968.0,6872.0,0.0,27.0,108.0,315.0,0.0,1.0,315.0,6.057692307999999,6.057692307999999,19.0,225.0,4955.0,245.0,1.0
0.0,5.0,35.0,8.0,13.0,13.0,0.0,2.0,8.0,0.0,4.0,0.5,52.0,1.0,25.0,52.0,0.0,1968.0,1968.0,6872.0,0.0,27.0,108.0,315.0,0.0,1.0,315.0,6.057692307999999,6.057692307999999,19.0,225.0,4955.0,245.0,0.0
0.0,5.0,30.0,8.0,6.0,7.0,1.0,0.0,0.0,1.0,0.0,0.0,8.0,0.0,0.0,8.0,0.0,166.0,166.0,0.0,0.7142857140000001,1.0,8.0,20.0,0.7142857140000001,1.0,20.0,2.5,2.5,9.0,56.0,1138.0,56.0,0.0
0.0,5.0,37.0,10.0,8.0,8.0,0.0,0.0,0.0,0.0,0.0,0.0,8.0,0.0,0.0,8.0,0.0,149.0,149.0,0.0,0.47619047600000003,1.0,8.0,22.0,0.7857142859999999,1.0,22.0,2.75,2.75,9.0,56.0,1138.0,56.0,1.0
0.0,6.0,42.0,8.0,12.0,14.0,1.0,1.0,2.0,2.0,1.0,1.0,13.0,0.0,1.0,13.0,16.0,264.0,264.0,54.0,0.444444444,8.0,37.0,29.0,0.75,1.0,29.0,2.230769231,2.230769231,39.0,564.0,9554.0,584.0,0.0
0.0,7.0,91.0,14.0,7.0,22.0,1.0,2.0,6.0,13.0,5.0,0.4,29.0,0.0,3.0,29.0,8.0,656.0,656.0,1236.0,0.6125356129999999,7.0,66.0,86.0,0.865384615,1.0,86.0,2.965517241,2.965517241,14.0,261.0,5108.0,268.0,1.0
0.0,6.0,34.0,8.0,8.0,8.0,0.0,0.0,0.0,0.0,0.0,0.0,13.0,0.0,0.0,13.0,-1.0,431.0,431.0,0.0,0.0,0.0,13.0,56.0,0.0,-1.0,56.0,4.307692308,4.307692308,14.0,261.0,5108.0,268.0,1.0
1.0,6.0,94.0,14.0,23.0,33.0,0.9,5.0,18.0,9.0,8.0,0.625,19.0,1.0,7.0,13.0,240.0,469.0,364.0,368.0,0.274725275,33.0,350.0,43.0,0.8833333329999999,0.6,31.0,2.263157895,2.384615385,28.0,387.0,14624.0,551.0,1.0
3.0,6.0,198.0,40.0,42.0,52.0,0.333333333,6.0,37.0,3.0,15.0,0.4,37.0,9.0,9.0,25.0,237.0,997.0,800.0,1135.0,0.131182796,32.0,368.0,107.0,0.956790123,0.538461538,89.0,2.891891892,3.56,42.0,502.0,18042.0,690.0,1.0
0.0,6.0,49.0,7.0,7.0,7.0,0.0,1.0,2.0,0.0,1.0,1.0,25.0,0.0,2.0,25.0,17.0,562.0,562.0,116.0,0.55,10.0,46.0,61.0,0.875,0.916666667,61.0,2.44,2.44,26.0,480.0,9366.0,498.0,1.0
0.0,8.0,70.0,12.0,19.0,19.0,0.0,3.0,16.0,0.0,8.0,0.375,6.0,0.0,9.0,6.0,0.0,305.0,305.0,274.0,0.0,9.0,29.0,38.0,0.0,1.0,38.0,6.333333333,6.333333333,26.0,480.0,9366.0,498.0,1.0
0.0,8.0,68.0,12.0,16.0,16.0,0.0,2.0,12.0,0.0,6.0,0.333333333,6.0,0.0,9.0,6.0,0.0,305.0,305.0,274.0,0.0,9.0,29.0,38.0,0.0,1.0,38.0,6.333333333,6.333333333,26.0,480.0,9366.0,498.0,1.0
0.0,6.0,138.0,37.0,18.0,20.0,1.0,2.0,8.0,4.0,3.0,0.666666667,28.0,0.0,4.0,22.0,157.0,977.0,901.0,559.0,0.16239316199999998,24.0,231.0,143.0,0.8962962959999999,0.6190476189999999,137.0,5.1071428569999995,6.227272727000001,48.0,640.0,19667.0,781.0,1.0
0.0,10.0,179.0,29.0,18.0,21.0,1.0,2.0,9.0,5.0,3.0,0.666666667,28.0,0.0,4.0,22.0,157.0,977.0,901.0,559.0,0.16239316199999998,24.0,231.0,143.0,0.8962962959999999,0.6190476189999999,137.0,5.1071428569999995,6.227272727000001,48.0,640.0,19667.0,781.0,1.0
0.0,6.0,361.0,43.0,17.0,17.0,0.0,0.0,0.0,0.0,0.0,0.0,12.0,9.0,9.0,10.0,195.0,910.0,877.0,551.0,0.321428571,38.0,287.0,85.0,0.8787878790000001,0.7777777779999999,83.0,7.083333333,8.3,46.0,1076.0,33993.0,1556.0,1.0
1.0,6.0,122.0,17.0,37.0,46.0,0.857142857,7.0,35.0,6.0,12.0,0.583333333,21.0,2.0,7.0,15.0,194.0,480.0,383.0,573.0,0.258333333,38.0,295.0,48.0,0.85,0.625,40.0,2.285714286,2.666666667,46.0,1076.0,33993.0,1556.0,1.0
0.0,7.0,25.0,7.0,8.0,10.0,1.0,3.0,8.0,2.0,4.0,0.75,213.0,19.0,27.0,145.0,56.0,4827.0,3636.0,34819.0,0.022381636,46.0,373.0,576.0,0.9843300290000001,0.6237623760000001,447.0,2.704225352,3.0827586210000004,46.0,1076.0,33993.0,1556.0,0.0
1.0,7.0,60.0,13.0,18.0,22.0,0.666666667,4.0,12.0,2.0,7.0,0.571428571,213.0,19.0,27.0,145.0,56.0,4827.0,3636.0,34819.0,0.022381636,46.0,373.0,576.0,0.9843300290000001,0.6237623760000001,447.0,2.704225352,3.0827586210000004,46.0,1076.0,33993.0,1556.0,1.0
1.0,6.0,83.0,16.0,20.0,21.0,0.0,7.0,24.0,0.0,12.0,0.583333333,222.0,18.0,28.0,152.0,57.0,5381.0,4111.0,44777.0,0.022038687,43.0,384.0,682.0,0.9833600929999999,0.637681159,539.0,3.072072072,3.546052632,46.0,1076.0,33993.0,1556.0,1.0
0.0,6.0,99.0,20.0,17.0,19.0,1.0,5.0,16.0,1.0,9.0,0.5555555560000001,222.0,18.0,28.0,152.0,57.0,5381.0,4111.0,44777.0,0.022038687,43.0,384.0,682.0,0.9833600929999999,0.637681159,539.0,3.072072072,3.546052632,46.0,1076.0,33993.0,1556.0,1.0
0.0,7.0,190.0,51.0,18.0,22.0,1.0,0.0,1.0,5.0,0.0,0.0,20.0,0.0,1.0,19.0,16.0,485.0,474.0,31.0,0.175,8.0,41.0,73.0,0.885964912,0.947368421,72.0,3.65,3.789473684,3.0,31.0,883.0,33.0,1.0
0.0,7.0,110.0,28.0,15.0,19.0,1.0,0.0,3.0,2.0,0.0,0.0,7.0,0.0,0.0,6.0,32.0,226.0,215.0,9.0,0.5,9.0,65.0,35.0,0.944444444,0.857142857,34.0,5.0,5.666666667,3.0,31.0,883.0,33.0,1.0
0.0,6.0,46.0,14.0,13.0,13.0,0.0,3.0,12.0,0.0,6.0,0.5,52.0,1.0,25.0,52.0,0.0,1968.0,1968.0,6872.0,0.0,27.0,108.0,315.0,0.0,1.0,315.0,6.057692307999999,6.057692307999999,19.0,225.0,4955.0,245.0,0.0
0.0,1.0,3.0,1.0,0.0,0.0,0.0,0.0,0.0,0.0,0.0,0.0,74.0,49.0,19.0,54.0,28.0,1770.0,1616.0,7157.0,0.072077922,25.0,189.0,301.0,0.96803653,0.6785714290000001,266.0,4.067567568,4.925925926000001,45.0,313.0,8348.0,385.0,0.0
0.0,1.0,3.0,1.0,0.0,1.0,1.0,0.0,0.0,1.0,0.0,0.0,43.0,0.0,10.0,27.0,0.0,603.0,420.0,1266.0,0.057040997999999996,10.0,73.0,86.0,0.9523809520000001,0.58974359,61.0,2.0,2.2592592590000002,31.0,348.0,5792.0,436.0,0.0
0.0,1.0,1.0,1.0,1.0,0.0,0.0,0.0,0.0,0.0,0.0,0.0,21.0,1.0,4.0,21.0,0.0,315.0,315.0,188.0,0.040935673,5.0,26.0,50.0,0.995,1.0,50.0,2.3809523809999997,2.3809523809999997,64.0,260.0,5974.0,288.0,0.0
0.0,1.0,3.0,1.0,1.0,0.0,0.0,0.0,0.0,0.0,0.0,0.0,1.0,0.0,0.0,1.0,15.0,5.0,5.0,0.0,1.0,0.0,1.0,1.0,0.0,1.0,1.0,1.0,1.0,64.0,260.0,5974.0,288.0,0.0
0.0,1.0,1.0,1.0,0.0,3.0,1.0,0.0,0.0,1.0,0.0,0.0,12.0,0.0,0.0,8.0,0.0,29.0,17.0,0.0,0.17857142899999998,0.0,12.0,12.0,0.8909090909999999,0.7777777779999999,8.0,1.0,1.0,103.0,748.0,17025.0,928.0,0.0
0.0,1.0,3.0,2.0,0.0,1.0,1.0,1.0,2.0,1.0,1.0,1.0,47.0,1.0,13.0,41.0,0.0,734.0,666.0,2944.0,0.108527132,13.0,78.0,136.0,0.93115942,0.846153846,121.0,2.8936170210000003,2.9512195119999998,103.0,748.0,17025.0,928.0,0.0
1.0,1.0,4.0,2.0,1.0,2.0,0.0,0.0,0.0,0.0,0.0,0.0,62.0,26.0,19.0,54.0,12.0,1140.0,1060.0,9160.0,0.0,21.0,114.0,175.0,1.016393443,0.86440678,160.0,2.822580645,2.9629629630000003,103.0,748.0,17025.0,928.0,0.0
0.0,1.0,3.0,1.0,1.0,2.0,1.0,0.0,0.0,1.0,0.0,0.0,19.0,0.0,2.0,4.0,0.0,362.0,281.0,14.0,0.176470588,2.0,22.0,28.0,0.936507937,0.21052631600000002,12.0,1.473684211,3.0,103.0,748.0,17025.0,928.0,0.0
0.0,2.0,9.0,4.0,2.0,2.0,0.0,0.0,0.0,0.0,0.0,0.0,30.0,0.0,5.0,26.0,40.0,374.0,341.0,742.0,0.283333333,5.0,43.0,74.0,0.8551724140000001,0.8235294120000001,66.0,2.4666666669999997,2.538461538,103.0,748.0,17025.0,928.0,0.0
0.0,1.0,14.0,1.0,7.0,16.0,1.0,0.0,0.0,8.0,0.0,0.0,27.0,4.0,14.0,13.0,35.0,1469.0,1413.0,542.0,0.09047619,15.0,103.0,99.0,0.9514170040000001,0.39130434799999997,85.0,3.666666667,6.538461538,103.0,748.0,17025.0,928.0,0.0
1.0,1.0,3.0,1.0,0.0,1.0,0.0,0.0,0.0,0.0,0.0,0.0,40.0,24.0,14.0,32.0,0.0,593.0,549.0,1815.0,0.0,15.0,75.0,78.0,1.025641026,0.783783784,68.0,1.95,2.125,103.0,748.0,17025.0,928.0,0.0
0.0,1.0,3.0,1.0,0.0,1.0,1.0,1.0,2.0,1.0,1.0,1.0,29.0,4.0,10.0,24.0,116.0,387.0,362.0,2324.0,0.621693122,50.0,277.0,88.0,0.792857143,0.88,83.0,3.034482759,3.458333333,6.0,85.0,1693.0,96.0,0.0
0.0,1.0,7.0,3.0,3.0,3.0,0.0,1.0,2.0,0.0,1.0,1.0,218.0,37.0,34.0,218.0,0.0,3856.0,3856.0,35562.0,0.00041406,40.0,314.0,774.0,0.9912023459999999,0.995238095,774.0,3.550458716,3.550458716,72.0,783.0,11259.0,840.0,0.0
0.0,2.0,36.0,1.0,0.0,0.0,0.0,1.0,2.0,0.0,1.0,1.0,45.0,0.0,3.0,43.0,45.0,258.0,248.0,18.0,0.26744186,0.0,48.0,45.0,0.5,0.955555556,43.0,1.0,1.0,72.0,783.0,11259.0,840.0,0.0
0.0,1.0,3.0,1.0,1.0,3.0,1.0,0.0,0.0,2.0,0.0,0.0,5.0,0.0,0.0,3.0,0.0,51.0,41.0,0.0,0.833333333,0.0,5.0,10.0,0.583333333,0.5,8.0,2.0,2.666666667,72.0,783.0,11259.0,840.0,0.0
0.0,1.0,2.0,1.0,0.0,1.0,1.0,0.0,0.0,1.0,0.0,0.0,18.0,7.0,5.0,6.0,33.0,178.0,130.0,34.0,0.025,16.0,69.0,33.0,0.598039216,0.25,21.0,1.8333333330000001,3.5,168.0,690.0,21327.0,989.0,0.0
0.0,1.0,5.0,1.0,1.0,3.0,1.0,0.0,0.0,2.0,0.0,0.0,2.0,0.0,0.0,2.0,14.0,32.0,32.0,0.0,1.0,0.0,2.0,2.0,1.333333333,1.0,2.0,1.0,1.0,8.0,58.0,1223.0,59.0,0.0
0.0,1.0,3.0,1.0,1.0,2.0,1.0,0.0,0.0,1.0,0.0,0.0,45.0,1.0,11.0,29.0,0.0,948.0,868.0,728.0,0.047311828,10.0,72.0,139.0,0.972570533,0.41304347799999996,123.0,3.0888888889999997,4.24137931,39.0,311.0,6940.0,384.0,0.0
0.0,1.0,3.0,1.0,0.0,1.0,1.0,0.0,0.0,1.0,0.0,0.0,34.0,3.0,7.0,24.0,0.0,585.0,499.0,704.0,0.302955665,10.0,52.0,89.0,0.886868687,0.6875,79.0,2.6176470590000003,3.291666667,39.0,311.0,6940.0,384.0,0.0
14.0,5.0,145.0,39.0,18.0,36.0,0.222222222,13.0,48.0,4.0,32.0,0.40625,12.0,22.0,14.0,12.0,19.0,329.0,329.0,785.0,0.047619048,20.0,89.0,74.0,0.818181818,1.0,74.0,6.166666667,6.166666667,45.0,313.0,8348.0,385.0,1.0
1.0,5.0,30.0,7.0,2.0,7.0,0.8,2.0,10.0,4.0,5.0,0.4,4.0,3.0,5.0,3.0,0.0,85.0,80.0,66.0,0.333333333,6.0,12.0,17.0,0.7333333329999999,0.75,16.0,4.25,5.333333333,45.0,313.0,8348.0,385.0,0.0
0.0,5.0,65.0,13.0,18.0,24.0,1.0,3.0,10.0,6.0,5.0,0.6,43.0,0.0,10.0,27.0,0.0,603.0,420.0,1266.0,0.057040997999999996,10.0,73.0,86.0,0.9523809520000001,0.58974359,61.0,2.0,2.2592592590000002,31.0,348.0,5792.0,436.0,1.0
7.0,5.0,44.0,9.0,7.0,21.0,0.222222222,7.0,16.0,2.0,12.0,0.583333333,2.0,7.0,7.0,2.0,44.0,55.0,55.0,32.0,1.0,10.0,14.0,10.0,0.5,1.0,10.0,5.0,5.0,64.0,260.0,5974.0,288.0,1.0
3.0,5.0,25.0,7.0,6.0,15.0,0.666666667,5.0,12.0,6.0,9.0,0.5555555560000001,19.0,4.0,9.0,15.0,19.0,356.0,327.0,609.0,0.31868131899999996,14.0,67.0,73.0,0.740740741,0.846153846,67.0,3.842105263,4.466666667,103.0,748.0,17025.0,928.0,0.0
7.0,5.0,55.0,19.0,8.0,15.0,0.0,8.0,28.0,0.0,14.0,0.571428571,56.0,31.0,24.0,46.0,0.0,979.0,924.0,4231.0,0.0,21.0,116.0,160.0,1.018181818,0.8039215690000001,148.0,2.857142857,3.217391304,103.0,748.0,17025.0,928.0,1.0
2.0,5.0,42.0,7.0,7.0,13.0,0.666666667,3.0,8.0,4.0,6.0,0.5,2.0,2.0,3.0,2.0,0.0,77.0,77.0,36.0,0.0,4.0,11.0,15.0,2.0,1.0,15.0,7.5,7.5,103.0,748.0,17025.0,928.0,0.0
4.0,5.0,20.0,4.0,3.0,7.0,0.0,3.0,8.0,0.0,4.0,0.75,3.0,7.0,5.0,3.0,0.0,44.0,44.0,32.0,0.0,8.0,9.0,11.0,1.5,1.0,11.0,3.666666667,3.666666667,103.0,748.0,17025.0,928.0,0.0
0.0,5.0,21.0,8.0,10.0,10.0,0.0,0.0,0.0,0.0,0.0,0.0,11.0,0.0,3.0,11.0,0.0,339.0,339.0,62.0,0.0,7.0,16.0,45.0,1.1,1.0,45.0,4.090909091,4.090909091,72.0,783.0,11259.0,840.0,0.0
0.0,5.0,75.0,15.0,7.0,21.0,1.0,0.0,0.0,14.0,0.0,0.0,218.0,37.0,34.0,218.0,0.0,3856.0,3856.0,35562.0,0.00041406,40.0,314.0,774.0,0.9912023459999999,0.995238095,774.0,3.550458716,3.550458716,72.0,783.0,11259.0,840.0,1.0
0.0,5.0,76.0,14.0,15.0,15.0,0.0,0.0,0.0,0.0,0.0,0.0,21.0,0.0,3.0,21.0,0.0,787.0,787.0,162.0,0.035087718999999996,0.0,25.0,86.0,0.97,1.0,86.0,4.095238095,4.095238095,72.0,783.0,11259.0,840.0,1.0
5.0,5.0,58.0,12.0,11.0,19.0,0.444444444,6.0,24.0,4.0,12.0,0.5,3.0,9.0,6.0,3.0,0.0,82.0,82.0,76.0,1.0,8.0,17.0,15.0,0.833333333,1.0,15.0,5.0,5.0,168.0,690.0,21327.0,989.0,1.0
6.0,5.0,42.0,8.0,9.0,21.0,0.454545455,4.0,9.0,5.0,10.0,0.4,5.0,6.0,4.0,5.0,33.0,174.0,174.0,60.0,0.833333333,14.0,63.0,25.0,0.8,1.0,25.0,5.0,5.0,168.0,690.0,21327.0,989.0,1.0
3.0,5.0,30.0,7.0,2.0,7.0,0.4,4.0,14.0,2.0,7.0,0.571428571,2.0,3.0,4.0,2.0,0.0,53.0,53.0,28.0,1.0,5.0,9.0,8.0,1.0,1.0,8.0,4.0,4.0,168.0,690.0,21327.0,989.0,0.0
6.0,5.0,108.0,25.0,16.0,34.0,0.444444444,4.0,19.0,8.0,13.0,0.307692308,41.0,17.0,13.0,26.0,30.0,931.0,829.0,2032.0,0.102272727,18.0,136.0,153.0,0.913235294,0.53125,130.0,3.7317073169999997,5.0,168.0,690.0,21327.0,989.0,1.0
2.0,5.0,38.0,8.0,9.0,13.0,0.0,4.0,10.0,0.0,7.0,0.571428571,36.0,16.0,15.0,36.0,0.0,1485.0,1485.0,2294.0,0.033846153999999996,14.0,90.0,212.0,0.914285714,1.0,212.0,5.8888888889999995,5.8888888889999995,39.0,311.0,6940.0,384.0,0.0
0.0,5.0,39.0,8.0,11.0,11.0,0.0,1.0,4.0,0.0,2.0,0.5,36.0,16.0,15.0,36.0,0.0,1485.0,1485.0,2294.0,0.033846153999999996,14.0,90.0,212.0,0.914285714,1.0,212.0,5.8888888889999995,5.8888888889999995,39.0,311.0,6940.0,384.0,0.0
1.0,5.0,33.0,8.0,4.0,12.0,0.875,2.0,2.0,7.0,2.0,1.0,34.0,3.0,7.0,24.0,0.0,585.0,499.0,704.0,0.302955665,10.0,52.0,89.0,0.886868687,0.6875,79.0,2.6176470590000003,3.291666667,39.0,311.0,6940.0,384.0,0.0
0.0,5.0,42.0,9.0,7.0,11.0,1.0,1.0,4.0,4.0,2.0,0.5,21.0,0.0,9.0,20.0,0.0,568.0,552.0,686.0,0.703296703,7.0,40.0,60.0,0.895833333,0.944444444,58.0,2.857142857,2.9,39.0,311.0,6940.0,384.0,0.0
6.0,7.0,42.0,14.0,10.0,16.0,0.0,6.0,18.0,0.0,9.0,0.666666667,56.0,31.0,24.0,46.0,0.0,979.0,924.0,4231.0,0.0,21.0,116.0,160.0,1.018181818,0.8039215690000001,148.0,2.857142857,3.217391304,103.0,748.0,17025.0,928.0,1.0
14.0,6.0,82.0,19.0,13.0,29.0,0.176470588,3.0,12.0,3.0,7.0,0.428571429,3.0,23.0,4.0,3.0,0.0,184.0,184.0,40.0,1.0,5.0,11.0,49.0,1.0,1.0,49.0,16.33333333,16.33333333,103.0,748.0,17025.0,928.0,1.0
0.0,6.0,23.0,9.0,9.0,9.0,0.0,0.0,0.0,0.0,0.0,0.0,218.0,37.0,34.0,218.0,0.0,3856.0,3856.0,35562.0,0.00041406,40.0,314.0,774.0,0.9912023459999999,0.995238095,774.0,3.550458716,3.550458716,72.0,783.0,11259.0,840.0,0.0
0.0,8.0,113.0,21.0,20.0,20.0,0.0,0.0,0.0,0.0,0.0,0.0,218.0,37.0,34.0,218.0,0.0,3856.0,3856.0,35562.0,0.00041406,40.0,314.0,774.0,0.9912023459999999,0.995238095,774.0,3.550458716,3.550458716,72.0,783.0,11259.0,840.0,1.0
0.0,6.0,58.0,10.0,10.0,12.0,1.0,0.0,0.0,2.0,0.0,0.0,21.0,0.0,3.0,21.0,0.0,787.0,787.0,162.0,0.035087718999999996,0.0,25.0,86.0,0.97,1.0,86.0,4.095238095,4.095238095,72.0,783.0,11259.0,840.0,0.0
2.0,6.0,40.0,12.0,6.0,14.0,0.7777777779999999,2.0,4.0,7.0,2.0,1.0,10.0,10.0,10.0,9.0,0.0,169.0,166.0,130.0,0.533333333,12.0,34.0,35.0,0.8888888890000001,0.75,34.0,3.5,3.777777778,168.0,690.0,21327.0,989.0,0.0
0.0,7.0,33.0,8.0,10.0,17.0,0.428571429,3.0,8.0,3.0,4.0,0.75,5.0,0.0,5.0,5.0,59.0,2981.0,2981.0,141.0,0.6,29.0,134.0,31.0,0.8125,1.0,31.0,6.2,6.2,168.0,690.0,21327.0,989.0,0.0
6.0,6.0,42.0,10.0,9.0,21.0,0.363636364,3.0,15.0,4.0,13.0,0.23076923100000002,5.0,6.0,4.0,5.0,33.0,174.0,174.0,60.0,0.833333333,14.0,63.0,25.0,0.8,1.0,25.0,5.0,5.0,168.0,690.0,21327.0,989.0,1.0
5.0,6.0,50.0,14.0,4.0,13.0,0.444444444,6.0,15.0,4.0,10.0,0.6,10.0,10.0,9.0,8.0,33.0,189.0,173.0,246.0,1.0,21.0,75.0,40.0,0.666666667,0.833333333,37.0,4.0,4.625,168.0,690.0,21327.0,989.0,1.0
7.0,6.0,48.0,10.0,12.0,25.0,0.363636364,8.0,18.0,4.0,13.0,0.615384615,11.0,11.0,13.0,11.0,53.0,220.0,220.0,380.0,0.127272727,28.0,126.0,44.0,0.9,1.0,44.0,4.0,4.0,168.0,690.0,21327.0,989.0,0.0
4.0,7.0,46.0,9.0,7.0,19.0,0.692307692,3.0,3.0,9.0,4.0,0.75,4.0,4.0,3.0,4.0,34.0,102.0,102.0,31.0,0.333333333,14.0,53.0,13.0,0.791666667,1.0,13.0,3.25,3.25,168.0,690.0,21327.0,989.0,0.0
8.0,7.0,93.0,19.0,10.0,30.0,0.6190476189999999,4.0,7.0,13.0,7.0,0.571428571,29.0,11.0,7.0,20.0,31.0,541.0,506.0,591.0,0.147619048,17.0,93.0,89.0,0.90922619,0.571428571,80.0,3.068965517,4.0,168.0,690.0,21327.0,989.0,1.0
3.0,8.0,89.0,23.0,18.0,33.0,0.25,7.0,32.0,1.0,18.0,0.38888888899999996,36.0,16.0,15.0,36.0,0.0,1485.0,1485.0,2294.0,0.033846153999999996,14.0,90.0,212.0,0.914285714,1.0,212.0,5.8888888889999995,5.8888888889999995,39.0,311.0,6940.0,384.0,1.0
1.0,6.0,19.0,7.0,8.0,10.0,0.5,3.0,6.0,1.0,4.0,0.75,36.0,16.0,15.0,36.0,0.0,1485.0,1485.0,2294.0,0.033846153999999996,14.0,90.0,212.0,0.914285714,1.0,212.0,5.8888888889999995,5.8888888889999995,39.0,311.0,6940.0,384.0,0.0
0.0,6.0,41.0,10.0,14.0,21.0,1.0,3.0,10.0,1.0,5.0,0.6,49.0,7.0,15.0,42.0,30.0,919.0,863.0,1717.0,0.081949059,23.0,120.0,181.0,0.94212963,0.804347826,170.0,3.6938775510000004,4.0476190480000005,39.0,311.0,6940.0,384.0,0.0
1.0,8.0,33.0,7.0,6.0,10.0,0.666666667,3.0,7.0,2.0,4.0,0.75,49.0,7.0,15.0,42.0,30.0,919.0,863.0,1717.0,0.081949059,23.0,120.0,181.0,0.94212963,0.804347826,170.0,3.6938775510000004,4.0476190480000005,39.0,311.0,6940.0,384.0,1.0
3.0,8.0,59.0,12.0,15.0,27.0,0.666666667,4.0,11.0,6.0,8.0,0.5,49.0,7.0,15.0,42.0,30.0,919.0,863.0,1717.0,0.081949059,23.0,120.0,181.0,0.94212963,0.804347826,170.0,3.6938775510000004,4.0476190480000005,39.0,311.0,6940.0,384.0,1.0
2.0,7.0,32.0,7.0,8.0,14.0,0.6,3.0,9.0,3.0,6.0,0.5,49.0,7.0,15.0,42.0,30.0,919.0,863.0,1717.0,0.081949059,23.0,120.0,181.0,0.94212963,0.804347826,170.0,3.6938775510000004,4.0476190480000005,39.0,311.0,6940.0,384.0,0.0
0.0,1.0,3.0,1.0,1.0,1.0,0.0,0.0,0.0,0.0,0.0,0.0,7.0,0.0,0.0,4.0,588.0,42.0,26.0,0.0,0.3,0.0,7.0,7.0,0.666666667,0.571428571,4.0,1.0,1.0,153.0,193.0,6579.0,256.0,0.0
0.0,1.0,3.0,1.0,0.0,0.0,0.0,1.0,2.0,0.0,1.0,1.0,2.0,0.0,2.0,1.0,593.0,111.0,103.0,10.0,1.0,0.0,9.0,2.0,0.0,0.5,1.0,1.0,1.0,153.0,193.0,6579.0,256.0,0.0
0.0,1.0,5.0,2.0,0.0,1.0,1.0,1.0,2.0,1.0,1.0,1.0,11.0,5.0,12.0,10.0,521.0,246.0,238.0,266.0,1.0,9.0,27.0,15.0,0.791666667,0.666666667,14.0,1.363636364,1.4,153.0,193.0,6579.0,256.0,0.0
0.0,1.0,9.0,1.0,1.0,6.0,1.0,0.0,0.0,5.0,0.0,0.0,16.0,3.0,5.0,15.0,538.0,324.0,319.0,80.0,0.24175824199999998,1.0,21.0,26.0,0.954545455,0.857142857,25.0,1.625,1.6666666669999999,153.0,193.0,6579.0,256.0,0.0
0.0,1.0,4.0,1.0,0.0,2.0,1.0,0.0,0.0,2.0,0.0,0.0,16.0,3.0,5.0,15.0,538.0,324.0,319.0,80.0,0.24175824199999998,1.0,21.0,26.0,0.954545455,0.857142857,25.0,1.625,1.6666666669999999,153.0,193.0,6579.0,256.0,0.0
3.0,1.0,4.0,1.0,1.0,8.0,0.4,2.0,0.0,2.0,2.0,1.0,5.0,16.0,2.0,2.0,522.0,45.0,24.0,4.0,1.0,5.0,11.0,6.0,0.75,0.5,3.0,1.2,1.5,153.0,193.0,6579.0,256.0,0.0
2.0,2.0,10.0,4.0,4.0,8.0,0.5,2.0,0.0,2.0,2.0,1.0,33.0,20.0,32.0,27.0,521.0,853.0,787.0,2464.0,0.25,25.0,114.0,79.0,0.907094595,0.333333333,69.0,2.393939394,2.555555556,153.0,193.0,6579.0,256.0,0.0
0.0,1.0,1.0,1.0,0.0,1.0,1.0,0.0,0.0,1.0,0.0,0.0,33.0,0.0,1.0,11.0,57.0,150.0,84.0,14.0,0.173789174,1.0,35.0,48.0,0.86875,0.214285714,26.0,1.454545455,2.363636364,153.0,193.0,6579.0,256.0,0.0
0.0,1.0,1.0,1.0,1.0,2.0,1.0,0.0,0.0,1.0,0.0,0.0,33.0,0.0,1.0,11.0,57.0,150.0,84.0,14.0,0.173789174,1.0,35.0,48.0,0.86875,0.214285714,26.0,1.454545455,2.363636364,153.0,193.0,6579.0,256.0,0.0
0.0,2.0,13.0,2.0,1.0,7.0,1.0,1.0,2.0,6.0,1.0,1.0,33.0,29.0,28.0,31.0,534.0,1043.0,1015.0,1530.0,0.1,23.0,104.0,70.0,0.9418402779999999,1.0,68.0,2.121212121,2.193548387,153.0,193.0,6579.0,256.0,0.0
0.0,1.0,8.0,1.0,1.0,7.0,1.0,0.0,0.0,6.0,0.0,0.0,3.0,17.0,11.0,2.0,536.0,279.0,266.0,44.0,1.0,1.0,14.0,4.0,0.875,1.0,3.0,1.333333333,1.5,153.0,193.0,6579.0,256.0,0.0
0.0,1.0,3.0,1.0,1.0,2.0,1.0,0.0,0.0,1.0,0.0,0.0,8.0,4.0,3.0,3.0,522.0,235.0,187.0,40.0,0.2,3.0,15.0,12.0,0.904761905,0.166666667,5.0,1.5,1.6666666669999999,153.0,193.0,6579.0,256.0,0.0
9.0,2.0,71.0,1.0,0.0,19.0,0.5,4.0,8.0,9.0,4.0,1.0,3.0,9.0,4.0,2.0,535.0,97.0,91.0,16.0,1.0,1.0,7.0,4.0,0.8888888890000001,1.0,3.0,1.333333333,1.5,153.0,193.0,6579.0,256.0,0.0
0.0,1.0,8.0,4.0,1.0,4.0,1.0,0.0,0.0,3.0,0.0,0.0,12.0,1.0,1.0,7.0,23.0,96.0,45.0,44.0,0.27777777800000003,5.0,39.0,21.0,0.636363636,0.545454545,7.0,1.75,1.0,13.0,73.0,1076.0,136.0,0.0
0.0,1.0,3.0,1.0,0.0,1.0,1.0,0.0,0.0,1.0,0.0,0.0,40.0,3.0,5.0,19.0,0.0,347.0,156.0,350.0,0.14285714300000002,6.0,50.0,58.0,0.965309201,0.39024390200000003,23.0,1.45,1.210526316,13.0,73.0,1076.0,136.0,0.0
0.0,1.0,3.0,1.0,1.0,1.0,0.0,1.0,2.0,0.0,1.0,1.0,19.0,6.0,3.0,15.0,0.0,161.0,117.0,68.0,0.095588235,4.0,28.0,31.0,0.851851852,0.7777777779999999,24.0,1.631578947,1.6,17.0,56.0,874.0,74.0,0.0
0.0,1.0,4.0,1.0,1.0,1.0,0.0,1.0,2.0,0.0,1.0,1.0,3.0,0.0,1.0,3.0,28.0,20.0,20.0,4.0,0.0,1.0,4.0,3.0,0.0,1.0,3.0,1.0,1.0,17.0,56.0,874.0,74.0,0.0
0.0,2.0,29.0,10.0,3.0,5.0,0.0,8.0,16.0,0.0,8.0,1.0,7.0,1.0,9.0,6.0,0.0,133.0,122.0,112.0,0.0,1.0,16.0,30.0,0.833333333,1.0,27.0,4.285714286,4.5,17.0,56.0,874.0,74.0,1.0
0.0,1.0,5.0,1.0,2.0,2.0,0.0,1.0,3.0,0.0,1.0,1.0,1.0,0.0,1.0,1.0,2.0,7.0,7.0,7.0,1.0,2.0,14.0,1.0,0.0,0.0,1.0,1.0,1.0,17.0,56.0,874.0,74.0,0.0
12.0,5.0,66.0,13.0,10.0,21.0,0.076923077,4.0,6.0,1.0,13.0,0.307692308,22.0,25.0,15.0,22.0,0.0,603.0,603.0,892.0,0.333333333,15.0,69.0,114.0,0.9642857140000001,1.0,114.0,5.181818182,5.181818182,7.0,32.0,928.0,32.0,1.0
6.0,5.0,163.0,33.0,28.0,40.0,0.25,2.0,4.0,2.0,7.0,0.28571428600000004,7.0,13.0,6.0,7.0,0.0,301.0,301.0,86.0,0.0,6.0,23.0,48.0,1.0555555559999998,1.0,48.0,6.857142857,6.857142857,7.0,32.0,928.0,32.0,1.0
9.0,6.0,41.0,20.0,13.0,22.0,0.0,4.0,2.0,0.0,10.0,0.4,22.0,25.0,15.0,22.0,0.0,603.0,603.0,892.0,0.333333333,15.0,69.0,114.0,0.9642857140000001,1.0,114.0,5.181818182,5.181818182,7.0,32.0,928.0,32.0,1.0
0.0,2.0,9.0,2.0,3.0,3.0,0.0,1.0,2.0,0.0,1.0,1.0,20.0,0.0,2.0,20.0,0.0,358.0,358.0,260.0,0.065359477,2.0,26.0,58.0,0.7894736840000001,1.0,58.0,2.9,2.9,45.0,381.0,7829.0,395.0,0.0
1.0,1.0,3.0,1.0,1.0,2.0,0.0,0.0,0.0,0.0,0.0,0.0,12.0,4.0,1.0,8.0,0.0,86.0,54.0,4.0,0.13888888900000002,2.0,13.0,18.0,0.935064935,0.538461538,14.0,1.5,1.75,25.0,326.0,5974.0,478.0,0.0
0.0,2.0,23.0,9.0,1.0,9.0,1.0,3.0,6.0,7.0,3.0,1.0,50.0,52.0,34.0,30.0,0.0,1088.0,558.0,5422.0,0.544807966,45.0,166.0,170.0,0.9010989009999999,0.42105263200000004,107.0,3.4,3.566666667,59.0,763.0,14143.0,1136.0,0.0
0.0,1.0,4.0,1.0,0.0,1.0,1.0,1.0,4.0,1.0,2.0,0.5,35.0,26.0,2.0,20.0,0.0,379.0,185.0,1078.0,0.9411764709999999,2.0,70.0,44.0,0.8954248370000001,0.45,20.0,1.257142857,1.0,59.0,763.0,14143.0,1136.0,0.0
0.0,1.0,4.0,1.0,0.0,1.0,1.0,0.0,0.0,1.0,0.0,0.0,92.0,62.0,43.0,68.0,10.0,1616.0,1163.0,11416.0,0.497297297,67.0,265.0,217.0,0.957142857,0.674418605,147.0,2.3586956519999998,2.161764706,59.0,763.0,14143.0,1136.0,0.0
0.0,1.0,4.0,1.0,0.0,1.0,1.0,0.0,0.0,1.0,0.0,0.0,23.0,1.0,6.0,19.0,-1.0,227.0,195.0,421.0,0.36842105299999994,8.0,36.0,40.0,0.772727273,-1.0,33.0,1.739130435,1.736842105,154.0,1112.0,20586.0,1786.0,0.0
0.0,1.0,3.0,1.0,0.0,0.0,0.0,0.0,0.0,0.0,0.0,0.0,9.0,0.0,3.0,6.0,9.0,68.0,44.0,48.0,0.28571428600000004,7.0,27.0,9.0,0.8125,0.5555555560000001,6.0,1.0,1.0,48.0,335.0,6879.0,703.0,0.0
0.0,1.0,3.0,1.0,2.0,2.0,0.0,0.0,1.0,0.0,0.0,0.0,6.0,1.0,4.0,5.0,31.0,47.0,42.0,74.0,0.0,10.0,51.0,7.0,1.066666667,0.5,6.0,1.166666667,1.2,64.0,347.0,3566.0,432.0,0.0
0.0,1.0,3.0,1.0,0.0,2.0,1.0,1.0,2.0,2.0,1.0,1.0,23.0,1.0,4.0,20.0,16.0,231.0,210.0,562.0,0.294736842,9.0,51.0,46.0,0.9090909090000001,0.7826086959999999,41.0,2.0,2.05,64.0,347.0,3566.0,432.0,0.0
0.0,1.0,4.0,1.0,2.0,4.0,1.0,0.0,0.0,2.0,0.0,0.0,4.0,0.0,1.0,2.0,0.0,19.0,9.0,15.0,1.0,3.0,6.0,4.0,0.666666667,0.5,2.0,1.0,1.0,21.0,168.0,3067.0,208.0,0.0
6.0,1.0,8.0,1.0,1.0,14.0,0.333333333,2.0,2.0,3.0,7.0,0.28571428600000004,33.0,18.0,13.0,30.0,5.0,458.0,434.0,1197.0,0.20652173899999998,21.0,89.0,83.0,0.880208333,0.884615385,79.0,2.515151515,2.633333333,21.0,168.0,3067.0,208.0,0.0
0.0,1.0,3.0,1.0,0.0,2.0,1.0,1.0,3.0,2.0,1.0,1.0,13.0,0.0,2.0,13.0,0.0,82.0,82.0,328.0,0.681818182,4.0,28.0,15.0,0.291666667,1.0,15.0,1.153846154,1.153846154,4.0,39.0,460.0,39.0,0.0
0.0,1.0,4.0,1.0,2.0,3.0,1.0,0.0,0.0,1.0,0.0,0.0,9.0,0.0,3.0,8.0,7.0,106.0,98.0,85.0,0.7142857140000001,4.0,22.0,12.0,0.375,0.8888888890000001,11.0,1.333333333,1.375,38.0,208.0,5566.0,383.0,0.0
0.0,1.0,4.0,1.0,0.0,1.0,1.0,0.0,0.0,1.0,0.0,0.0,6.0,23.0,10.0,4.0,5.0,100.0,88.0,114.0,0.0,27.0,51.0,8.0,1.0,0.0,6.0,1.333333333,1.5,22.0,253.0,5906.0,345.0,0.0
5.0,2.0,26.0,8.0,3.0,8.0,0.0,4.0,0.0,0.0,4.0,1.0,8.0,8.0,15.0,8.0,0.0,182.0,182.0,492.0,0.9,18.0,41.0,36.0,0.523809524,1.0,36.0,4.5,4.5,38.0,253.0,4401.0,270.0,0.0
1.0,3.0,21.0,4.0,6.0,10.0,0.666666667,2.0,0.0,2.0,2.0,1.0,16.0,11.0,3.0,12.0,50.0,322.0,266.0,296.0,0.104761905,5.0,25.0,27.0,0.8,0.7857142859999999,20.0,1.6875,1.6666666669999999,35.0,265.0,7652.0,356.0,0.0
1.0,1.0,4.0,1.0,0.0,1.0,0.0,0.0,1.0,0.0,0.0,0.0,52.0,25.0,8.0,35.0,30.0,638.0,395.0,3864.0,0.0,20.0,140.0,63.0,1.019607843,0.647058824,38.0,1.211538462,1.085714286,35.0,265.0,7652.0,356.0,0.0
0.0,2.0,26.0,6.0,3.0,6.0,1.0,1.0,2.0,3.0,1.0,1.0,10.0,0.0,4.0,10.0,0.0,180.0,180.0,40.0,0.75,2.0,14.0,17.0,0.703703704,1.0,17.0,1.7,1.7,17.0,124.0,2217.0,148.0,0.0
0.0,1.0,8.0,2.0,1.0,2.0,1.0,1.0,2.0,1.0,1.0,1.0,7.0,3.0,4.0,4.0,3.0,182.0,144.0,85.0,0.666666667,8.0,16.0,11.0,0.9375,0.4,8.0,1.571428571,2.0,17.0,88.0,2092.0,109.0,0.0
0.0,5.0,59.0,2.0,0.0,1.0,1.0,0.0,0.0,1.0,0.0,0.0,49.0,0.0,1.0,49.0,12.0,2017.0,2017.0,1990.0,0.111111111,0.0,63.0,150.0,0.960069444,1.0,150.0,3.06122449,3.06122449,45.0,381.0,7829.0,395.0,0.0
0.0,5.0,69.0,11.0,4.0,5.0,1.0,1.0,2.0,1.0,1.0,1.0,49.0,0.0,1.0,49.0,12.0,2017.0,2017.0,1990.0,0.111111111,0.0,63.0,150.0,0.960069444,1.0,150.0,3.06122449,3.06122449,45.0,381.0,7829.0,395.0,1.0
0.0,5.0,58.0,2.0,0.0,1.0,1.0,0.0,0.0,1.0,0.0,0.0,49.0,0.0,1.0,49.0,12.0,2017.0,2017.0,1990.0,0.111111111,0.0,63.0,150.0,0.960069444,1.0,150.0,3.06122449,3.06122449,45.0,381.0,7829.0,395.0,0.0
9.0,5.0,103.0,23.0,25.0,48.0,0.3125,12.0,34.0,5.0,29.0,0.413793103,137.0,73.0,41.0,94.0,0.0,1806.0,1243.0,18092.0,0.437320335,48.0,337.0,242.0,0.916666667,0.655737705,181.0,1.7664233580000002,1.925531915,59.0,763.0,14143.0,1136.0,1.0
1.0,5.0,25.0,5.0,6.0,7.0,0.0,3.0,4.0,0.0,3.0,1.0,92.0,62.0,43.0,68.0,10.0,1616.0,1163.0,11416.0,0.497297297,67.0,265.0,217.0,0.957142857,0.674418605,147.0,2.3586956519999998,2.161764706,59.0,763.0,14143.0,1136.0,0.0
1.0,5.0,22.0,5.0,6.0,8.0,0.5,2.0,2.0,1.0,2.0,1.0,92.0,62.0,43.0,68.0,10.0,1616.0,1163.0,11416.0,0.497297297,67.0,265.0,217.0,0.957142857,0.674418605,147.0,2.3586956519999998,2.161764706,59.0,763.0,14143.0,1136.0,0.0
0.0,5.0,74.0,15.0,9.0,10.0,1.0,1.0,4.0,2.0,2.0,0.5,1.0,0.0,1.0,1.0,0.0,88.0,88.0,8.0,1.0,1.0,3.0,15.0,0.0,1.0,15.0,15.0,15.0,59.0,763.0,14143.0,1136.0,1.0
0.0,5.0,100.0,16.0,11.0,33.0,1.0,6.0,28.0,22.0,14.0,0.428571429,36.0,4.0,10.0,22.0,9.0,694.0,541.0,694.0,0.39310344799999997,13.0,88.0,90.0,0.8857142859999999,0.620689655,62.0,2.5,2.8181818180000002,154.0,1112.0,20586.0,1786.0,1.0
0.0,5.0,38.0,5.0,5.0,9.0,1.0,3.0,10.0,4.0,5.0,0.6,5.0,0.0,6.0,4.0,0.0,83.0,73.0,150.0,0.166666667,9.0,19.0,12.0,0.9375,0.8,11.0,2.4,2.75,154.0,1112.0,20586.0,1786.0,1.0
3.0,5.0,37.0,6.0,9.0,15.0,0.5,6.0,12.0,3.0,9.0,0.666666667,21.0,57.0,34.0,18.0,23.0,819.0,798.0,1009.0,0.23636363600000002,43.0,135.0,73.0,1.044575472,0.032407407,70.0,3.476190476,3.888888889,154.0,1112.0,20586.0,1786.0,0.0
0.0,5.0,37.0,7.0,8.0,11.0,1.0,1.0,4.0,3.0,2.0,0.5,24.0,0.0,4.0,24.0,4.0,296.0,296.0,264.0,0.307189542,4.0,37.0,53.0,0.8826086959999999,1.0,53.0,2.208333333,2.208333333,14.0,132.0,2816.0,150.0,0.0
1.0,5.0,46.0,9.0,12.0,14.0,0.0,3.0,16.0,0.0,9.0,0.333333333,8.0,146.0,154.0,8.0,0.0,615.0,615.0,2320.0,0.0,152.0,175.0,186.0,0.9523809520000001,1.0,186.0,23.25,23.25,8.0,18.0,888.0,21.0,0.0
1.0,5.0,26.0,6.0,3.0,7.0,0.75,2.0,12.0,3.0,6.0,0.333333333,2.0,1.0,3.0,2.0,5.0,52.0,52.0,43.0,1.0,9.0,18.0,10.0,1.333333333,1.0,10.0,5.0,5.0,21.0,168.0,3067.0,208.0,0.0
2.0,5.0,50.0,11.0,8.0,12.0,0.5,5.0,12.0,2.0,7.0,0.7142857140000001,107.0,125.0,57.0,91.0,0.0,2218.0,1997.0,17110.0,0.220120724,69.0,310.0,311.0,0.950471698,0.791666667,275.0,2.906542056,3.021978022,22.0,253.0,5906.0,345.0,0.0
6.0,5.0,61.0,7.0,6.0,17.0,0.25,3.0,6.0,2.0,12.0,0.25,7.0,11.0,4.0,6.0,0.0,123.0,117.0,64.0,0.666666667,4.0,25.0,16.0,0.583333333,0.75,15.0,2.285714286,2.5,22.0,253.0,5906.0,345.0,0.0
0.0,5.0,107.0,28.0,10.0,16.0,0.5,4.0,10.0,3.0,8.0,0.5,53.0,41.0,31.0,53.0,0.0,1511.0,1511.0,4746.0,1.0,57.0,121.0,281.0,0.905769231,1.0,281.0,5.3018867919999995,5.3018867919999995,38.0,253.0,4401.0,270.0,1.0
0.0,5.0,49.0,10.0,9.0,11.0,1.0,0.0,0.0,2.0,0.0,0.0,5.0,0.0,0.0,5.0,0.0,128.0,128.0,0.0,1.0,2.0,5.0,28.0,0.666666667,1.0,28.0,5.6,5.6,38.0,253.0,4401.0,270.0,0.0
3.0,5.0,95.0,12.0,16.0,20.0,0.25,5.0,10.0,1.0,5.0,1.0,12.0,6.0,10.0,8.0,0.0,380.0,307.0,162.0,0.5,13.0,24.0,49.0,0.727272727,0.625,40.0,4.083333333,5.0,35.0,265.0,7652.0,356.0,0.0
0.0,5.0,48.0,6.0,9.0,9.0,0.0,1.0,8.0,0.0,4.0,0.25,2.0,0.0,1.0,2.0,0.0,98.0,98.0,24.0,1.0,1.0,6.0,10.0,1.0,1.0,10.0,5.0,5.0,4.0,13.0,300.0,13.0,0.0
0.0,6.0,81.0,13.0,3.0,15.0,0.5,1.0,6.0,3.0,6.0,0.166666667,49.0,0.0,1.0,49.0,12.0,2017.0,2017.0,1990.0,0.111111111,0.0,63.0,150.0,0.960069444,1.0,150.0,3.06122449,3.06122449,45.0,381.0,7829.0,395.0,1.0
1.0,6.0,46.0,9.0,13.0,14.0,0.0,4.0,12.0,0.0,6.0,0.666666667,4.0,2.0,7.0,4.0,-1.0,108.0,108.0,62.0,0.0,10.0,14.0,14.0,1.333333333,-1.0,14.0,3.5,3.5,168.0,225.0,5489.0,227.0,0.0
18.0,7.0,46.0,11.0,13.0,38.0,0.052631579000000005,7.0,4.0,1.0,17.0,0.41176470600000004,50.0,52.0,34.0,30.0,0.0,1088.0,558.0,5422.0,0.544807966,45.0,166.0,170.0,0.9010989009999999,0.42105263200000004,107.0,3.4,3.566666667,59.0,763.0,14143.0,1136.0,1.0
6.0,8.0,119.0,23.0,20.0,29.0,0.0,9.0,20.0,0.0,18.0,0.5,2.0,8.0,10.0,2.0,0.0,225.0,225.0,96.0,0.0,12.0,26.0,39.0,0.0,1.0,39.0,19.5,19.5,59.0,763.0,14143.0,1136.0,0.0
9.0,7.0,146.0,22.0,33.0,46.0,0.181818182,7.0,26.0,2.0,20.0,0.35,137.0,73.0,41.0,94.0,0.0,1806.0,1243.0,18092.0,0.437320335,48.0,337.0,242.0,0.916666667,0.655737705,181.0,1.7664233580000002,1.925531915,59.0,763.0,14143.0,1136.0,1.0
0.0,6.0,32.0,7.0,4.0,5.0,1.0,0.0,0.0,1.0,0.0,0.0,9.0,0.0,0.0,8.0,0.0,245.0,221.0,0.0,0.666666667,0.0,9.0,30.0,0.75,0.8888888890000001,28.0,3.333333333,3.5,14.0,132.0,2816.0,150.0,0.0
0.0,6.0,355.0,62.0,22.0,22.0,0.0,2.0,12.0,0.0,6.0,0.333333333,9.0,0.0,8.0,9.0,0.0,883.0,883.0,222.0,0.0,7.0,21.0,76.0,0.0,1.0,76.0,8.444444444,8.444444444,38.0,208.0,5566.0,383.0,1.0
3.0,6.0,50.0,12.0,10.0,17.0,0.571428571,7.0,18.0,4.0,9.0,0.7777777779999999,107.0,125.0,57.0,91.0,0.0,2218.0,1997.0,17110.0,0.220120724,69.0,310.0,311.0,0.950471698,0.791666667,275.0,2.906542056,3.021978022,22.0,253.0,5906.0,345.0,0.0
11.0,6.0,127.0,25.0,22.0,33.0,0.0,7.0,18.0,0.0,14.0,0.5,27.0,31.0,40.0,25.0,0.0,527.0,517.0,1574.0,0.2,62.0,115.0,104.0,0.905982906,1.0,102.0,3.851851852,4.08,38.0,253.0,4401.0,270.0,1.0
3.0,6.0,66.0,13.0,9.0,16.0,0.5,9.0,34.0,3.0,18.0,0.5,8.0,8.0,15.0,8.0,0.0,182.0,182.0,492.0,0.9,18.0,41.0,36.0,0.523809524,1.0,36.0,4.5,4.5,38.0,253.0,4401.0,270.0,1.0
0.0,6.0,35.0,10.0,6.0,6.0,0.0,2.0,8.0,0.0,4.0,0.5,4.0,0.0,4.0,4.0,0.0,86.0,86.0,28.0,1.0,4.0,10.0,16.0,1.0,1.0,16.0,4.0,4.0,2.0,11.0,178.0,11.0,1.0
14.0,7.0,116.0,28.0,16.0,36.0,0.3,8.0,36.0,6.0,26.0,0.307692308,12.0,14.0,11.0,7.0,6.0,362.0,318.0,311.0,0.17857142899999998,20.0,62.0,49.0,0.924242424,0.545454545,44.0,4.083333333,6.285714286,5.0,11.0,578.0,19.0,1.0
0.0,2.0,10.0,2.0,3.0,5.0,1.0,0.0,0.0,2.0,0.0,0.0,57.0,0.0,0.0,57.0,0.0,674.0,674.0,0.0,1.0,0.0,57.0,113.0,0.017857143,1.0,113.0,1.98245614,1.98245614,29.0,219.0,3862.0,227.0,0.0
0.0,2.0,10.0,2.0,3.0,5.0,1.0,0.0,0.0,2.0,0.0,0.0,57.0,0.0,0.0,57.0,0.0,674.0,674.0,0.0,1.0,0.0,57.0,113.0,0.017857143,1.0,113.0,1.98245614,1.98245614,29.0,219.0,3862.0,227.0,0.0
0.0,2.0,10.0,2.0,3.0,5.0,1.0,0.0,0.0,2.0,0.0,0.0,57.0,0.0,0.0,57.0,0.0,674.0,674.0,0.0,1.0,0.0,57.0,113.0,0.017857143,1.0,113.0,1.98245614,1.98245614,29.0,219.0,3862.0,227.0,0.0
0.0,1.0,3.0,1.0,0.0,0.0,0.0,0.0,0.0,0.0,0.0,0.0,25.0,3.0,4.0,25.0,25.0,688.0,688.0,772.0,0.0,3.0,31.0,60.0,1.041666667,1.0,60.0,2.4,2.4,29.0,219.0,3862.0,227.0,0.0
0.0,1.0,3.0,1.0,1.0,1.0,0.0,1.0,4.0,0.0,2.0,0.5,25.0,3.0,4.0,25.0,25.0,688.0,688.0,772.0,0.0,3.0,31.0,60.0,1.041666667,1.0,60.0,2.4,2.4,29.0,219.0,3862.0,227.0,0.0
0.0,1.0,3.0,1.0,1.0,1.0,0.0,1.0,2.0,0.0,1.0,1.0,25.0,3.0,4.0,25.0,25.0,688.0,688.0,772.0,0.0,3.0,31.0,60.0,1.041666667,1.0,60.0,2.4,2.4,29.0,219.0,3862.0,227.0,0.0
1.0,2.0,11.0,3.0,3.0,4.0,0.0,2.0,4.0,0.0,2.0,1.0,25.0,3.0,4.0,25.0,25.0,688.0,688.0,772.0,0.0,3.0,31.0,60.0,1.041666667,1.0,60.0,2.4,2.4,29.0,219.0,3862.0,227.0,0.0
1.0,1.0,3.0,1.0,0.0,1.0,0.0,0.0,0.0,0.0,0.0,0.0,11.0,6.0,3.0,10.0,0.0,197.0,170.0,150.0,0.0,3.0,18.0,29.0,1.1,0.8888888890000001,25.0,2.636363636,2.5,29.0,219.0,3862.0,227.0,0.0
0.0,1.0,3.0,1.0,0.0,0.0,0.0,0.0,1.0,0.0,0.0,0.0,24.0,1.0,6.0,24.0,24.0,375.0,375.0,1021.0,0.0,10.0,71.0,45.0,1.043478261,1.0,45.0,1.875,1.875,29.0,219.0,3862.0,227.0,0.0
0.0,3.0,14.0,3.0,4.0,4.0,0.0,1.0,3.0,0.0,1.0,1.0,24.0,1.0,6.0,24.0,24.0,375.0,375.0,1021.0,0.0,10.0,71.0,45.0,1.043478261,1.0,45.0,1.875,1.875,29.0,219.0,3862.0,227.0,0.0
0.0,2.0,17.0,4.0,5.0,5.0,0.0,1.0,4.0,0.0,2.0,0.5,14.0,0.0,3.0,14.0,-1.0,84.0,84.0,154.0,0.0,3.0,17.0,22.0,0.0,-1.0,22.0,1.571428571,1.571428571,29.0,219.0,3862.0,227.0,0.0
1.0,1.0,4.0,1.0,2.0,3.0,0.0,0.0,1.0,0.0,0.0,0.0,19.0,4.0,2.0,19.0,-1.0,339.0,339.0,377.0,0.0,4.0,30.0,50.0,1.0555555559999998,-1.0,50.0,2.631578947,2.631578947,29.0,219.0,3862.0,227.0,0.0
1.0,1.0,3.0,1.0,0.0,1.0,0.0,0.0,0.0,0.0,0.0,0.0,19.0,4.0,2.0,19.0,-1.0,339.0,339.0,377.0,0.0,4.0,30.0,50.0,1.0555555559999998,-1.0,50.0,2.631578947,2.631578947,29.0,219.0,3862.0,227.0,0.0
3.0,1.0,5.0,1.0,3.0,6.0,0.0,0.0,0.0,0.0,0.0,0.0,8.0,3.0,1.0,6.0,0.0,52.0,42.0,8.0,0.0,2.0,8.0,14.0,1.142857143,1.0,12.0,1.75,2.0,29.0,219.0,3862.0,227.0,0.0
0.0,1.0,3.0,1.0,1.0,2.0,1.0,0.0,0.0,1.0,0.0,0.0,4.0,0.0,0.0,0.0,0.0,40.0,0.0,0.0,0.166666667,1.0,4.0,4.0,0.0,0.0,0.0,1.0,0.0,29.0,219.0,3862.0,227.0,0.0
-1.0,0.0,1.0,1.0,0.0,-1.0,-1.0,0.0,0.0,-1.0,0.0,0.0,24.0,0.0,2.0,22.0,-1.0,373.0,347.0,218.0,0.21637426899999998,2.0,26.0,40.0,0.904347826,-1.0,37.0,1.6666666669999999,1.6818181819999998,29.0,219.0,3862.0,227.0,0.0
0.0,1.0,3.0,1.0,0.0,1.0,1.0,0.0,0.0,1.0,0.0,0.0,11.0,0.0,0.0,7.0,0.0,107.0,67.0,0.0,0.23636363600000002,0.0,11.0,11.0,0.8,0.636363636,7.0,1.0,1.0,30.0,49.0,993.0,54.0,0.0
0.0,0.0,1.0,1.0,0.0,0.0,0.0,0.0,0.0,0.0,0.0,0.0,3.0,0.0,0.0,3.0,-1.0,5.0,5.0,0.0,0.0,0.0,3.0,3.0,0.0,0.0,3.0,1.0,1.0,30.0,49.0,993.0,54.0,0.0
0.0,3.0,27.0,1.0,0.0,0.0,0.0,1.0,2.0,0.0,1.0,1.0,11.0,0.0,19.0,11.0,0.0,423.0,423.0,306.0,0.2,9.0,33.0,20.0,0.8666666670000001,1.0,20.0,1.8181818180000002,1.8181818180000002,30.0,49.0,993.0,54.0,0.0
4.0,5.0,63.0,16.0,9.0,13.0,0.0,0.0,2.0,0.0,0.0,0.0,19.0,4.0,2.0,19.0,-1.0,339.0,339.0,377.0,0.0,4.0,30.0,50.0,1.0555555559999998,-1.0,50.0,2.631578947,2.631578947,29.0,219.0,3862.0,227.0,0.0
0.0,5.0,118.0,14.0,34.0,38.0,0.333333333,0.0,0.0,2.0,0.0,0.0,9.0,0.0,1.0,9.0,0.0,429.0,429.0,2.0,1.0,0.0,10.0,41.0,0.875,1.0,41.0,4.555555556,4.555555556,2.0,9.0,429.0,9.0,0.0
0.0,1.0,4.0,1.0,1.0,0.0,0.0,0.0,0.0,0.0,0.0,0.0,5.0,0.0,1.0,4.0,5.0,71.0,60.0,6.0,0.166666667,4.0,11.0,5.0,1.0,0.8,4.0,1.0,1.0,70.0,543.0,20854.0,812.0,0.0
0.0,1.0,3.0,1.0,1.0,2.0,1.0,0.0,0.0,1.0,0.0,0.0,16.0,5.0,8.0,12.0,54.0,225.0,191.0,270.0,0.21666666699999998,23.0,108.0,30.0,0.922222222,0.75,26.0,1.875,2.166666667,138.0,948.0,27590.0,1132.0,0.0
0.0,1.0,3.0,1.0,1.0,2.0,1.0,0.0,0.0,1.0,0.0,0.0,57.0,11.0,11.0,43.0,-1.0,882.0,716.0,976.0,0.091764706,26.0,83.0,129.0,0.963010204,-1.0,109.0,2.263157895,2.534883721,138.0,948.0,27590.0,1132.0,0.0
0.0,1.0,4.0,1.0,1.0,2.0,1.0,0.0,0.0,1.0,0.0,0.0,13.0,0.0,1.0,13.0,0.0,222.0,222.0,46.0,0.545454545,1.0,15.0,22.0,0.7777777779999999,1.0,22.0,1.692307692,1.692307692,34.0,113.0,8814.0,151.0,0.0
0.0,1.0,4.0,1.0,1.0,2.0,1.0,0.0,0.0,1.0,0.0,0.0,42.0,3.0,4.0,32.0,0.0,741.0,643.0,414.0,0.24182076800000002,5.0,51.0,108.0,0.864915572,0.7435897440000001,93.0,2.5714285709999998,2.90625,90.0,482.0,16188.0,569.0,0.0
0.0,1.0,4.0,1.0,2.0,0.0,0.0,0.0,0.0,0.0,0.0,0.0,110.0,13.0,7.0,101.0,92.0,957.0,899.0,3796.0,0.016139993000000002,19.0,220.0,158.0,0.9731827809999999,0.89380531,149.0,1.4363636359999998,1.475247525,66.0,634.0,10542.0,699.0,0.0
0.0,2.0,9.0,2.0,1.0,2.0,1.0,1.0,3.0,1.0,1.0,1.0,121.0,3.0,8.0,115.0,84.0,1247.0,1190.0,24104.0,0.884542952,23.0,421.0,234.0,0.861904762,0.9495798320000001,223.0,1.9338842980000002,1.939130435,66.0,634.0,10542.0,699.0,0.0
6.0,3.0,17.0,6.0,0.0,14.0,0.5,1.0,7.0,6.0,4.0,0.25,75.0,26.0,50.0,71.0,163.0,1828.0,1779.0,10273.0,0.011538462,73.0,395.0,229.0,0.9902143520000001,0.939393939,221.0,3.0533333330000003,3.112676056,66.0,634.0,10542.0,699.0,0.0
0.0,1.0,207.0,1.0,0.0,0.0,0.0,0.0,0.0,0.0,0.0,0.0,3.0,0.0,0.0,3.0,23.0,392.0,392.0,0.0,0.0,1.0,3.0,6.0,1.5,0.03125,6.0,2.0,2.0,21.0,59.0,7835.0,61.0,0.0
0.0,1.0,207.0,1.0,0.0,0.0,0.0,0.0,0.0,0.0,0.0,0.0,3.0,0.0,0.0,3.0,23.0,392.0,392.0,0.0,0.0,1.0,3.0,6.0,1.5,0.03125,6.0,2.0,2.0,21.0,59.0,7835.0,61.0,0.0
0.0,1.0,5.0,2.0,2.0,3.0,1.0,0.0,1.0,1.0,0.0,0.0,96.0,7.0,9.0,92.0,35.0,1583.0,1531.0,8625.0,0.8023335620000001,17.0,210.0,236.0,0.9263157890000001,0.954545455,229.0,2.458333333,2.489130435,24.0,233.0,6943.0,280.0,0.0
0.0,1.0,3.0,1.0,1.0,1.0,0.0,0.0,0.0,0.0,0.0,0.0,9.0,0.0,1.0,9.0,0.0,88.0,88.0,2.0,0.0,1.0,10.0,10.0,1.0,0.0,10.0,1.111111111,1.111111111,69.0,454.0,23224.0,474.0,0.0
1.0,1.0,5.0,1.0,1.0,2.0,0.0,0.0,0.0,0.0,0.0,0.0,52.0,26.0,9.0,34.0,-1.0,985.0,668.0,1762.0,0.069380204,23.0,80.0,79.0,0.9441930620000001,-1.0,47.0,1.519230769,1.382352941,31.0,289.0,8970.0,374.0,0.0
13.0,3.0,74.0,13.0,10.0,24.0,0.071428571,2.0,16.0,1.0,6.0,0.333333333,9.0,4.0,6.0,7.0,105.0,340.0,296.0,485.0,0.571428571,31.0,180.0,40.0,0.78125,0.75,35.0,4.444444444,5.0,31.0,289.0,8970.0,374.0,1.0
0.0,1.0,6.0,2.0,1.0,4.0,0.666666667,3.0,4.0,2.0,3.0,1.0,18.0,2.0,9.0,18.0,59.0,264.0,264.0,468.0,0.164835165,22.0,119.0,31.0,0.882352941,1.0,31.0,1.7222222219999999,1.7222222219999999,22.0,257.0,5241.0,262.0,0.0
0.0,1.0,3.0,1.0,2.0,0.0,0.0,0.0,0.0,0.0,0.0,0.0,110.0,1.0,1.0,87.0,0.0,1929.0,1643.0,438.0,0.000849473,2.0,111.0,156.0,0.9908256879999999,0.790909091,133.0,1.418181818,1.5287356319999998,66.0,681.0,19469.0,786.0,0.0
0.0,2.0,7.0,3.0,4.0,4.0,0.0,0.0,0.0,0.0,0.0,0.0,8.0,0.0,0.0,8.0,0.0,178.0,178.0,0.0,0.333333333,0.0,8.0,40.0,0.9285714290000001,0.571428571,40.0,5.0,5.0,66.0,681.0,19469.0,786.0,0.0
0.0,3.0,15.0,3.0,2.0,4.0,1.0,0.0,0.0,2.0,0.0,0.0,30.0,1.0,0.0,27.0,0.0,709.0,657.0,0.0,0.920634921,1.0,30.0,78.0,0.606896552,0.9,73.0,2.6,2.7037037039999996,66.0,681.0,19469.0,786.0,0.0
0.0,1.0,7.0,1.0,2.0,5.0,1.0,0.0,0.0,3.0,0.0,0.0,37.0,2.0,4.0,19.0,0.0,799.0,578.0,292.0,0.1,5.0,42.0,94.0,0.963541667,0.0,71.0,2.540540541,3.736842105,29.0,190.0,8318.0,262.0,0.0
5.0,5.0,94.0,12.0,10.0,19.0,0.28571428600000004,3.0,4.0,2.0,7.0,0.428571429,88.0,17.0,10.0,58.0,90.0,1601.0,1155.0,888.0,0.058823529000000006,18.0,196.0,176.0,0.960153257,0.6315789470000001,133.0,2.0,2.293103448,70.0,543.0,20854.0,812.0,1.0
3.0,5.0,26.0,7.0,7.0,11.0,0.25,2.0,0.0,1.0,3.0,0.666666667,88.0,17.0,10.0,58.0,90.0,1601.0,1155.0,888.0,0.058823529000000006,18.0,196.0,176.0,0.960153257,0.6315789470000001,133.0,2.0,2.293103448,70.0,543.0,20854.0,812.0,0.0
5.0,5.0,51.0,9.0,9.0,15.0,0.0,3.0,14.0,0.0,10.0,0.3,19.0,32.0,11.0,16.0,0.0,880.0,780.0,826.0,0.194444444,16.0,55.0,113.0,0.875,0.8888888890000001,100.0,5.947368421,6.25,70.0,543.0,20854.0,812.0,0.0
0.0,5.0,53.0,9.0,10.0,8.0,0.0,0.0,0.0,0.0,0.0,0.0,10.0,0.0,2.0,10.0,0.0,612.0,612.0,162.0,0.0,1.0,20.0,58.0,1.0,0.0,58.0,5.8,5.8,58.0,126.0,3480.0,142.0,1.0
2.0,5.0,38.0,8.0,8.0,14.0,0.75,4.0,8.0,6.0,5.0,0.8,27.0,24.0,15.0,25.0,64.0,1032.0,1014.0,1689.0,0.30952381,31.0,162.0,153.0,0.9540942929999999,0.933333333,149.0,5.666666667,5.96,138.0,948.0,27590.0,1132.0,0.0
3.0,5.0,36.0,12.0,4.0,10.0,0.5,2.0,9.0,3.0,4.0,0.5,2.0,3.0,2.0,2.0,16.0,60.0,60.0,19.0,1.0,8.0,31.0,13.0,1.0,1.0,13.0,6.5,6.5,90.0,482.0,16188.0,569.0,0.0
3.0,5.0,51.0,9.0,7.0,18.0,0.727272727,5.0,10.0,8.0,8.0,0.625,2.0,3.0,5.0,2.0,0.0,95.0,95.0,26.0,1.0,7.0,11.0,11.0,1.0,1.0,11.0,5.5,5.5,66.0,634.0,10542.0,699.0,1.0
0.0,5.0,55.0,6.0,8.0,13.0,0.6,1.0,2.0,3.0,1.0,1.0,7.0,0.0,1.0,6.0,0.0,319.0,310.0,42.0,1.0,0.0,8.0,28.0,0.75,0.75,27.0,4.0,4.5,49.0,669.0,19441.0,821.0,0.0
0.0,5.0,37.0,9.0,3.0,4.0,1.0,0.0,0.0,1.0,0.0,0.0,8.0,0.0,3.0,7.0,0.0,478.0,467.0,48.0,1.0,4.0,13.0,68.0,0.8,0.8,67.0,8.5,9.571428571,49.0,669.0,19441.0,821.0,0.0
0.0,5.0,55.0,7.0,5.0,5.0,0.0,1.0,8.0,0.0,4.0,0.25,10.0,0.0,2.0,10.0,0.0,612.0,612.0,162.0,0.0,1.0,20.0,58.0,1.0,0.0,58.0,5.8,5.8,69.0,454.0,23224.0,474.0,0.0
0.0,5.0,36.0,6.0,6.0,12.0,1.0,1.0,6.0,6.0,2.0,0.5,4.0,0.0,1.0,4.0,112.0,118.0,118.0,35.0,1.0,32.0,175.0,12.0,0.833333333,1.0,12.0,3.0,3.0,31.0,289.0,8970.0,374.0,0.0
0.0,5.0,127.0,16.0,13.0,14.0,0.0,0.0,0.0,0.0,0.0,0.0,25.0,8.0,5.0,24.0,0.0,1283.0,1269.0,178.0,0.003952569,7.0,35.0,138.0,0.99537037,0.956521739,137.0,5.52,5.708333333,66.0,681.0,19469.0,786.0,1.0
0.0,5.0,106.0,20.0,12.0,12.0,0.0,0.0,0.0,0.0,0.0,0.0,25.0,8.0,5.0,24.0,0.0,1283.0,1269.0,178.0,0.003952569,7.0,35.0,138.0,0.99537037,0.956521739,137.0,5.52,5.708333333,66.0,681.0,19469.0,786.0,1.0
0.0,5.0,38.0,8.0,3.0,3.0,0.0,0.0,0.0,0.0,0.0,0.0,11.0,0.0,5.0,9.0,0.0,465.0,443.0,50.0,0.7142857140000001,5.0,17.0,64.0,0.825,0.75,62.0,5.818181817999999,6.8888888889999995,66.0,681.0,19469.0,786.0,0.0
0.0,5.0,21.0,8.0,5.0,5.0,0.0,1.0,4.0,0.0,2.0,0.5,15.0,0.0,1.0,15.0,0.0,391.0,391.0,48.0,0.342857143,1.0,17.0,49.0,0.935714286,0.625,49.0,3.266666667,3.266666667,66.0,681.0,19469.0,786.0,0.0
6.0,5.0,162.0,20.0,21.0,39.0,0.25,14.0,18.0,2.0,20.0,0.7,137.0,69.0,56.0,85.0,12.0,3578.0,2687.0,29122.0,0.046379829000000004,65.0,330.0,334.0,0.979309166,0.607692308,252.0,2.4379562040000002,2.964705882,28.0,223.0,9478.0,312.0,1.0
0.0,5.0,32.0,5.0,3.0,5.0,0.0,1.0,2.0,0.0,1.0,1.0,137.0,69.0,56.0,85.0,12.0,3578.0,2687.0,29122.0,0.046379829000000004,65.0,330.0,334.0,0.979309166,0.607692308,252.0,2.4379562040000002,2.964705882,28.0,223.0,9478.0,312.0,0.0
0.0,5.0,60.0,14.0,4.0,9.0,1.0,0.0,0.0,5.0,0.0,0.0,30.0,33.0,9.0,30.0,0.0,2082.0,2082.0,1782.0,0.420634921,13.0,63.0,316.0,0.952060555,1.0,316.0,10.53333333,10.53333333,13.0,78.0,4557.0,110.0,1.0
0.0,5.0,53.0,9.0,10.0,8.0,0.0,0.0,0.0,0.0,0.0,0.0,10.0,0.0,2.0,10.0,0.0,612.0,612.0,162.0,0.0,1.0,20.0,58.0,1.0,0.0,58.0,5.8,5.8,14.0,33.0,1158.0,37.0,1.0
12.0,6.0,85.0,10.0,11.0,30.0,0.14285714300000002,7.0,24.0,2.0,21.0,0.333333333,12.0,19.0,11.0,9.0,181.0,330.0,279.0,334.0,0.151515152,37.0,276.0,33.0,0.8863636359999999,0.692307692,29.0,2.75,3.222222222,70.0,543.0,20854.0,812.0,1.0
0.0,7.0,120.0,19.0,16.0,14.0,1.0,1.0,10.0,3.0,5.0,0.2,10.0,0.0,2.0,10.0,0.0,612.0,612.0,162.0,0.0,1.0,20.0,58.0,1.0,0.0,58.0,5.8,5.8,44.0,200.0,8510.0,214.0,1.0
3.0,7.0,245.0,39.0,20.0,34.0,0.666666667,10.0,22.0,6.0,13.0,0.7692307690000001,17.0,11.0,15.0,16.0,19.0,787.0,770.0,672.0,0.141666667,26.0,69.0,87.0,0.9285714290000001,0.9411764709999999,84.0,5.117647058999999,5.25,90.0,482.0,16188.0,569.0,1.0
3.0,6.0,54.0,15.0,3.0,10.0,0.571428571,2.0,7.0,4.0,3.0,0.666666667,2.0,3.0,2.0,2.0,16.0,77.0,77.0,15.0,1.0,10.0,30.0,16.0,1.0,1.0,16.0,8.0,8.0,90.0,482.0,16188.0,569.0,1.0
0.0,6.0,28.0,8.0,2.0,9.0,1.0,0.0,0.0,7.0,0.0,0.0,16.0,1.0,0.0,14.0,0.0,232.0,204.0,0.0,0.705128205,1.0,16.0,46.0,0.8615384620000001,0.875,39.0,2.875,2.785714286,66.0,634.0,10542.0,699.0,0.0
1.0,6.0,66.0,16.0,6.0,15.0,0.8888888890000001,0.0,0.0,8.0,0.0,0.0,4.0,0.0,2.0,4.0,0.0,227.0,227.0,52.0,1.0,3.0,10.0,29.0,0.7333333329999999,1.0,29.0,7.25,7.25,49.0,669.0,19441.0,821.0,0.0
0.0,6.0,130.0,15.0,18.0,21.0,1.0,0.0,0.0,4.0,0.0,0.0,9.0,0.0,0.0,8.0,10.0,464.0,452.0,0.0,0.428571429,0.0,9.0,42.0,0.75,0.8888888890000001,41.0,4.666666667,5.125,49.0,669.0,19441.0,821.0,1.0
1.0,8.0,169.0,33.0,19.0,22.0,0.666666667,2.0,6.0,2.0,3.0,0.666666667,42.0,9.0,9.0,41.0,93.0,2069.0,2060.0,1192.0,0.008403361,12.0,70.0,188.0,0.999322493,1.0,186.0,4.476190476,4.536585366000001,69.0,454.0,23224.0,474.0,1.0
3.0,6.0,85.0,11.0,8.0,16.0,0.625,3.0,20.0,5.0,11.0,0.272727273,26.0,7.0,9.0,21.0,-1.0,614.0,537.0,519.0,0.221343874,17.0,55.0,73.0,0.91,-1.0,63.0,2.807692308,3.0,31.0,289.0,8970.0,374.0,1.0
6.0,10.0,197.0,35.0,22.0,37.0,0.571428571,1.0,2.0,8.0,1.0,1.0,25.0,8.0,5.0,24.0,0.0,1283.0,1269.0,178.0,0.003952569,7.0,35.0,138.0,0.99537037,0.956521739,137.0,5.52,5.708333333,66.0,681.0,19469.0,786.0,1.0
0.0,7.0,120.0,19.0,16.0,14.0,1.0,1.0,10.0,3.0,5.0,0.2,10.0,0.0,2.0,10.0,0.0,612.0,612.0,162.0,0.0,1.0,20.0,58.0,1.0,0.0,58.0,5.8,5.8,66.0,681.0,19469.0,786.0,1.0
2.0,7.0,46.0,10.0,4.0,9.0,0.333333333,4.0,6.0,1.0,7.0,0.571428571,15.0,11.0,11.0,8.0,28.0,346.0,226.0,277.0,0.295238095,23.0,81.0,40.0,0.857142857,0.533333333,24.0,2.666666667,3.0,23.0,50.0,1281.0,66.0,0.0
4.0,7.0,200.0,38.0,21.0,27.0,0.4,4.0,10.0,2.0,7.0,0.571428571,45.0,13.0,10.0,34.0,12.0,1404.0,1157.0,1768.0,0.18466899,12.0,69.0,141.0,0.913636364,0.744186047,121.0,3.133333333,3.5588235289999997,28.0,223.0,9478.0,312.0,1.0
7.0,7.0,48.0,7.0,13.0,23.0,0.222222222,10.0,18.0,2.0,14.0,0.7142857140000001,8.0,10.0,13.0,5.0,0.0,216.0,128.0,160.0,0.166666667,15.0,36.0,21.0,0.892857143,0.75,10.0,2.625,2.0,28.0,223.0,9478.0,312.0,0.0
0.0,6.0,54.0,16.0,7.0,8.0,1.0,2.0,12.0,1.0,6.0,0.333333333,30.0,33.0,9.0,30.0,0.0,2082.0,2082.0,1782.0,0.420634921,13.0,63.0,316.0,0.952060555,1.0,316.0,10.53333333,10.53333333,13.0,78.0,4557.0,110.0,1.0
8.0,6.0,99.0,16.0,7.0,28.0,0.384615385,2.0,0.0,5.0,7.0,0.28571428600000004,30.0,33.0,9.0,30.0,0.0,2082.0,2082.0,1782.0,0.420634921,13.0,63.0,316.0,0.952060555,1.0,316.0,10.53333333,10.53333333,13.0,78.0,4557.0,110.0,1.0
5.0,6.0,72.0,15.0,5.0,20.0,0.666666667,3.0,11.0,10.0,6.0,0.5,4.0,5.0,3.0,4.0,14.0,118.0,118.0,47.0,0.0,11.0,26.0,20.0,1.0,1.0,20.0,5.0,5.0,22.0,115.0,6090.0,121.0,1.0
11.0,8.0,152.0,25.0,16.0,29.0,0.083333333,16.0,46.0,1.0,28.0,0.571428571,7.0,11.0,16.0,4.0,0.0,264.0,231.0,168.0,0.133333333,19.0,40.0,31.0,0.9,0.571428571,28.0,4.428571429,7.0,29.0,111.0,4573.0,116.0,1.0
