NOP_method,CC_method,ATFD_method,FDP_method,CM_method,MAXNESTING_method,LOC_method,CYCLO_method,NMCS_method,NOLV_method,MaMCL_method,NOAV_method,LAA_method,FANOUT_method,CFNAMM_method,ATLD_method,CINT_method,MeMCL_method,CDISP_method,NOII_type,NOAM_type,NOCS_type,NOM_type,NMO_type,ATFD_type,FANOUT_type,NOMNAMM_type,NOA_type,NIM_type,DIT_type,LOC_type,LOCNAMM_type,CFNAMM_type,TCC_type,NOPA_type,CBO_type,RFC_type,NOC_type,WMC_type,LCOM5_type,WOC_type,WMCNAMM_type,AMW_type,AMWNAMM_type,NOCS_package,NOMNAMM_package,NOI_package,LOC_package,NOM_package,NOPK_project,NOCS_project,NOI_project,NOM_project,NOMNAMM_project,LOC_project,is_switch_statements
1,2,0,0,2,1,5,1,0,1,0,1,0,1,4,0,2,0,0.5,0,2,0,7,-1,1,3,5,2,-1,3,53,39,55,0.1,0,4,13,2,8,0.916666667,-1,6,1.142857143,1.2,7,47,3,439,53,43,849,78,5788,4778,65687,FALSE
0,0,0,0,0,2,6,3,0,0,0,1,1,0,1,1,0,0,0,0,8,0,30,12,4,10,22,8,111,3,377,310,1214,0.057142857,0,32,208,0,61,0.943965517,0.681818182,51,2.033333333,2.318181818,38,198,0,4223,240,43,849,78,5788,4778,65687,FALSE
2,0,0,0,0,1,3,1,0,2,0,1,0,1,2,0,1,0,1,1,0,0,1,0,0,1,1,0,0,1,3,3,4,1,0,3,2,-1,1,0,-1,1,1,1,38,198,0,4223,240,43,849,78,5788,4778,65687,FALSE
0,0,0,0,0,2,3,1,0,0,0,0,0,1,2,0,1,0,1,1,0,0,1,0,0,1,1,0,0,1,5,5,4,1,0,1,2,-1,1,0,-1,1,1,1,18,102,0,1212,120,43,849,78,5788,4778,65687,FALSE
0,0,0,0,0,1,3,1,0,0,0,6,0,0,0,0,0,0,0,0,2,1,16,0,7,10,14,6,8,3,197,179,640,0.305555556,0,10,41,0,31,0.855555556,1,28,1.9375,2,4,27,0,516,29,43,849,78,5788,4778,65687,FALSE
1,1,0,0,1,1,3,1,0,1,0,2,1,0,0,1,0,0,0,1,1,0,5,0,3,6,4,2,0,1,66,44,77,0.5,0,9,18,0,10,0.75,0.75,8,2,2,17,82,1,906,90,43,849,78,5788,4778,65687,FALSE
0,0,0,0,0,1,5,2,0,0,0,1,1,0,0,1,0,0,0,1,57,1,129,-1,22,25,72,44,-1,1,1243,834,11362,0.028635682,5,28,207,4,269,0.985973011,-1,178,2.085271318,2.472222222,34,523,11,6037,728,43,849,78,5788,4778,65687,FALSE
2,1,0,0,1,1,3,1,0,2,0,2,0,0,1,0,0,0,0,1,0,0,1,0,0,0,1,0,4,3,9,9,3,1,0,3,6,0,1,0,1,1,1,1,34,523,11,6037,728,43,849,78,5788,4778,65687,FALSE
0,1,0,0,1,0,1,1,0,0,0,0,0,0,0,0,0,0,0,1,4,2,68,-1,0,0,64,1,-1,-1,225,202,0,0,1,13,68,0,68,1.014925373,0,64,1,1,34,523,11,6037,728,43,849,78,5788,4778,65687,FALSE
1,0,0,0,0,2,8,2,0,2,0,1,0,0,0,0,0,0,0,0,0,13,71,0,4,14,71,5,0,1,1327,1327,1192,0.000426257,2,8,96,0,186,1,0.971830986,186,2.61971831,2.61971831,50,388,3,8258,437,43,849,78,5788,4778,65687,FALSE
1,1,0,0,1,0,1,1,0,1,0,0,0,0,0,0,0,0,0,0,3,0,4,-1,0,0,1,0,-1,-1,19,4,0,0,0,0,4,0,4,0,0,1,1,1,50,388,3,8258,437,43,849,78,5788,4778,65687,FALSE
1,0,0,0,0,1,3,1,0,1,0,3,1,0,0,3,0,0,0,1,0,0,9,0,5,9,9,4,17,3,77,77,152,0.166666667,0,12,30,0,12,0.9375,1,12,1.333333333,1.333333333,74,380,4,5031,435,43,849,78,5788,4778,65687,FALSE
0,1,0,0,1,0,1,1,0,0,0,0,0,0,0,0,0,0,0,0,0,0,2,-1,0,0,2,0,-1,-1,6,6,0,0,0,0,2,0,2,0,0,2,1,1,18,108,8,1339,136,43,849,78,5788,4778,65687,FALSE
0,1,0,0,1,1,3,1,0,0,0,1,1,0,1,1,0,0,0,0,2,0,12,1,1,1,10,4,5,2,86,74,80,0.527272727,1,4,22,0,20,0.818181818,0.769230769,18,1.666666667,1.8,18,108,8,1339,136,43,849,78,5788,4778,65687,FALSE
0,0,-1,-1,0,0,1,1,0,0,0,-1,-1,0,0,-1,0,0,0,0,0,1,11,-1,0,0,11,0,-1,-1,83,83,0,0,0,6,11,0,11,0,0,11,1,1,18,108,8,1339,136,43,849,78,5788,4778,65687,FALSE
0,4,0,0,5,0,1,1,0,0,0,0,0,0,0,0,0,0,0,0,0,0,3,-1,0,0,3,0,-1,-1,6,6,0,0,0,0,3,0,3,0,0,3,1,1,59,322,2,6298,410,43,849,78,5788,4778,65687,FALSE
1,2,0,0,2,1,4,1,0,1,0,2,1,0,0,1,0,0,0,1,2,0,5,0,0,1,3,1,0,1,27,17,6,0,0,1,6,0,5,1,0.6,3,1,1,30,76,2,1343,128,43,849,78,5788,4778,65687,FALSE
0,0,0,0,0,2,18,1,0,0,0,2,1,2,4,1,2,0,1,0,7,4,14,0,0,2,7,14,539,6,271,114,108,0,2,2,16,0,26,0.934065934,0.333333333,13,1.857142857,1.857142857,10,35,0,646,47,43,849,78,5788,4778,65687,FALSE
1,1,0,0,1,3,18,4,0,2,0,6,1,2,8,4,4,0,0.5,0,2,4,12,0,2,12,10,12,536,6,239,227,358,0.416666667,0,13,37,0,20,0.931818182,1,18,1.666666667,1.8,23,60,1,1234,72,43,849,78,5788,4778,65687,FALSE
1,0,0,0,0,5,23,2,0,3,0,3,1,1,2,1,1,0,1,1,0,1,2,0,3,7,2,1,0,1,51,51,30,1,0,6,12,0,8,0,1,8,4,4,18,102,0,1212,120,43,849,78,5788,4778,65687,FALSE
0,0,0,0,0,4,14,4,0,2,0,6,1,3,8,4,4,0,0.75,0,3,0,14,1,1,3,11,2,27,3,95,77,140,0,0,7,41,0,23,0.846153846,0.8,18,1.642857143,1.636363636,18,102,0,1212,120,43,849,78,5788,4778,65687,FALSE
1,0,3,2,0,4,41,4,1,8,2,22,0.5,6,10,3,12,2,0.5,0,2,1,16,0,7,10,14,6,8,3,197,179,640,0.305555556,0,10,41,0,31,0.855555556,1,28,1.9375,2,4,27,0,516,29,43,849,78,5788,4778,65687,TRUE
1,1,2,2,1,4,47,7,0,8,0,25,0.666666667,4,8,4,7,0,0.571428571,0,9,0,23,-1,53,26,14,31,-1,2,530,314,897,0.169590643,15,27,108,2,138,0.942815249,-1,68,6,4.857142857,34,523,11,6037,728,43,849,78,5788,4778,65687,FALSE
0,1,0,0,1,4,25,5,0,6,0,7,1,1,2,1,1,0,1,1,14,7,99,-1,18,29,85,10,-1,1,1186,1081,13341,0.013955617,0,29,216,2,191,0.976530612,-1,173,1.929292929,2.035294118,34,523,11,6037,728,43,849,78,5788,4778,65687,FALSE
0,9,1,1,11,5,32,8,0,4,0,8,1,2,8,3,4,0,0.5,2,5,0,19,1,1,2,14,12,0,1,208,114,184,0.1,2,2,25,0,37,0.976851852,0.705882353,22,1.947368421,1.571428571,34,523,11,6037,728,43,849,78,5788,4778,65687,FALSE
1,0,2,1,0,4,43,5,0,10,0,13,0.333333333,2,4,1,2,0,1,1,9,8,48,0,17,25,39,54,534,6,1116,1063,1992,0.054054054,34,23,104,0,115,0.994877857,0.402777778,105,2.395833333,2.692307692,50,388,3,8258,437,43,849,78,5788,4778,65687,FALSE
2,0,6,3,0,4,57,12,0,8,0,14,0.166666667,5,14,1,8,0,0.625,1,9,8,48,0,17,25,39,54,534,6,1116,1063,1992,0.054054054,34,23,104,0,115,0.994877857,0.402777778,105,2.395833333,2.692307692,50,388,3,8258,437,43,849,78,5788,4778,65687,FALSE
1,0,1,1,0,4,24,5,0,7,0,8,0,1,4,0,2,0,0.5,0,0,13,71,0,4,14,71,5,0,1,1327,1327,1192,0.000426257,2,8,96,0,186,1,0.971830986,186,2.61971831,2.61971831,50,388,3,8258,437,43,849,78,5788,4778,65687,FALSE
2,0,0,0,0,4,14,4,0,4,0,8,0,0,0,0,0,0,0,0,0,1,25,0,1,3,25,8,0,1,615,615,292,0.003952569,2,2,30,0,100,1,0.92,100,4,4,50,388,3,8258,437,43,849,78,5788,4778,65687,FALSE
3,0,0,0,0,4,53,9,0,15,0,17,1,5,20,2,10,0,0.5,1,0,2,9,0,2,10,9,2,15,2,158,158,346,0.666666667,0,10,36,0,24,0.6875,1,24,2.666666667,2.666666667,74,380,4,5031,435,43,849,78,5788,4778,65687,FALSE
1,0,2,2,0,5,28,5,0,6,0,9,0.5,4,16,1,8,0,0.5,1,0,0,8,0,4,8,8,1,17,3,131,131,320,0.142857143,0,11,30,0,16,0.714285714,1,16,2,2,74,380,4,5031,435,43,849,78,5788,4778,65687,FALSE
3,1,6,2,1,4,49,10,0,11,0,19,0.142857143,5,20,1,11,0,0.454545455,1,0,0,8,0,10,12,8,2,15,2,132,132,386,0.476190476,0,14,45,0,21,0.785714286,1,21,2.625,2.625,74,380,4,5031,435,43,849,78,5788,4778,65687,TRUE
4,0,2,2,0,5,44,8,0,10,0,18,0.8,6,12,4,8,0,0.75,1,1,7,18,0,14,21,17,8,15,2,660,647,1100,0.714285714,0,15,67,0,67,0.889705882,1,66,3.722222222,3.882352941,74,380,4,5031,435,43,849,78,5788,4778,65687,FALSE
1,0,4,3,0,4,40,6,0,6,0,13,0.428571429,6,12,3,11,0,0.545454545,0,2,0,11,0,4,8,9,4,21,4,134,117,248,0.285714286,0,14,38,18,21,0.9,0.833333333,18,1.909090909,2,74,380,4,5031,435,43,849,78,5788,4778,65687,FALSE
0,1,1,1,1,4,14,4,0,3,0,6,0.5,1,2,1,1,0,1,0,2,0,12,1,1,1,10,4,5,2,86,74,80,0.527272727,1,4,22,0,20,0.818181818,0.769230769,18,1.666666667,1.8,18,108,8,1339,136,43,849,78,5788,4778,65687,FALSE
3,0,0,0,0,4,26,11,0,7,0,7,0,0,0,0,0,0,0,1,27,0,98,4,14,21,71,23,516,4,1350,995,9678,0.071103983,4,23,185,0,277,0.980277902,0.6,203,2.826530612,2.85915493,59,322,2,6298,410,43,849,78,5788,4778,65687,FALSE
0,0,4,2,0,4,77,19,1,9,2,17,0.428571429,7,14,3,12,2,0.583333333,1,27,0,98,4,14,21,71,23,516,4,1350,995,9678,0.071103983,4,23,185,0,277,0.980277902,0.6,203,2.826530612,2.85915493,59,322,2,6298,410,43,849,78,5788,4778,65687,TRUE
1,0,15,3,0,5,52,10,0,2,0,20,0,3,4,0,4,0,0.75,1,0,0,1,0,15,3,1,0,0,1,57,57,8,1,0,4,5,0,10,0,1,10,10,10,23,60,1,1234,72,43,849,78,5788,4778,65687,TRUE
0,1,3,2,1,6,47,11,0,8,0,19,0,4,17,0,9,0,0.444444444,1,29,18,123,17,50,138,94,108,77,2,1957,1669,51801,0.012612613,87,145,571,0,273,0.992106861,0.404145078,234,2.219512195,2.489361702,38,198,0,4223,240,43,849,78,5788,4778,65687,FALSE
1,0,6,5,0,6,161,20,0,18,0,27,0.166666667,8,34,1,22,0,0.363636364,1,0,0,9,0,7,8,9,1,0,1,236,236,302,0,0,11,35,0,33,0.875,1,33,3.666666667,3.666666667,4,27,0,516,29,43,849,78,5788,4778,65687,TRUE
2,0,1,1,0,6,88,28,0,10,0,41,0,3,12,0,6,0,0.5,0,30,0,42,1,1,5,12,15,0,1,381,145,1016,0.085020243,0,6,62,0,70,0.939837398,0.268292683,40,1.666666667,3.333333333,34,523,11,6037,728,43,849,78,5788,4778,65687,TRUE
0,0,5,2,0,6,183,5,0,13,0,30,0.692307692,9,20,9,13,0,0.692307692,1,9,8,48,0,17,25,39,54,534,6,1116,1063,1992,0.054054054,34,23,104,0,115,0.994877857,0.402777778,105,2.395833333,2.692307692,50,388,3,8258,437,43,849,78,5788,4778,65687,TRUE
2,2,0,0,2,6,73,12,0,10,0,10,0,0,0,0,0,0,0,0,0,13,71,0,4,14,71,5,0,1,1327,1327,1192,0.000426257,2,8,96,0,186,1,0.971830986,186,2.61971831,2.61971831,50,388,3,8258,437,43,849,78,5788,4778,65687,FALSE
1,5,0,0,6,7,49,12,0,8,0,7,0,0,0,0,0,0,0,0,0,1,25,0,1,3,25,8,0,1,615,615,292,0.003952569,2,2,30,0,100,1,0.92,100,4,4,50,388,3,8258,437,43,849,78,5788,4778,65687,TRUE
1,1,0,0,1,7,63,11,0,8,0,7,0,0,0,0,0,0,0,0,0,1,25,0,1,3,25,8,0,1,615,615,292,0.003952569,2,2,30,0,100,1,0.92,100,4,4,50,388,3,8258,437,43,849,78,5788,4778,65687,TRUE
1,0,0,0,0,6,163,29,0,12,0,25,1,0,0,4,0,0,0,0,7,0,90,1,0,1,83,18,0,1,2829,2637,54,0.042455536,4,1,91,1,252,0.971910112,0.845070423,242,2.8,2.915662651,50,388,3,8258,437,43,849,78,5788,4778,65687,TRUE
3,0,1,1,0,7,53,12,0,12,0,15,1,4,12,1,7,0,0.571428571,0,0,0,4,0,2,6,4,1,15,2,91,91,94,1,0,6,19,0,16,0.333333333,1,16,4,4,74,380,4,5031,435,43,849,78,5788,4778,65687,TRUE
4,2,1,1,2,6,107,22,0,26,0,32,0.666666667,6,12,2,10,0,0.6,1,1,7,18,0,14,21,17,8,15,2,660,647,1100,0.714285714,0,15,67,0,67,0.889705882,1,66,3.722222222,3.882352941,74,380,4,5031,435,43,849,78,5788,4778,65687,TRUE
5,0,2,2,0,6,73,11,0,20,0,24,0,7,18,0,13,0,0.538461538,1,0,0,2,0,3,7,2,0,0,1,81,81,54,0,0,9,15,0,12,0,1,12,6,6,74,380,4,5031,435,43,849,78,5788,4778,65687,FALSE
4,0,0,0,0,6,53,8,0,12,0,14,1,0,0,2,0,0,0,0,0,0,5,0,1,2,5,4,0,1,170,170,58,0.666666667,2,2,10,0,24,0.8125,0.666666667,24,4.8,4.8,18,108,8,1339,136,43,849,78,5788,4778,65687,TRUE
1,0,0,0,0,6,50,15,0,10,0,13,1,2,6,1,3,0,0.666666667,1,27,0,98,4,14,21,71,23,516,4,1350,995,9678,0.071103983,4,23,185,0,277,0.980277902,0.6,203,2.826530612,2.85915493,59,322,2,6298,410,43,849,78,5788,4778,65687,TRUE
2,0,2,2,0,6,31,6,0,10,0,14,0.666666667,2,6,2,4,0,0.5,0,1,1,17,0,11,10,16,7,3,2,323,274,650,0.022222222,0,18,53,0,43,0.946428571,0.909090909,37,2.529411765,2.3125,5,23,0,391,26,43,849,78,5788,4778,65687,FALSE
0,0,4,3,0,6,56,8,0,11,0,22,0.777777778,6,18,7,9,0,0.666666667,0,1,1,17,0,11,10,16,7,3,2,323,274,650,0.022222222,0,18,53,0,43,0.946428571,0.909090909,37,2.529411765,2.3125,5,23,0,391,26,43,849,78,5788,4778,65687,FALSE
1,0,0,0,0,1,3,1,0,1,0,0,0,0,0,0,0,0,0,1,0,2,29,0,106,25,29,4,0,1,1371,1371,4344,0,0,27,87,0,328,0.723214286,1,328,11.31034483,11.31034483,8,97,1,2639,106,4,48,1,245,233,6694,FALSE
1,0,0,0,0,2,6,3,0,1,0,1,0,0,0,0,0,0,0,1,0,2,29,0,106,25,29,4,0,1,1371,1371,4344,0,0,27,87,0,328,0.723214286,1,328,11.31034483,11.31034483,8,97,1,2639,106,4,48,1,245,233,6694,FALSE
1,0,0,0,0,2,6,3,0,1,0,1,0,0,0,0,0,0,0,1,0,2,29,0,106,25,29,4,0,1,1371,1371,4344,0,0,27,87,0,328,0.723214286,1,328,11.31034483,11.31034483,8,97,1,2639,106,4,48,1,245,233,6694,FALSE
1,0,0,0,0,1,4,1,0,2,0,1,0,0,0,0,0,0,0,1,0,2,29,0,106,25,29,4,0,1,1371,1371,4344,0,0,27,87,0,328,0.723214286,1,328,11.31034483,11.31034483,8,97,1,2639,106,4,48,1,245,233,6694,FALSE
0,1,0,0,1,1,4,1,0,0,0,1,1,1,2,1,1,0,1,0,1,0,25,0,11,14,24,6,0,1,312,304,670,0.833333333,0,15,41,0,62,0.701388889,0.923076923,61,2.48,2.541666667,8,97,1,2639,106,4,48,1,245,233,6694,FALSE
1,1,0,0,5,2,16,2,0,3,0,6,1,2,4,3,2,0,1,0,1,0,25,0,11,14,24,6,0,1,312,304,670,0.833333333,0,15,41,0,62,0.701388889,0.923076923,61,2.48,2.541666667,8,97,1,2639,106,4,48,1,245,233,6694,FALSE
0,0,0,0,0,2,7,2,0,1,0,3,1,0,0,2,0,0,0,0,1,0,25,0,11,14,24,6,0,1,312,304,670,0.833333333,0,15,41,0,62,0.701388889,0.923076923,61,2.48,2.541666667,8,97,1,2639,106,4,48,1,245,233,6694,FALSE
0,0,0,0,0,2,9,4,0,1,0,2,1,0,0,1,0,0,0,1,8,0,32,0,2,1,24,11,0,1,590,550,72,0.191666667,0,3,34,0,174,0.7771261,0.578947368,166,5.4375,6.916666667,8,97,1,2639,106,4,48,1,245,233,6694,FALSE
4,0,0,0,0,1,3,1,0,4,0,4,0,1,2,0,1,0,1,1,8,0,32,0,2,1,24,11,0,1,590,550,72,0.191666667,0,3,34,0,174,0.7771261,0.578947368,166,5.4375,6.916666667,8,97,1,2639,106,4,48,1,245,233,6694,FALSE
3,2,0,0,1,2,11,3,0,5,0,5,0,0,0,0,0,0,0,0,0,0,24,0,22,0,24,2,0,1,669,669,0,0,2,1,24,0,251,1,0.923076923,251,10.45833333,10.45833333,5,33,0,943,34,4,48,1,245,233,6694,FALSE
9,1,1,1,1,1,12,1,0,9,0,18,0.888888889,0,1,8,0,0,0,0,0,2,2,0,0,0,2,8,0,2,76,76,8,1,8,2,3,0,2,2,0.2,2,1,1,32,40,0,1690,42,4,48,1,245,233,6694,FALSE
3,3,0,0,3,1,5,1,0,3,0,6,1,0,0,3,0,0,0,0,0,0,2,0,0,0,2,3,0,1,22,22,0,1,3,0,2,1,2,2,0.4,2,1,1,32,40,0,1690,42,4,48,1,245,233,6694,FALSE
5,2,0,0,2,1,7,1,0,5,0,10,1,0,0,5,0,0,0,0,0,0,1,0,0,0,1,5,0,1,20,20,0,1,5,1,1,0,1,0,0.166666667,1,1,1,32,40,0,1690,42,4,48,1,245,233,6694,FALSE
1,0,1,1,0,1,3,1,0,1,0,1,0,0,0,0,0,0,0,0,0,0,31,0,173,4,31,2,0,1,828,828,1106,0,0,36,44,0,213,0.666666667,1,213,6.870967742,6.870967742,3,54,0,1422,54,4,48,1,245,233,6694,FALSE
1,0,7,4,0,2,12,3,0,3,0,11,0.125,0,0,1,0,0,0,0,0,0,31,0,173,4,31,2,0,1,828,828,1106,0,0,36,44,0,213,0.666666667,1,213,6.870967742,6.870967742,3,54,0,1422,54,4,48,1,245,233,6694,FALSE
1,0,2,1,0,1,9,1,0,5,0,8,0.333333333,2,4,1,2,0,1,0,0,0,31,0,173,4,31,2,0,1,828,828,1106,0,0,36,44,0,213,0.666666667,1,213,6.870967742,6.870967742,3,54,0,1422,54,4,48,1,245,233,6694,FALSE
0,0,0,0,0,3,10,3,0,1,0,4,1,0,0,3,0,0,0,0,0,0,21,0,44,31,21,17,0,1,569,569,764,1,0,35,53,0,91,0.911764706,1,91,4.333333333,4.333333333,3,54,0,1422,54,4,48,1,245,233,6694,FALSE
1,0,0,0,0,1,3,1,0,1,0,1,0,1,2,0,1,0,1,0,0,0,21,0,44,31,21,17,0,1,569,569,764,1,0,35,53,0,91,0.911764706,1,91,4.333333333,4.333333333,3,54,0,1422,54,4,48,1,245,233,6694,FALSE
1,0,0,0,0,1,4,1,0,1,0,1,0,1,2,0,1,0,1,0,0,0,21,0,44,31,21,17,0,1,569,569,764,1,0,35,53,0,91,0.911764706,1,91,4.333333333,4.333333333,3,54,0,1422,54,4,48,1,245,233,6694,FALSE
0,0,5,1,0,5,40,10,0,2,0,16,0.583333333,4,14,7,8,0,0.5,1,0,2,29,0,106,25,29,4,0,1,1371,1371,4344,0,0,27,87,0,328,0.723214286,1,328,11.31034483,11.31034483,8,97,1,2639,106,4,48,1,245,233,6694,FALSE
1,0,43,12,0,5,96,20,0,12,0,56,0.022727273,0,0,1,0,0,0,0,0,0,10,0,96,1,10,3,0,1,243,243,16,1,0,28,12,0,47,0.481481481,1,47,4.7,4.7,8,97,1,2639,106,4,48,1,245,233,6694,TRUE
1,0,14,1,0,5,104,33,0,11,0,26,0.066666667,1,2,1,1,0,1,0,0,0,5,0,14,1,5,1,0,1,174,174,10,0.1,0,1,6,0,45,0.75,1,45,9,9,5,33,0,943,34,4,48,1,245,233,6694,TRUE
1,0,56,2,0,6,523,139,0,25,0,105,0.3,7,38,24,19,0,0.368421053,1,0,2,29,0,106,25,29,4,0,1,1371,1371,4344,0,0,27,87,0,328,0.723214286,1,328,11.31034483,11.31034483,8,97,1,2639,106,4,48,1,245,233,6694,TRUE
2,0,83,8,0,6,257,75,0,16,0,101,0.023529412,3,10,2,5,0,0.6,0,0,0,31,0,173,4,31,2,0,1,828,828,1106,0,0,36,44,0,213,0.666666667,1,213,6.870967742,6.870967742,3,54,0,1422,54,4,48,1,245,233,6694,TRUE
1,0,47,11,0,10,103,43,0,17,0,65,0.020833333,1,2,1,1,0,1,0,0,0,31,0,173,4,31,2,0,1,828,828,1106,0,0,36,44,0,213,0.666666667,1,213,6.870967742,6.870967742,3,54,0,1422,54,4,48,1,245,233,6694,TRUE
1,0,6,3,0,6,125,21,0,20,0,26,0,2,4,0,2,0,1,0,0,0,21,0,44,31,21,17,0,1,569,569,764,1,0,35,53,0,91,0.911764706,1,91,4.333333333,4.333333333,3,54,0,1422,54,4,48,1,245,233,6694,TRUE
0,1,0,0,1,1,4,1,0,0,0,2,0,1,2,0,1,0,1,4,83,0,161,2,10,16,78,47,26,2,1585,792,19816,0.134819533,0,36,296,0,174,0.986569149,0.490196078,89,1.080745342,1.141025641,184,2134,16,45362,3035,66,1571,291,17113,11938,260912,FALSE
0,0,0,0,0,1,4,1,0,0,0,1,1,0,1,1,0,0,0,1,3,0,17,1,0,1,14,2,0,1,146,120,263,0.466666667,0,6,29,1,17,0.65625,0.8125,14,1,1,184,2134,16,45362,3035,66,1571,291,17113,11938,260912,FALSE
0,0,0,0,0,1,4,1,0,0,0,1,0,1,2,0,1,0,1,1,82,0,171,-1,11,24,89,16,-1,2,1536,749,26311,0.00178215,0,46,285,2,198,0.993014706,-1,106,1.157894737,1.191011236,184,2134,16,45362,3035,66,1571,291,17113,11938,260912,FALSE
3,0,1,1,0,2,16,2,0,4,0,4,0,3,10,0,5,0,0.6,0,0,0,5,1,2,3,5,1,2,2,55,55,58,0,0,6,13,0,6,1,1,6,1.2,1.2,184,2134,16,45362,3035,66,1571,291,17113,11938,260912,FALSE
0,2,0,0,3,1,4,1,0,0,0,1,1,0,0,1,0,0,0,3,38,0,71,0,12,10,33,46,0,1,766,427,7564,0.072727273,1,27,145,2,92,0.992857143,0.442857143,53,1.295774648,1.606060606,74,1060,1,22173,1956,66,1571,291,17113,11938,260912,FALSE
0,0,0,0,0,1,4,1,0,0,0,1,1,0,0,1,0,0,0,3,95,1,184,1,4,18,89,82,0,1,1790,920,40917,0.101365611,23,25,299,2,216,0.993869119,0.426470588,119,1.173913043,1.337078652,74,1060,1,22173,1956,66,1571,291,17113,11938,260912,FALSE
1,0,0,0,0,1,4,1,0,1,0,3,1,1,0,1,1,0,1,1,122,0,201,1,14,18,79,64,31,2,1849,791,30542,0.087762043,0,33,336,0,223,0.99046875,0.39,93,1.109452736,1.17721519,74,1060,1,22173,1956,66,1571,291,17113,11938,260912,FALSE
0,0,0,0,0,1,4,1,0,0,0,1,1,2,4,1,2,0,1,2,25,0,62,0,1,5,37,17,0,1,619,394,5347,1,0,11,100,0,63,0.945033751,0.590163934,38,1.016129032,1.027027027,74,1060,1,22173,1956,66,1571,291,17113,11938,260912,FALSE
3,1,0,0,1,1,5,1,0,3,0,5,1,1,2,2,1,0,1,0,0,0,3,0,0,2,3,6,0,1,29,29,12,0,0,3,5,0,3,1.333333333,0,3,1,1,96,756,11,17329,801,66,1571,291,17113,11938,260912,FALSE
0,0,0,0,0,1,3,1,0,0,0,0,0,0,0,0,0,0,0,0,0,0,2,0,0,4,2,0,0,1,30,30,24,1,0,5,6,0,4,0,1,4,2,2,96,756,11,17329,801,66,1571,291,17113,11938,260912,FALSE
1,1,0,0,1,1,6,1,0,2,0,5,1,0,0,3,0,0,0,1,93,0,148,2,27,41,55,67,61,3,1702,709,16808,0.162305149,12,64,312,0,195,0.989135953,0.339622642,80,1.317567568,1.454545455,70,686,5,18923,1266,66,1571,291,17113,11938,260912,FALSE
0,1,0,0,1,3,38,5,0,4,0,9,1,1,3,6,1,0,1,0,2,3,13,1,4,9,11,8,18,3,560,486,199,0.018181818,0,23,72,0,38,1.052083333,1,26,2.923076923,2.363636364,70,686,5,18923,1266,66,1571,291,17113,11938,260912,FALSE
0,5,0,0,6,0,1,1,0,0,0,0,0,0,0,0,0,0,0,1,0,0,9,-1,0,0,9,0,-1,-1,62,62,0,0,0,6,9,0,9,0,0,9,1,1,48,1247,93,18514,1653,66,1571,291,17113,11938,260912,FALSE
0,0,0,0,0,1,4,1,0,0,0,1,1,0,1,1,0,0,0,1,13,0,33,0,2,3,20,10,25,2,295,178,1443,0,0,14,99,0,35,1,0.606060606,22,1.060606061,1.1,35,430,0,6490,660,66,1571,291,17113,11938,260912,FALSE
2,0,0,0,0,3,38,5,0,11,0,11,0,0,0,0,0,0,0,0,0,0,11,1,30,9,11,11,46,2,610,610,418,0.177777778,0,42,129,0,87,0.9,1,87,7.909090909,7.909090909,81,516,24,21006,599,66,1571,291,17113,11938,260912,FALSE
0,0,0,0,0,1,4,1,0,0,0,1,1,0,0,1,0,0,0,0,1,0,3,0,0,2,2,1,19,2,36,30,23,0,0,8,28,0,3,1,0.666666667,2,1,1,81,516,24,21006,599,66,1571,291,17113,11938,260912,FALSE
0,0,0,0,0,2,7,2,0,0,0,1,1,1,2,1,1,0,1,1,8,0,17,0,0,3,9,8,0,1,335,234,154,0.242424242,0,3,23,0,54,0.8828125,0.466666667,42,3.176470588,4.666666667,28,117,0,3056,160,66,1571,291,17113,11938,260912,FALSE
0,0,0,0,0,1,4,1,0,0,0,1,1,0,0,1,0,0,0,1,40,1,97,2,42,32,57,40,61,3,1622,1230,8741,0.104240766,13,55,247,0,229,0.969791667,0.376623377,182,2.360824742,3.192982456,12,88,0,2918,201,66,1571,291,17113,11938,260912,FALSE
1,2,1,1,2,2,20,3,0,3,0,5,0.5,3,6,1,4,0,0.75,0,0,28,4,0,1,30,4,1,0,1,340,340,288,1,0,3,35,0,7,0.333333333,1,7,1.75,1.75,37,41,2,1045,75,66,1571,291,17113,11938,260912,FALSE
0,0,3,3,0,5,81,8,0,1,0,14,0.769230769,5,27,10,12,0,0.416666667,0,3,0,43,0,35,15,40,1,85,2,2199,2131,11908,0,0,62,292,0,297,0.738095238,0,286,6.906976744,7.15,184,2134,16,45362,3035,66,1571,291,17113,11938,260912,TRUE
0,0,4,4,0,5,320,35,0,1,0,17,0.733333333,5,26,11,12,0,0.416666667,0,3,0,43,0,35,15,40,1,85,2,2199,2131,11908,0,0,62,292,0,297,0.738095238,0,286,6.906976744,7.15,184,2134,16,45362,3035,66,1571,291,17113,11938,260912,TRUE
0,3,1,1,3,5,38,9,0,4,0,8,0.75,1,4,3,2,0,0.5,1,21,1,65,1,50,31,44,30,0,1,1179,875,7531,0.069381599,0,47,159,0,154,0.966145833,0.666666667,104,2.369230769,2.363636364,184,2134,16,45362,3035,66,1571,291,17113,11938,260912,FALSE
0,0,8,4,0,5,31,8,0,3,0,12,0,3,0,0,3,0,1,0,5,0,44,0,46,17,39,24,0,1,1239,1152,2852,0.193675889,0,24,97,0,229,0.887596899,0,213,5.204545455,5.461538462,184,2134,16,45362,3035,66,1571,291,17113,11938,260912,FALSE
2,0,0,0,0,5,78,15,0,8,0,12,1,2,6,4,3,0,0.666666667,1,1,1,40,0,45,36,39,9,0,1,2043,2003,20666,0.036036036,7,44,225,0,242,0.98005698,0.222222222,235,6.05,6.025641026,184,2134,16,45362,3035,66,1571,291,17113,11938,260912,TRUE
2,0,2,1,0,5,31,8,0,10,0,13,0.333333333,2,4,1,4,0,0.5,2,27,5,99,-1,71,41,72,84,-1,1,2099,1748,13122,0.10280112,0,62,274,2,249,0.989431487,-1,202,2.515151515,2.805555556,184,2134,16,45362,3035,66,1571,291,17113,11938,260912,FALSE
1,1,0,0,1,5,33,7,0,7,0,7,0,0,0,0,0,0,0,0,0,0,8,0,0,0,8,1,0,1,369,369,0,0,0,0,8,0,63,1,1,63,7.875,7.875,96,756,11,17329,801,66,1571,291,17113,11938,260912,FALSE
2,0,0,0,0,5,22,6,0,6,0,7,0,3,8,0,5,0,0.6,0,0,0,143,0,61,112,143,8,0,1,3849,3849,129220,0.003740065,0,143,685,0,478,0.985915493,1,478,3.342657343,3.342657343,96,756,11,17329,801,66,1571,291,17113,11938,260912,FALSE
0,0,1,1,0,5,32,9,0,4,0,6,0.5,4,8,1,5,0,0.8,0,1,0,92,0,66,75,91,14,0,1,3277,3271,23616,0.029761905,3,103,313,0,641,0.981946625,0.833333333,640,6.967391304,7.032967033,70,686,5,18923,1266,66,1571,291,17113,11938,260912,FALSE
1,0,0,0,0,5,25,8,0,6,0,6,1,0,0,1,0,0,0,2,0,0,21,0,0,0,21,2,50,2,434,434,0,0.00952381,2,1,21,0,123,0.975,0.894736842,123,5.857142857,5.857142857,14,84,3,1568,101,66,1571,291,17113,11938,260912,FALSE
4,0,1,1,0,5,119,23,0,12,0,15,0.666666667,4,7,2,4,0,1,0,0,0,6,0,2,10,6,2,3,2,228,228,171,0,0,14,25,0,36,1,1,36,6,6,46,268,6,8188,296,66,1571,291,17113,11938,260912,TRUE
1,0,3,2,0,5,80,7,0,9,0,21,0.727272727,15,42,8,21,0,0.714285714,0,7,1,32,1,35,49,25,27,79,3,1267,1212,5099,0.129032258,2,98,318,0,94,0.95818399,0.714285714,87,2.9375,3.48,46,268,6,8188,296,66,1571,291,17113,11938,260912,FALSE
1,0,2,1,0,5,67,21,0,9,0,11,0,1,2,0,2,0,0.5,0,8,4,47,1,50,39,39,20,79,3,1913,1812,4405,0.154654655,1,82,279,0,240,0.959782609,0.75,227,5.106382979,5.820512821,81,516,24,21006,599,66,1571,291,17113,11938,260912,TRUE
1,0,3,1,0,5,22,6,0,5,0,10,0.25,3,12,1,7,0,0.428571429,0,2,1,31,1,158,44,29,22,46,2,1068,1050,8825,0.391625616,1,79,301,1,117,0.951515152,0.75,115,3.774193548,3.965517241,81,516,24,21006,599,66,1571,291,17113,11938,260912,FALSE
1,0,0,0,0,5,30,13,0,3,0,4,1,1,2,1,1,0,1,0,1,1,35,0,50,35,34,16,47,2,1533,1524,4783,0.358333333,1,72,214,0,186,0.948529412,0.666666667,185,5.314285714,5.441176471,81,516,24,21006,599,66,1571,291,17113,11938,260912,TRUE
4,0,1,1,0,5,24,5,0,7,0,10,0.666666667,2,4,2,3,0,0.666666667,0,8,1,27,0,21,18,19,16,0,1,925,683,3010,0.274509804,0,18,93,0,139,0.913461538,0.6,91,5.148148148,4.789473684,81,516,24,21006,599,66,1571,291,17113,11938,260912,FALSE
5,0,8,3,0,5,68,13,0,13,0,27,0.333333333,8,18,4,14,0,0.571428571,0,8,1,27,0,21,18,19,16,0,1,925,683,3010,0.274509804,0,18,93,0,139,0.913461538,0.6,91,5.148148148,4.789473684,81,516,24,21006,599,66,1571,291,17113,11938,260912,FALSE
1,0,1,1,0,5,43,6,0,9,0,11,0.5,5,10,1,6,0,0.833333333,1,0,0,3,0,1,5,3,1,0,1,66,66,38,1,0,7,10,0,10,0.5,1,10,3.333333333,3.333333333,24,157,1,2316,198,66,1571,291,17113,11938,260912,FALSE
2,0,4,3,0,5,51,11,0,7,0,16,0.428571429,3,4,3,7,0,0.428571429,1,40,1,97,2,42,32,57,40,61,3,1622,1230,8741,0.104240766,13,55,247,0,229,0.969791667,0.376623377,182,2.360824742,3.192982456,12,88,0,2918,201,66,1571,291,17113,11938,260912,TRUE
5,0,4,3,0,7,42,14,0,13,0,17,0,3,2,0,5,0,0.6,0,5,0,44,0,46,17,39,24,0,1,1239,1152,2852,0.193675889,0,24,97,0,229,0.887596899,0,213,5.204545455,5.461538462,184,2134,16,45362,3035,66,1571,291,17113,11938,260912,FALSE
1,0,11,3,0,9,116,21,0,6,0,21,0.266666667,2,9,4,4,0,0.5,0,3,0,43,0,33,15,40,5,85,2,2272,2205,11359,0,0,62,289,0,297,0.933333333,0,286,6.906976744,7.15,184,2134,16,45362,3035,66,1571,291,17113,11938,260912,TRUE
1,0,0,0,0,6,97,11,0,14,0,37,0.666666667,1,2,4,1,0,1,1,4,1,13,0,16,10,9,18,0,1,637,577,566,0.363636364,0,15,36,1,56,0.902777778,1,46,4.307692308,5.111111111,184,2134,16,45362,3035,66,1571,291,17113,11938,260912,TRUE
0,1,0,0,1,6,59,12,0,5,0,10,0.6,3,6,3,5,0,0.6,2,1,0,13,1,0,6,12,6,0,1,279,215,263,0.044444444,0,10,26,1,43,0.944444444,1,31,3.307692308,2.583333333,184,2134,16,45362,3035,66,1571,291,17113,11938,260912,TRUE
2,1,3,3,1,6,87,14,0,12,0,15,0,3,24,0,13,0,0.230769231,0,0,0,143,0,61,112,143,8,0,1,3849,3849,129220,0.003740065,0,143,685,0,478,0.985915493,1,478,3.342657343,3.342657343,96,756,11,17329,801,66,1571,291,17113,11938,260912,FALSE
2,0,4,2,0,6,282,46,0,16,0,44,0.851851852,3,12,23,7,0,0.428571429,1,0,0,19,0,8,8,19,36,0,1,815,815,322,0.054945055,0,9,36,0,115,0.969135802,1,115,6.052631579,6.052631579,96,756,11,17329,801,66,1571,291,17113,11938,260912,TRUE
1,0,0,0,0,6,199,1,0,2,0,1,0,1,2,0,1,0,1,0,2,3,13,1,4,9,11,8,18,3,560,486,199,0.018181818,0,23,72,0,38,1.052083333,1,26,2.923076923,2.363636364,70,686,5,18923,1266,66,1571,291,17113,11938,260912,FALSE
3,0,1,1,0,6,85,23,0,12,0,17,0.75,5,18,3,10,0,0.5,0,8,4,47,1,50,39,39,20,79,3,1913,1812,4405,0.154654655,1,82,279,0,240,0.959782609,0.75,227,5.106382979,5.820512821,81,516,24,21006,599,66,1571,291,17113,11938,260912,TRUE
0,0,0,0,0,7,77,12,0,9,0,15,1,1,2,6,1,0,1,0,2,1,31,1,158,44,29,22,46,2,1068,1050,8825,0.391625616,1,79,301,1,117,0.951515152,0.75,115,3.774193548,3.965517241,81,516,24,21006,599,66,1571,291,17113,11938,260912,FALSE
1,0,11,5,0,6,360,45,0,28,0,47,0.352941176,16,60,6,31,0,0.516129032,0,3,1,42,1,73,46,39,39,46,2,2014,1979,7535,0.186344239,2,83,235,0,256,0.972482802,0.75,252,6.095238095,6.461538462,81,516,24,21006,599,66,1571,291,17113,11938,260912,TRUE
0,3,30,2,5,6,167,10,0,5,0,57,0.392156863,3,16,20,4,0,0.75,0,5,5,35,0,96,49,30,33,47,2,2656,2459,9148,0.258064516,3,84,275,0,262,0.961675579,0.4,231,7.485714286,7.7,81,516,24,21006,599,66,1571,291,17113,11938,260912,TRUE
0,0,1,1,0,6,87,13,0,2,0,19,0.933333333,2,2,14,2,0,1,0,3,4,43,1,94,53,40,48,46,2,2197,2177,7741,0.230769231,4,88,260,0,281,0.96577381,0.642857143,278,6.534883721,6.95,81,516,24,21006,599,66,1571,291,17113,11938,260912,TRUE
1,0,8,3,0,6,59,12,0,7,0,16,0.111111111,5,10,1,8,0,0.625,0,3,4,43,1,94,53,40,48,46,2,2197,2177,7741,0.230769231,4,88,260,0,281,0.96577381,0.642857143,278,6.534883721,6.95,81,516,24,21006,599,66,1571,291,17113,11938,260912,TRUE
0,3,5,1,3,6,79,9,0,4,0,14,0.5,1,10,5,2,0,0.5,0,5,1,34,-1,61,15,29,25,-1,2,857,826,2298,0.017045455,0,38,78,3,119,0.985454545,-1,110,3.5,3.793103448,81,516,24,21006,599,66,1571,291,17113,11938,260912,TRUE
0,1,14,3,1,7,140,16,0,6,0,30,0.416666667,3,11,10,4,0,0.75,0,0,0,6,1,24,11,6,6,46,2,364,364,177,0.333333333,0,45,128,0,45,0.733333333,1,45,7.5,7.5,81,516,24,21006,599,66,1571,291,17113,11938,260912,TRUE
0,0,9,2,0,7,92,10,0,6,0,26,0.55,3,12,11,5,0,0.6,0,2,0,25,0,62,26,23,50,47,2,1183,1163,2598,0.186147186,2,58,196,0,139,0.975833333,0.6,137,5.56,5.956521739,10,75,0,2515,81,66,1571,291,17113,11938,260912,TRUE
0,0,0,0,0,6,33,9,0,3,0,6,1,1,2,3,1,0,1,1,40,1,97,2,42,32,57,40,61,3,1622,1230,8741,0.104240766,13,55,247,0,229,0.969791667,0.376623377,182,2.360824742,3.192982456,12,88,0,2918,201,66,1571,291,17113,11938,260912,FALSE
2,0,5,2,0,7,162,18,0,15,0,26,0.444444444,3,13,4,7,0,0.428571429,0,0,0,2,0,6,3,2,4,25,4,187,187,45,0,3,8,11,1,19,1.25,0.4,19,9.5,9.5,10,12,0,848,12,66,1571,291,17113,11938,260912,TRUE
3,0,1,1,0,6,85,20,0,17,0,22,0.8,8,26,4,13,0,0.615384615,1,7,24,74,0,22,45,67,66,522,5,2120,1979,4383,0.208080808,2,28,140,1,221,0.969074305,0.791666667,202,2.986486486,3.014925373,32,115,1,2904,124,66,1571,291,17113,11938,260912,TRUE
1,1,0,0,1,1,4,1,0,1,0,2,1,0,0,1,0,0,0,0,2,0,5,0,0,2,3,2,4,2,71,52,20,0.5,0,4,15,0,8,0.75,0.6,6,1.6,2,11,35,0,809,37,11,58,2,541,326,7842,FALSE
0,0,0,0,0,1,5,1,0,0,0,0,0,1,2,0,1,0,1,0,0,0,11,0,0,10,11,0,14,2,85,85,150,0,0,13,37,0,11,0,1,11,1,1,11,35,0,809,37,11,58,2,541,326,7842,FALSE
1,0,1,1,0,1,3,1,0,1,0,2,0,0,0,0,0,0,0,0,1,0,27,0,8,8,26,2,0,1,306,297,856,0,0,8,44,0,36,1.038461538,0.962962963,35,1.333333333,1.346153846,7,57,1,889,86,11,58,2,541,326,7842,FALSE
1,1,0,0,1,1,3,1,0,1,0,2,1,0,0,1,0,0,0,0,6,0,12,1,0,0,6,3,0,1,112,58,0,0.194444444,0,1,12,0,12,0.848484848,0.5,6,1,1,7,57,1,889,86,11,58,2,541,326,7842,FALSE
4,0,0,0,0,1,6,1,0,5,0,5,0,2,4,0,2,0,1,0,2,0,17,0,14,7,15,2,0,1,203,193,306,0,0,7,31,0,36,1.0625,0.818181818,34,2.117647059,2.266666667,10,60,1,1447,77,11,58,2,541,326,7842,FALSE
5,1,4,1,1,2,20,3,0,7,0,15,0,3,4,0,6,0,0.5,0,2,0,17,0,14,7,15,2,0,1,203,193,306,0,0,7,31,0,36,1.0625,0.818181818,34,2.117647059,2.266666667,10,60,1,1447,77,11,58,2,541,326,7842,FALSE
0,2,0,0,3,1,4,1,0,0,0,1,1,0,0,1,0,0,0,0,4,0,8,0,0,0,4,8,0,1,151,113,0,0.6,0,0,8,0,16,0.928571429,0.428571429,12,2,3,10,60,1,1447,77,11,58,2,541,326,7842,FALSE
0,0,0,0,0,1,3,1,0,0,0,0,0,0,0,0,0,0,0,0,2,0,7,1,0,0,5,1,31,3,59,41,18,0.3,0,8,43,0,8,0.666666667,0.714285714,6,1.142857143,1.2,4,18,0,306,34,11,58,2,541,326,7842,FALSE
3,0,0,0,0,1,6,1,0,3,0,6,1,0,0,3,0,0,0,0,4,0,13,0,0,0,9,4,10,-1,372,336,0,0,0,1,13,0,13,1,0.2,9,1,1,4,34,0,1229,42,11,58,2,541,326,7842,FALSE
1,0,0,0,0,3,25,4,0,6,0,6,0,0,0,0,0,0,0,0,1,0,23,0,0,0,22,4,0,1,307,295,0,0.128571429,0,0,23,0,33,0.875,0.954545455,32,1.434782609,1.454545455,4,34,0,1229,42,11,58,2,541,326,7842,FALSE
0,0,0,0,0,1,4,1,0,0,0,2,1,0,0,2,0,0,0,0,1,0,23,0,0,0,22,4,0,1,307,295,0,0.128571429,0,0,23,0,33,0.875,0.954545455,32,1.434782609,1.454545455,4,34,0,1229,42,11,58,2,541,326,7842,FALSE
0,0,0,0,0,1,5,1,0,0,0,1,1,0,0,1,0,0,0,0,1,0,23,0,0,0,22,4,0,1,307,295,0,0.128571429,0,0,23,0,33,0.875,0.954545455,32,1.434782609,1.454545455,4,34,0,1229,42,11,58,2,541,326,7842,FALSE
2,1,0,0,1,1,5,1,0,2,0,2,0,0,0,0,0,0,0,0,8,0,14,0,1,2,6,4,0,1,151,75,24,0.072727273,0,2,16,0,17,0.923076923,0.428571429,9,1.214285714,1.5,6,33,0,790,64,11,58,2,541,326,7842,FALSE
3,0,0,0,0,1,7,1,0,3,0,6,1,0,0,3,0,0,0,0,8,0,14,0,1,2,6,4,0,1,151,75,24,0.072727273,0,2,16,0,17,0.923076923,0.428571429,9,1.214285714,1.5,6,33,0,790,64,11,58,2,541,326,7842,FALSE
1,0,0,0,0,1,8,3,0,1,0,2,1,0,0,1,0,0,0,0,16,0,24,1,0,2,8,10,0,1,309,157,88,0.119047619,0,2,26,0,46,0.926086957,0.333333333,30,1.916666667,3.75,6,33,0,790,64,11,58,2,541,326,7842,FALSE
1,0,1,1,0,2,15,2,0,4,0,6,0.5,1,2,1,2,0,0.5,0,1,0,6,0,1,1,5,1,0,1,68,54,10,1,0,1,8,0,8,0.4,0.833333333,6,1.333333333,1.2,6,33,0,790,64,11,58,2,541,326,7842,FALSE
0,0,1,1,0,1,4,1,0,0,0,1,0,0,0,0,0,0,0,0,2,0,7,0,4,3,5,3,11,2,100,80,78,0,0,8,30,0,10,1.166666667,0.714285714,8,1.428571429,1.6,6,33,0,790,64,11,58,2,541,326,7842,FALSE
1,2,0,0,2,1,4,1,0,1,0,1,0,0,0,0,0,0,0,0,0,0,4,0,0,0,4,0,15,4,23,23,0,1,0,0,4,0,4,0,1,4,1,1,3,22,0,316,22,11,58,2,541,326,7842,FALSE
1,0,0,0,0,1,5,1,0,1,0,1,0,0,0,0,0,0,0,0,0,0,2,0,0,0,2,0,11,2,15,15,0,0,0,4,21,0,2,0,1,2,1,1,2,5,0,44,5,11,58,2,541,326,7842,FALSE
5,1,1,1,1,5,68,11,0,13,0,14,0,3,16,0,8,0,0.375,0,2,0,17,0,14,7,15,2,0,1,203,193,306,0,0,7,31,0,36,1.0625,0.818181818,34,2.117647059,2.266666667,10,60,1,1447,77,11,58,2,541,326,7842,TRUE
7,0,9,2,0,5,176,23,0,18,0,32,0.1,3,6,1,7,0,0.428571429,0,0,0,18,0,13,5,18,1,0,1,538,538,104,0,0,6,31,0,45,1,1,45,2.5,2.5,10,60,1,1447,77,11,58,2,541,326,7842,TRUE
1,0,0,0,0,5,44,8,0,7,0,9,1,0,0,2,0,0,0,0,1,0,23,0,0,0,22,4,0,1,307,295,0,0.128571429,0,0,23,0,33,0.875,0.954545455,32,1.434782609,1.454545455,4,34,0,1229,42,11,58,2,541,326,7842,TRUE
1,0,0,0,0,1,3,1,0,1,0,2,1,0,0,1,0,0,0,3,12,0,31,3,1,4,19,18,6,2,583,409,144,0.177248677,5,10,49,1,58,0.925925926,0.5,39,1.870967742,2.052631579,15,179,3,4573,226,69,960,103,11810,10192,247421,FALSE
0,0,0,0,0,1,3,1,0,0,0,1,1,1,2,1,1,0,1,3,0,0,29,1,0,3,29,13,8,2,656,656,1236,0.612535613,0,7,66,0,86,0.865384615,1,86,2.965517241,2.965517241,14,261,4,5108,268,69,960,103,11810,10192,247421,FALSE
1,1,0,0,1,1,3,1,0,1,0,2,1,0,0,1,0,0,0,8,30,0,114,1,4,16,84,78,521,5,2870,2372,8500,0.100133257,21,20,157,1,302,0.980258679,0.603305785,242,2.649122807,2.880952381,22,415,4,12125,523,69,960,103,11810,10192,247421,FALSE
3,0,0,0,0,1,7,1,0,3,0,4,1,2,4,1,2,0,1,5,16,0,70,1,7,19,54,22,0,1,1495,1164,2510,0.084325397,6,25,110,0,164,0.957180501,0.685714286,123,2.342857143,2.277777778,22,415,4,12125,523,69,960,103,11810,10192,247421,FALSE
0,0,0,0,0,0,1,1,0,0,0,0,0,0,0,0,0,0,0,1,64,0,132,-1,0,0,68,0,-1,-1,1726,868,0,0,0,15,132,0,132,0,0,68,1,1,28,387,2,14624,551,69,960,103,11810,10192,247421,FALSE
0,5,0,0,5,1,10,1,0,0,0,7,1,1,2,7,1,0,1,4,15,0,57,-1,11,24,42,16,-1,2,1660,1404,6529,0.053896104,0,30,152,8,174,0.947544643,-1,151,3.052631579,3.595238095,28,387,2,14624,551,69,960,103,11810,10192,247421,FALSE
1,0,0,0,0,0,1,1,0,1,0,0,0,0,0,0,0,0,0,1,63,0,134,-1,0,0,71,0,-1,-1,1644,859,0,0,0,16,134,0,134,0,0,71,1,1,42,502,2,18042,690,69,960,103,11810,10192,247421,FALSE
1,0,0,0,0,1,3,1,0,1,0,3,0,0,0,0,0,0,0,4,20,1,52,5,9,10,32,15,236,3,1283,976,1688,0.072695035,0,32,379,6,123,0.941176471,0.545454545,101,2.365384615,3.15625,42,502,2,18042,690,69,960,103,11810,10192,247421,FALSE
2,19,0,0,24,1,3,1,0,2,0,1,0,0,0,0,0,0,0,2,102,0,191,-1,25,5,89,70,-1,1,3951,2220,3812,0.019057913,8,7,208,4,396,0.984511278,-1,243,2.073298429,2.730337079,13,174,2,5920,290,69,960,103,11810,10192,247421,FALSE
2,0,0,0,0,2,6,2,0,2,0,3,1,0,0,1,0,0,0,2,102,0,191,-1,25,5,89,70,-1,1,3951,2220,3812,0.019057913,8,7,208,4,396,0.984511278,-1,243,2.073298429,2.730337079,13,174,2,5920,290,69,960,103,11810,10192,247421,FALSE
0,0,0,0,0,1,3,1,0,0,0,1,1,0,0,1,0,0,0,1,0,0,19,2,0,1,19,6,17,2,337,337,4,0.516483516,2,10,37,0,29,0.907407407,0.904761905,29,1.526315789,1.526315789,26,480,1,9366,498,69,960,103,11810,10192,247421,FALSE
1,0,0,0,0,2,10,3,0,2,0,3,1,0,0,1,0,0,0,3,2,1,42,1,0,5,40,22,19,5,888,867,1353,0.165165165,3,15,78,0,88,0.946784922,0.871794872,86,2.095238095,2.15,26,480,1,9366,498,69,960,103,11810,10192,247421,FALSE
0,1,0,0,1,1,5,1,0,0,0,2,1,1,3,2,1,0,1,0,9,1,34,12,0,8,25,11,152,4,1083,943,2407,0.21957672,2,24,232,0,125,0.920110193,0.607142857,112,3.676470588,4.48,48,640,2,19667,781,69,960,103,11810,10192,247421,FALSE
0,1,0,0,1,1,3,1,0,0,0,1,1,0,0,1,0,0,0,2,7,0,38,3,4,10,31,11,128,3,1271,1136,3345,0.034920635,4,23,215,5,111,0.98034398,0.64516129,96,2.921052632,3.096774194,48,640,2,19667,781,69,960,103,11810,10192,247421,FALSE
1,1,0,0,1,2,7,2,0,2,0,3,1,0,0,1,0,0,0,1,6,0,41,2,0,8,35,12,62,2,765,647,1689,0.115873016,0,28,127,0,89,0.910416667,0.842105263,76,2.170731707,2.171428571,14,201,4,5139,273,69,960,103,11810,10192,247421,FALSE
1,1,0,0,1,1,3,1,0,1,0,2,1,0,0,1,0,0,0,2,14,0,38,4,3,1,24,15,31,2,682,496,215,0.144537815,0,6,81,0,77,0.893693694,0.6,60,2.026315789,2.5,10,148,0,3987,202,69,960,103,11810,10192,247421,FALSE
1,1,0,0,1,2,11,3,0,4,0,4,0,0,0,0,0,0,0,0,0,0,9,-1,0,4,9,0,-1,1,240,240,124,0,0,4,17,0,40,0,-1,40,4.444444444,4.444444444,16,197,8,3899,208,69,960,103,11810,10192,247421,FALSE
0,0,0,0,0,1,3,1,0,0,0,1,1,0,0,1,0,0,0,1,1,0,10,0,4,3,9,9,522,5,229,206,98,0.142857143,0,4,21,0,19,0.925925926,0.875,16,1.9,1.777777778,10,79,2,2096,84,69,960,103,11810,10192,247421,FALSE
1,1,0,0,1,0,1,1,0,1,0,0,0,0,0,0,0,0,0,0,0,0,1,-1,0,0,1,0,-1,-1,12,12,0,1,0,2,1,0,1,0,0,1,1,1,10,79,2,2096,84,69,960,103,11810,10192,247421,FALSE
1,0,0,0,0,5,30,8,0,10,0,13,1,1,8,3,4,0,0.25,4,3,0,36,3,4,5,33,5,18,5,580,542,1609,0.354166667,0,14,93,0,73,0.76,0.911764706,70,2.027777778,2.121212121,39,564,12,9554,584,69,960,103,11810,10192,247421,FALSE
1,0,0,0,0,5,27,8,0,7,0,7,0,0,0,0,0,0,0,4,0,0,8,1,0,0,8,2,0,1,143,143,0,0.476190476,0,1,8,0,20,0.785714286,1,20,2.5,2.5,26,207,11,4046,208,69,960,103,11810,10192,247421,FALSE
10,1,2,1,1,5,138,26,0,25,0,33,0.714285714,7,40,5,15,0,0.466666667,3,20,0,44,4,8,9,24,15,237,3,988,665,1128,0.090592334,0,33,375,3,100,0.934883721,0.545454545,77,2.272727273,3.208333333,28,387,2,14624,551,69,960,103,11810,10192,247421,TRUE
10,0,2,1,0,5,206,33,0,30,0,35,0.5,8,50,2,16,0,0.5,3,2,0,12,4,2,9,10,3,275,4,395,363,494,0.535714286,0,36,385,0,48,0.696969697,0.8,46,4,4.6,28,387,2,14624,551,69,960,103,11810,10192,247421,TRUE
12,0,2,1,0,5,77,14,0,20,0,24,0.666666667,5,21,4,8,0,0.625,3,7,0,24,5,2,11,17,8,236,3,508,394,718,0.185714286,0,35,351,0,60,0.869565217,0.666666667,50,2.5,2.941176471,42,502,2,18042,690,69,960,103,11810,10192,247421,TRUE
5,0,2,1,0,5,153,20,0,31,0,33,0,6,44,0,22,0,0.272727273,3,14,0,56,-1,10,22,42,14,-1,2,1678,1460,5860,0.07267645,0,28,141,18,185,0.932467532,-1,164,3.303571429,3.904761905,42,502,2,18042,690,69,960,103,11810,10192,247421,TRUE
0,1,0,0,1,5,49,7,0,10,0,13,1,2,8,3,3,0,0.666666667,0,3,0,15,0,0,5,12,7,188,2,319,236,124,0.1,2,13,228,0,44,0.87755102,0.5,34,2.933333333,2.833333333,13,174,2,5920,290,69,960,103,11810,10192,247421,FALSE
1,0,3,1,0,5,47,8,0,17,0,23,0.5,3,24,3,12,0,0.25,3,2,0,24,0,3,5,22,4,20,5,420,391,686,0.261904762,0,14,72,0,48,0.836956522,0.913043478,45,2,2.045454545,26,480,1,9366,498,69,960,103,11810,10192,247421,FALSE
3,0,1,1,0,5,98,16,0,21,0,26,0.75,4,19,3,7,0,0.571428571,2,14,1,51,7,19,16,37,12,124,3,1783,1508,4853,0.084163898,4,29,249,0,169,0.961666667,0.581395349,139,3.31372549,3.756756757,48,640,2,19667,781,69,960,103,11810,10192,247421,TRUE
1,0,0,0,0,5,31,5,0,5,0,6,1,1,8,1,4,0,0.25,3,4,3,45,2,0,3,41,21,0,1,1585,1519,958,0.067073171,7,0,61,0,87,0.971861472,0.775510204,78,1.933333333,1.902439024,48,640,2,19667,781,69,960,103,11810,10192,247421,FALSE
4,0,1,1,0,5,79,13,0,18,0,30,0.909090909,3,22,10,10,0,0.3,3,13,0,47,11,1,9,34,15,120,3,1132,928,3933,0.176923077,0,23,223,0,129,0.904347826,0.666666667,108,2.744680851,3.176470588,48,640,2,19667,781,69,960,103,11810,10192,247421,TRUE
0,0,0,0,0,5,18,5,0,6,0,8,1,0,0,1,0,0,0,1,4,0,24,13,8,5,20,4,254,3,584,517,1351,0.359307359,0,44,373,0,75,0.836956522,0.863636364,66,3.125,3.3,46,1076,5,33993,1556,69,960,103,11810,10192,247421,FALSE
1,0,0,0,0,5,24,7,0,6,0,9,1,0,0,3,0,0,0,7,68,0,213,7,19,27,145,59,56,2,4827,3636,34819,0.022381636,8,46,373,2,576,0.984330029,0.623762376,447,2.704225352,3.082758621,46,1076,5,33993,1556,69,960,103,11810,10192,247421,FALSE
1,0,0,0,0,5,49,9,0,10,0,10,0,5,12,0,6,0,0.833333333,0,0,0,52,0,1,25,52,0,0,1,1968,1968,6872,0,0,27,108,0,315,0,1,315,6.057692308,6.057692308,19,225,11,4955,245,69,960,103,11810,10192,247421,TRUE
1,0,0,0,0,5,44,8,0,9,0,9,0,3,10,0,5,0,0.6,0,0,0,52,0,1,25,52,0,0,1,1968,1968,6872,0,0,27,108,0,315,0,1,315,6.057692308,6.057692308,19,225,11,4955,245,69,960,103,11810,10192,247421,TRUE
1,0,0,0,0,5,48,9,0,10,0,10,0,5,12,0,6,0,0.833333333,0,0,0,52,0,1,25,52,0,0,1,1968,1968,6872,0,0,27,108,0,315,0,1,315,6.057692308,6.057692308,19,225,11,4955,245,69,960,103,11810,10192,247421,TRUE
2,1,0,0,1,5,35,8,0,13,0,13,0,2,8,0,4,0,0.5,0,0,0,52,0,1,25,52,0,0,1,1968,1968,6872,0,0,27,108,0,315,0,1,315,6.057692308,6.057692308,19,225,11,4955,245,69,960,103,11810,10192,247421,FALSE
1,0,0,0,0,5,30,8,0,6,0,7,1,0,0,1,0,0,0,4,0,0,8,1,0,0,8,2,0,1,166,166,0,0.714285714,0,1,8,0,20,0.714285714,1,20,2.5,2.5,9,56,4,1138,56,69,960,103,11810,10192,247421,FALSE
1,0,0,0,0,5,37,10,0,8,0,8,0,0,0,0,0,0,0,4,0,0,8,1,0,0,8,2,0,1,149,149,0,0.476190476,0,1,8,0,22,0.785714286,1,22,2.75,2.75,9,56,4,1138,56,69,960,103,11810,10192,247421,TRUE
2,0,0,0,0,6,42,8,0,12,0,14,1,1,2,2,1,0,1,2,0,0,13,0,0,1,13,2,16,4,264,264,54,0.444444444,0,8,37,0,29,0.75,1,29,2.230769231,2.230769231,39,564,12,9554,584,69,960,103,11810,10192,247421,FALSE
0,0,0,0,0,7,91,14,0,7,0,22,1,2,6,13,5,0,0.4,3,0,0,29,1,0,3,29,13,8,2,656,656,1236,0.612535613,0,7,66,0,86,0.865384615,1,86,2.965517241,2.965517241,14,261,4,5108,268,69,960,103,11810,10192,247421,TRUE
2,1,0,0,1,6,34,8,0,8,0,8,0,0,0,0,0,0,0,0,0,0,13,-1,0,0,13,0,-1,1,431,431,0,0,0,0,13,0,56,0,-1,56,4.307692308,4.307692308,14,261,4,5108,268,69,960,103,11810,10192,247421,TRUE
10,0,1,1,0,6,94,14,0,23,0,33,0.9,5,18,9,8,0,0.625,0,6,2,19,1,1,7,13,10,240,3,469,364,368,0.274725275,0,33,350,0,43,0.883333333,0.6,31,2.263157895,2.384615385,28,387,2,14624,551,69,960,103,11810,10192,247421,TRUE
12,1,3,2,1,6,198,40,0,42,0,52,0.333333333,6,37,3,15,0,0.4,4,12,1,37,4,9,9,25,18,237,3,997,800,1135,0.131182796,6,32,368,1,107,0.956790123,0.538461538,89,2.891891892,3.56,42,502,2,18042,690,69,960,103,11810,10192,247421,TRUE
1,0,0,0,0,6,49,7,0,7,0,7,0,1,2,0,1,0,1,1,0,0,25,2,0,2,25,7,17,2,562,562,116,0.55,2,10,46,0,61,0.875,0.916666667,61,2.44,2.44,26,480,1,9366,498,69,960,103,11810,10192,247421,TRUE
4,0,0,0,0,8,70,12,0,19,0,19,0,3,16,0,8,0,0.375,0,0,0,6,0,0,9,6,0,0,1,305,305,274,0,0,9,29,0,38,0,1,38,6.333333333,6.333333333,26,480,1,9366,498,69,960,103,11810,10192,247421,TRUE
5,0,0,0,0,8,68,12,0,16,0,16,0,2,12,0,6,0,0.333333333,0,0,0,6,0,0,9,6,0,0,1,305,305,274,0,0,9,29,0,38,0,1,38,6.333333333,6.333333333,26,480,1,9366,498,69,960,103,11810,10192,247421,TRUE
3,0,0,0,0,6,138,37,0,18,0,20,1,2,8,4,3,0,0.666666667,0,6,0,28,7,0,4,22,10,157,4,977,901,559,0.162393162,2,24,231,0,143,0.896296296,0.619047619,137,5.107142857,6.227272727,48,640,2,19667,781,69,960,103,11810,10192,247421,TRUE
3,0,0,0,0,10,179,29,0,18,0,21,1,2,9,5,3,0,0.666666667,0,6,0,28,7,0,4,22,10,157,4,977,901,559,0.162393162,2,24,231,0,143,0.896296296,0.619047619,137,5.107142857,6.227272727,48,640,2,19667,781,69,960,103,11810,10192,247421,TRUE
10,0,0,0,0,6,361,43,0,17,0,17,0,0,0,0,0,0,0,1,2,0,12,3,9,9,10,3,195,3,910,877,551,0.321428571,0,38,287,0,85,0.878787879,0.777777778,83,7.083333333,8.3,46,1076,5,33993,1556,69,960,103,11810,10192,247421,TRUE
5,0,1,1,0,6,122,17,0,37,0,46,0.857142857,7,35,6,12,0,0.583333333,2,6,0,21,4,2,7,15,7,194,3,480,383,573,0.258333333,0,38,295,0,48,0.85,0.625,40,2.285714286,2.666666667,46,1076,5,33993,1556,69,960,103,11810,10192,247421,TRUE
0,2,0,0,2,7,25,7,0,8,0,10,1,3,8,2,4,0,0.75,7,68,0,213,7,19,27,145,59,56,2,4827,3636,34819,0.022381636,8,46,373,2,576,0.984330029,0.623762376,447,2.704225352,3.082758621,46,1076,5,33993,1556,69,960,103,11810,10192,247421,FALSE
5,0,1,1,0,7,60,13,0,18,0,22,0.666666667,4,12,2,7,0,0.571428571,7,68,0,213,7,19,27,145,59,56,2,4827,3636,34819,0.022381636,8,46,373,2,576,0.984330029,0.623762376,447,2.704225352,3.082758621,46,1076,5,33993,1556,69,960,103,11810,10192,247421,TRUE
5,0,1,1,0,6,83,16,0,20,0,21,0,7,24,0,12,0,0.583333333,7,70,0,222,6,18,28,152,62,57,2,5381,4111,44777,0.022038687,5,43,384,2,682,0.983360093,0.637681159,539,3.072072072,3.546052632,46,1076,5,33993,1556,69,960,103,11810,10192,247421,TRUE
1,2,0,0,2,6,99,20,0,17,0,19,1,5,16,1,9,0,0.555555556,7,70,0,222,6,18,28,152,62,57,2,5381,4111,44777,0.022038687,5,43,384,2,682,0.983360093,0.637681159,539,3.072072072,3.546052632,46,1076,5,33993,1556,69,960,103,11810,10192,247421,TRUE
2,0,0,0,0,7,190,51,0,18,0,22,1,0,1,5,0,0,0,3,1,0,20,0,0,1,19,6,16,4,485,474,31,0.175,0,8,41,0,73,0.885964912,0.947368421,72,3.65,3.789473684,3,31,0,883,33,69,960,103,11810,10192,247421,TRUE
2,0,0,0,0,7,110,28,0,15,0,19,1,0,3,2,0,0,0,0,1,0,7,0,0,0,6,3,32,3,226,215,9,0.5,0,9,65,0,35,0.944444444,0.857142857,34,5,5.666666667,3,31,0,883,33,69,960,103,11810,10192,247421,TRUE
2,0,0,0,0,6,46,14,0,13,0,13,0,3,12,0,6,0,0.5,0,0,0,52,0,1,25,52,0,0,1,1968,1968,6872,0,0,27,108,0,315,0,1,315,6.057692308,6.057692308,19,225,11,4955,245,69,960,103,11810,10192,247421,FALSE
0,0,0,0,0,1,3,1,0,0,0,0,0,0,0,0,0,0,0,3,20,5,74,9,49,19,54,51,28,2,1770,1616,7157,0.072077922,0,25,189,0,301,0.96803653,0.678571429,266,4.067567568,4.925925926,45,313,0,8348,385,21,1093,80,8798,7670,126255,FALSE
0,0,0,0,0,1,3,1,0,0,0,1,1,0,0,1,0,0,0,1,16,1,43,0,0,10,27,12,0,1,603,420,1266,0.057040998,0,10,73,0,86,0.952380952,0.58974359,61,2,2.259259259,31,348,12,5792,436,21,1093,80,8798,7670,126255,FALSE
1,0,0,0,0,1,1,1,0,1,0,0,0,0,0,0,0,0,0,4,0,0,21,0,1,4,21,20,0,1,315,315,188,0.040935673,0,5,26,0,50,0.995,1,50,2.380952381,2.380952381,64,260,0,5974,288,21,1093,80,8798,7670,126255,FALSE
1,0,0,0,0,1,3,1,0,1,0,0,0,0,0,0,0,0,0,0,0,0,1,0,0,0,1,0,15,2,5,5,0,1,0,0,1,0,1,0,1,1,1,1,64,260,0,5974,288,21,1093,80,8798,7670,126255,FALSE
0,1,0,0,1,1,1,1,0,0,0,3,1,0,0,1,0,0,0,1,4,0,12,1,0,0,8,5,0,1,29,17,0,0.178571429,0,0,12,0,12,0.890909091,0.777777778,8,1,1,103,748,11,17025,928,21,1093,80,8798,7670,126255,FALSE
0,0,0,0,0,1,3,2,0,0,0,1,1,1,2,1,1,0,1,2,6,3,47,0,1,13,41,12,0,1,734,666,2944,0.108527132,0,13,78,0,136,0.93115942,0.846153846,121,2.893617021,2.951219512,103,748,11,17025,928,21,1093,80,8798,7670,126255,FALSE
1,1,1,1,1,1,4,2,0,1,0,2,0,0,0,0,0,0,0,3,8,3,62,4,26,19,54,22,12,2,1140,1060,9160,0,0,21,114,0,175,1.016393443,0.86440678,160,2.822580645,2.962962963,103,748,11,17025,928,21,1093,80,8798,7670,126255,FALSE
1,1,0,0,1,1,3,1,0,1,0,2,1,0,0,1,0,0,0,1,15,2,19,0,0,2,4,14,0,1,362,281,14,0.176470588,0,2,22,0,28,0.936507937,0.210526316,12,1.473684211,3,103,748,11,17025,928,21,1093,80,8798,7670,126255,FALSE
0,2,0,0,2,2,9,4,0,2,0,2,0,0,0,0,0,0,0,0,4,1,30,12,0,5,26,5,40,2,374,341,742,0.283333333,0,5,43,0,74,0.855172414,0.823529412,66,2.466666667,2.538461538,103,748,11,17025,928,21,1093,80,8798,7670,126255,FALSE
7,0,0,0,0,1,14,1,0,7,0,16,1,0,0,8,0,0,0,1,14,12,27,2,4,14,13,19,35,2,1469,1413,542,0.09047619,0,15,103,0,99,0.951417004,0.391304348,85,3.666666667,6.538461538,103,748,11,17025,928,21,1093,80,8798,7670,126255,FALSE
0,1,1,1,1,1,3,1,0,0,0,1,0,0,0,0,0,0,0,1,8,5,40,1,24,14,32,18,0,1,593,549,1815,0,0,15,75,0,78,1.025641026,0.783783784,68,1.95,2.125,103,748,11,17025,928,21,1093,80,8798,7670,126255,FALSE
0,0,0,0,0,1,3,1,0,0,0,1,1,1,2,1,1,0,1,0,5,0,29,20,4,10,24,5,116,3,387,362,2324,0.621693122,0,50,277,0,88,0.792857143,0.88,83,3.034482759,3.458333333,6,85,0,1693,96,21,1093,80,8798,7670,126255,FALSE
2,0,0,0,0,1,7,3,0,3,0,3,0,1,2,0,1,0,1,0,0,2,218,0,37,34,218,22,0,1,3856,3856,35562,0.00041406,1,40,314,0,774,0.991202346,0.995238095,774,3.550458716,3.550458716,72,783,8,11259,840,21,1093,80,8798,7670,126255,FALSE
0,0,0,0,0,2,36,1,0,0,0,0,0,1,2,0,1,0,1,0,2,3,45,15,0,3,43,1,45,4,258,248,18,0.26744186,0,0,48,0,45,0.5,0.955555556,43,1,1,72,783,8,11259,840,21,1093,80,8798,7670,126255,FALSE
1,1,0,0,1,1,3,1,0,1,0,3,1,0,0,2,0,0,0,0,2,0,5,1,0,0,3,3,0,1,51,41,0,0.833333333,0,0,5,0,10,0.583333333,0.5,8,2,2.666666667,72,783,8,11259,840,21,1093,80,8798,7670,126255,FALSE
0,0,0,0,0,1,2,1,0,0,0,1,1,0,0,1,0,0,0,0,12,1,18,4,7,5,6,6,33,2,178,130,34,0.025,0,16,69,0,33,0.598039216,0.25,21,1.833333333,3.5,168,690,0,21327,989,21,1093,80,8798,7670,126255,FALSE
0,0,0,0,0,1,5,1,0,1,0,3,1,0,0,2,0,0,0,0,0,0,2,1,0,0,2,3,14,3,32,32,0,1,0,0,2,0,2,1.333333333,1,2,1,1,8,58,1,1223,59,21,1093,80,8798,7670,126255,FALSE
1,0,0,0,0,1,3,1,0,1,0,2,1,0,0,1,0,0,0,0,16,6,45,0,1,11,29,29,0,1,948,868,728,0.047311828,11,10,72,0,139,0.972570533,0.413043478,123,3.088888889,4.24137931,39,311,1,6940,384,21,1093,80,8798,7670,126255,FALSE
0,1,0,0,1,1,3,1,0,0,0,1,1,0,0,1,0,0,0,0,10,1,34,1,3,7,24,15,0,1,585,499,704,0.302955665,0,10,52,0,89,0.886868687,0.6875,79,2.617647059,3.291666667,39,311,1,6940,384,21,1093,80,8798,7670,126255,FALSE
3,0,14,7,0,5,145,39,0,18,0,36,0.222222222,13,48,4,32,0,0.40625,0,0,0,12,2,22,14,12,1,19,2,329,329,785,0.047619048,0,20,89,0,74,0.818181818,1,74,6.166666667,6.166666667,45,313,0,8348,385,21,1093,80,8798,7670,126255,TRUE
0,0,1,1,0,5,30,7,0,2,0,7,0.8,2,10,4,5,0,0.4,1,1,1,4,0,3,5,3,5,0,1,85,80,66,0.333333333,0,6,12,0,17,0.733333333,0.75,16,4.25,5.333333333,45,313,0,8348,385,21,1093,80,8798,7670,126255,FALSE
2,0,0,0,0,5,65,13,0,18,0,24,1,3,10,6,5,0,0.6,1,16,1,43,0,0,10,27,12,0,1,603,420,1266,0.057040998,0,10,73,0,86,0.952380952,0.58974359,61,2,2.259259259,31,348,12,5792,436,21,1093,80,8798,7670,126255,TRUE
0,0,7,4,0,5,44,9,0,7,0,21,0.222222222,7,16,2,12,0,0.583333333,0,0,0,2,1,7,7,2,2,44,2,55,55,32,1,0,10,14,0,10,0.5,1,10,5,5,64,260,0,5974,288,21,1093,80,8798,7670,126255,TRUE
3,0,3,2,0,5,25,7,0,6,0,15,0.666666667,5,12,6,9,0,0.555555556,0,4,0,19,1,4,9,15,3,19,2,356,327,609,0.318681319,0,14,67,0,73,0.740740741,0.846153846,67,3.842105263,4.466666667,103,748,11,17025,928,21,1093,80,8798,7670,126255,FALSE
1,3,7,2,10,5,55,19,0,8,0,15,0,8,28,0,14,0,0.571428571,2,10,9,56,1,31,24,46,24,0,1,979,924,4231,0,0,21,116,0,160,1.018181818,0.803921569,148,2.857142857,3.217391304,103,748,11,17025,928,21,1093,80,8798,7670,126255,TRUE
1,0,2,1,0,5,42,7,0,7,0,13,0.666666667,3,8,4,6,0,0.5,1,0,0,2,0,2,3,2,4,0,1,77,77,36,0,0,4,11,0,15,2,1,15,7.5,7.5,103,748,11,17025,928,21,1093,80,8798,7670,126255,FALSE
0,0,4,1,0,5,20,4,0,3,0,7,0,3,8,0,4,0,0.75,1,0,0,3,0,7,5,3,1,0,1,44,44,32,0,0,8,9,0,11,1.5,1,11,3.666666667,3.666666667,103,748,11,17025,928,21,1093,80,8798,7670,126255,FALSE
3,0,0,0,0,5,21,8,0,10,0,10,0,0,0,0,0,0,0,0,0,0,11,0,0,3,11,1,0,1,339,339,62,0,0,7,16,0,45,1.1,1,45,4.090909091,4.090909091,72,783,8,11259,840,21,1093,80,8798,7670,126255,FALSE
2,3,0,0,3,5,75,15,0,7,0,21,1,0,0,14,0,0,0,0,0,2,218,0,37,34,218,22,0,1,3856,3856,35562,0.00041406,1,40,314,0,774,0.991202346,0.995238095,774,3.550458716,3.550458716,72,783,8,11259,840,21,1093,80,8798,7670,126255,TRUE
1,0,0,0,0,5,76,14,0,15,0,15,0,0,0,0,0,0,0,0,0,5,21,0,0,3,21,10,0,1,787,787,162,0.035087719,0,0,25,0,86,0.97,1,86,4.095238095,4.095238095,72,783,8,11259,840,21,1093,80,8798,7670,126255,TRUE
0,0,5,3,0,5,58,12,0,11,0,19,0.444444444,6,24,4,12,0,0.5,1,0,0,3,0,9,6,3,3,0,1,82,82,76,1,0,8,17,0,15,0.833333333,1,15,5,5,168,690,0,21327,989,21,1093,80,8798,7670,126255,TRUE
1,0,6,2,0,5,42,8,0,9,0,21,0.454545455,4,9,5,10,0,0.4,0,0,1,5,4,6,4,5,5,33,2,174,174,60,0.833333333,0,14,63,0,25,0.8,1,25,5,5,168,690,0,21327,989,21,1093,80,8798,7670,126255,TRUE
0,0,3,2,0,5,30,7,0,2,0,7,0.4,4,14,2,7,0,0.571428571,1,0,0,2,0,3,4,2,2,0,1,53,53,28,1,0,5,9,0,8,1,1,8,4,4,168,690,0,21327,989,21,1093,80,8798,7670,126255,FALSE
6,0,6,3,0,5,108,25,0,16,0,34,0.444444444,4,19,8,13,0,0.307692308,2,15,4,41,7,17,13,26,17,30,2,931,829,2032,0.102272727,1,18,136,0,153,0.913235294,0.53125,130,3.731707317,5,168,690,0,21327,989,21,1093,80,8798,7670,126255,TRUE
2,0,2,2,0,5,38,8,0,9,0,13,0,4,10,0,7,0,0.571428571,1,0,3,36,0,16,15,36,2,0,1,1485,1485,2294,0.033846154,0,14,90,0,212,0.914285714,1,212,5.888888889,5.888888889,39,311,1,6940,384,21,1093,80,8798,7670,126255,FALSE
2,0,0,0,0,5,39,8,0,11,0,11,0,1,4,0,2,0,0.5,1,0,3,36,0,16,15,36,2,0,1,1485,1485,2294,0.033846154,0,14,90,0,212,0.914285714,1,212,5.888888889,5.888888889,39,311,1,6940,384,21,1093,80,8798,7670,126255,FALSE
1,0,1,1,0,5,33,8,0,4,0,12,0.875,2,2,7,2,0,1,0,10,1,34,1,3,7,24,15,0,1,585,499,704,0.302955665,0,10,52,0,89,0.886868687,0.6875,79,2.617647059,3.291666667,39,311,1,6940,384,21,1093,80,8798,7670,126255,FALSE
1,0,0,0,0,5,42,9,0,7,0,11,1,1,4,4,2,0,0.5,0,1,3,21,1,0,9,20,12,0,1,568,552,686,0.703296703,0,7,40,0,60,0.895833333,0.944444444,58,2.857142857,2.9,39,311,1,6940,384,21,1093,80,8798,7670,126255,FALSE
5,1,6,1,1,7,42,14,0,10,0,16,0,6,18,0,9,0,0.666666667,2,10,9,56,1,31,24,46,24,0,1,979,924,4231,0,0,21,116,0,160,1.018181818,0.803921569,148,2.857142857,3.217391304,103,748,11,17025,928,21,1093,80,8798,7670,126255,TRUE
0,0,14,3,0,6,82,19,0,13,0,29,0.176470588,3,12,3,7,0,0.428571429,1,0,0,3,0,23,4,3,3,0,1,184,184,40,1,0,5,11,0,49,1,1,49,16.33333333,16.33333333,103,748,11,17025,928,21,1093,80,8798,7670,126255,TRUE
2,1,0,0,2,6,23,9,0,9,0,9,0,0,0,0,0,0,0,0,0,2,218,0,37,34,218,22,0,1,3856,3856,35562,0.00041406,1,40,314,0,774,0.991202346,0.995238095,774,3.550458716,3.550458716,72,783,8,11259,840,21,1093,80,8798,7670,126255,FALSE
2,1,0,0,1,8,113,21,0,20,0,20,0,0,0,0,0,0,0,0,0,2,218,0,37,34,218,22,0,1,3856,3856,35562,0.00041406,1,40,314,0,774,0.991202346,0.995238095,774,3.550458716,3.550458716,72,783,8,11259,840,21,1093,80,8798,7670,126255,TRUE
1,0,0,0,0,6,58,10,0,10,0,12,1,0,0,2,0,0,0,0,0,5,21,0,0,3,21,10,0,1,787,787,162,0.035087719,0,0,25,0,86,0.97,1,86,4.095238095,4.095238095,72,783,8,11259,840,21,1093,80,8798,7670,126255,FALSE
0,0,2,1,0,6,40,12,0,6,0,14,0.777777778,2,4,7,2,0,1,2,1,0,10,0,10,10,9,10,0,1,169,166,130,0.533333333,1,12,34,0,35,0.888888889,0.75,34,3.5,3.777777778,168,690,0,21327,989,21,1093,80,8798,7670,126255,FALSE
1,0,0,0,0,7,33,8,0,10,0,17,0.428571429,3,8,3,4,0,0.75,0,0,15,5,5,0,5,5,4,59,4,2981,2981,141,0.6,0,29,134,0,31,0.8125,1,31,6.2,6.2,168,690,0,21327,989,21,1093,80,8798,7670,126255,FALSE
1,0,6,2,0,6,42,10,0,9,0,21,0.363636364,3,15,4,13,0,0.230769231,0,0,1,5,4,6,4,5,5,33,2,174,174,60,0.833333333,0,14,63,0,25,0.8,1,25,5,5,168,690,0,21327,989,21,1093,80,8798,7670,126255,TRUE
1,0,5,3,0,6,50,14,0,4,0,13,0.444444444,6,15,4,10,0,0.6,0,2,0,10,4,10,9,8,2,33,2,189,173,246,1,0,21,75,0,40,0.666666667,0.833333333,37,4,4.625,168,690,0,21327,989,21,1093,80,8798,7670,126255,TRUE
3,0,7,4,0,6,48,10,0,12,0,25,0.363636364,8,18,4,13,0,0.615384615,0,0,3,11,4,11,13,11,6,53,3,220,220,380,0.127272727,0,28,126,1,44,0.9,1,44,4,4,168,690,0,21327,989,21,1093,80,8798,7670,126255,FALSE
1,0,4,2,0,7,46,9,0,7,0,19,0.692307692,3,3,9,4,0,0.75,0,0,0,4,3,4,3,4,8,34,2,102,102,31,0.333333333,0,14,53,0,13,0.791666667,1,13,3.25,3.25,168,690,0,21327,989,21,1093,80,8798,7670,126255,FALSE
1,0,8,2,0,7,93,19,0,10,0,30,0.619047619,4,7,13,7,0,0.571428571,0,9,1,29,6,11,7,20,24,31,2,541,506,591,0.147619048,0,17,93,0,89,0.90922619,0.571428571,80,3.068965517,4,168,690,0,21327,989,21,1093,80,8798,7670,126255,TRUE
3,0,3,3,0,8,89,23,1,18,2,33,0.25,7,32,1,18,2,0.388888889,1,0,3,36,0,16,15,36,2,0,1,1485,1485,2294,0.033846154,0,14,90,0,212,0.914285714,1,212,5.888888889,5.888888889,39,311,1,6940,384,21,1093,80,8798,7670,126255,TRUE
2,1,1,1,1,6,19,7,0,8,0,10,0.5,3,6,1,4,0,0.75,1,0,3,36,0,16,15,36,2,0,1,1485,1485,2294,0.033846154,0,14,90,0,212,0.914285714,1,212,5.888888889,5.888888889,39,311,1,6940,384,21,1093,80,8798,7670,126255,FALSE
1,1,0,0,1,6,41,10,0,14,0,21,1,3,10,1,5,0,0.6,1,7,3,49,7,7,15,42,9,30,2,919,863,1717,0.081949059,2,23,120,0,181,0.94212963,0.804347826,170,3.693877551,4.047619048,39,311,1,6940,384,21,1093,80,8798,7670,126255,FALSE
0,1,1,1,1,8,33,7,0,6,0,10,0.666666667,3,7,2,4,0,0.75,1,7,3,49,7,7,15,42,9,30,2,919,863,1717,0.081949059,2,23,120,0,181,0.94212963,0.804347826,170,3.693877551,4.047619048,39,311,1,6940,384,21,1093,80,8798,7670,126255,TRUE
2,1,3,1,1,8,59,12,0,15,0,27,0.666666667,4,11,6,8,0,0.5,1,7,3,49,7,7,15,42,9,30,2,919,863,1717,0.081949059,2,23,120,0,181,0.94212963,0.804347826,170,3.693877551,4.047619048,39,311,1,6940,384,21,1093,80,8798,7670,126255,TRUE
1,1,2,1,1,7,32,7,0,8,0,14,0.6,3,9,3,6,0,0.5,1,7,3,49,7,7,15,42,9,30,2,919,863,1717,0.081949059,2,23,120,0,181,0.94212963,0.804347826,170,3.693877551,4.047619048,39,311,1,6940,384,21,1093,80,8798,7670,126255,FALSE
1,1,0,0,4,1,3,1,0,1,0,1,0,0,0,0,0,0,0,0,3,0,7,0,0,0,4,1,588,5,42,26,0,0.3,0,0,7,2,7,0.666666667,0.571428571,4,1,1,153,193,0,6579,256,4,190,3,713,563,9457,FALSE
0,2,0,0,0,1,3,1,0,0,0,0,0,1,2,0,1,0,1,0,1,2,2,0,0,2,1,0,593,6,111,103,10,1,0,0,9,0,2,0,0.5,1,1,1,153,193,0,6579,256,4,190,3,713,563,9457,FALSE
0,0,0,0,0,1,5,2,0,0,0,1,1,1,2,1,1,0,1,0,1,8,11,1,5,12,10,12,521,5,246,238,266,1,0,9,27,0,15,0.791666667,0.666666667,14,1.363636364,1.4,153,193,0,6579,256,4,190,3,713,563,9457,FALSE
1,0,0,0,0,1,9,1,0,1,0,6,1,0,0,5,0,0,0,0,1,6,16,1,3,5,15,22,538,6,324,319,80,0.241758242,0,1,21,0,26,0.954545455,0.857142857,25,1.625,1.666666667,153,193,0,6579,256,4,190,3,713,563,9457,FALSE
0,0,0,0,0,1,4,1,0,0,0,2,1,0,0,2,0,0,0,0,1,6,16,1,3,5,15,22,538,6,324,319,80,0.241758242,0,1,21,0,26,0.954545455,0.857142857,25,1.625,1.666666667,153,193,0,6579,256,4,190,3,713,563,9457,FALSE
1,1,3,2,1,1,4,1,0,1,0,8,0.4,2,0,2,2,0,1,0,3,0,5,0,16,2,2,5,522,5,45,24,4,1,0,5,11,0,6,0.75,0.5,3,1.2,1.5,153,193,0,6579,256,4,190,3,713,563,9457,FALSE
1,0,2,2,0,2,10,4,0,4,0,8,0.5,2,0,2,2,0,1,2,6,22,33,1,20,32,27,37,521,5,853,787,2464,0.25,0,25,114,0,79,0.907094595,0.333333333,69,2.393939394,2.555555556,153,193,0,6579,256,4,190,3,713,563,9457,FALSE
0,0,0,0,0,1,1,1,0,0,0,1,1,0,0,1,0,0,0,1,22,0,33,13,0,1,11,10,57,3,150,84,14,0.173789174,0,1,35,0,48,0.86875,0.214285714,26,1.454545455,2.363636364,153,193,0,6579,256,4,190,3,713,563,9457,FALSE
1,0,0,0,0,1,1,1,0,1,0,2,1,0,0,1,0,0,0,1,22,0,33,13,0,1,11,10,57,3,150,84,14,0.173789174,0,1,35,0,48,0.86875,0.214285714,26,1.454545455,2.363636364,153,193,0,6579,256,4,190,3,713,563,9457,FALSE
0,1,0,0,1,2,13,2,0,1,0,7,1,1,2,6,1,0,1,1,2,9,33,0,29,28,31,36,534,6,1043,1015,1530,0.1,0,23,104,0,70,0.941840278,1,68,2.121212121,2.193548387,153,193,0,6579,256,4,190,3,713,563,9457,FALSE
1,1,0,0,2,1,8,1,0,1,0,7,1,0,0,6,0,0,0,0,1,11,3,0,17,11,2,24,536,5,279,266,44,1,0,1,14,0,4,0.875,1,3,1.333333333,1.5,153,193,0,6579,256,4,190,3,713,563,9457,FALSE
1,1,0,0,1,1,3,1,0,1,0,2,1,0,0,1,0,0,0,0,5,0,8,0,4,3,3,15,522,5,235,187,40,0.2,0,3,15,1,12,0.904761905,0.166666667,5,1.5,1.666666667,153,193,0,6579,256,4,190,3,713,563,9457,FALSE
0,0,9,1,0,2,71,1,0,0,0,19,0.5,4,8,9,4,0,1,0,1,4,3,0,9,4,2,9,535,5,97,91,16,1,0,1,7,0,4,0.888888889,1,3,1.333333333,1.5,153,193,0,6579,256,4,190,3,713,563,9457,FALSE
1,0,0,0,0,1,8,4,0,1,0,4,1,0,0,3,0,0,0,0,5,0,12,4,1,1,7,1,23,2,96,45,44,0.277777778,0,5,39,0,21,0.636363636,0.545454545,7,1.75,1,13,73,1,1076,136,4,190,3,713,563,9457,FALSE
0,6,0,0,13,1,3,1,0,0,0,1,1,0,0,1,0,0,0,3,21,0,40,1,3,5,19,17,0,1,347,156,350,0.142857143,4,6,50,0,58,0.965309201,0.390243902,23,1.45,1.210526316,13,73,1,1076,136,4,190,3,713,563,9457,FALSE
1,0,0,0,0,1,3,1,0,1,0,1,0,1,2,0,1,0,1,1,4,0,19,0,6,3,15,3,0,1,161,117,68,0.095588235,0,4,28,0,31,0.851851852,0.777777778,24,1.631578947,1.6,17,56,1,874,74,4,190,3,713,563,9457,FALSE
1,2,0,0,2,1,4,1,0,1,0,1,0,1,2,0,1,0,1,0,0,0,3,0,0,1,3,0,28,2,20,20,4,0,0,1,4,2,3,0,1,3,1,1,17,56,1,874,74,4,190,3,713,563,9457,FALSE
2,1,0,0,1,2,29,10,0,3,0,5,0,8,16,0,8,0,1,1,1,8,7,0,1,9,6,1,0,1,133,122,112,0,0,1,16,8,30,0.833333333,1,27,4.285714286,4.5,17,56,1,874,74,4,190,3,713,563,9457,TRUE
2,0,0,0,0,1,5,1,0,2,0,2,0,1,3,0,1,0,1,0,0,0,1,1,0,1,1,0,2,2,7,7,7,1,0,2,14,0,1,0,0,1,1,1,17,56,1,874,74,4,190,3,713,563,9457,FALSE
3,0,12,2,0,5,66,13,0,10,0,21,0.076923077,4,6,1,13,0,0.307692308,1,0,3,22,0,25,15,22,4,0,1,603,603,892,0.333333333,0,15,69,0,114,0.964285714,1,114,5.181818182,5.181818182,7,32,1,928,32,4,190,3,713,563,9457,TRUE
2,0,6,1,0,5,163,33,0,28,0,40,0.25,2,4,2,7,0,0.285714286,1,0,2,7,0,13,6,7,6,0,1,301,301,86,0,0,6,23,0,48,1.055555556,1,48,6.857142857,6.857142857,7,32,1,928,32,4,190,3,713,563,9457,TRUE
2,0,9,4,0,6,41,20,0,13,0,22,0,4,2,0,10,0,0.4,1,0,3,22,0,25,15,22,4,0,1,603,603,892,0.333333333,0,15,69,0,114,0.964285714,1,114,5.181818182,5.181818182,7,32,1,928,32,4,190,3,713,563,9457,TRUE
2,1,0,0,1,2,9,2,0,3,0,3,0,1,2,0,1,0,1,0,0,0,20,0,0,2,20,1,0,1,358,358,260,0.065359477,0,2,26,0,58,0.789473684,1,58,2.9,2.9,45,381,5,7829,395,133,2330,131,19618,13899,299402,FALSE
1,1,1,1,2,1,3,1,0,1,0,2,0,0,0,0,0,0,0,0,4,0,12,1,4,1,8,7,0,1,86,54,4,0.138888889,2,2,13,0,18,0.935064935,0.538461538,14,1.5,1.75,25,326,22,5974,478,133,2330,131,19618,13899,299402,FALSE
0,0,0,0,0,2,23,9,0,1,0,9,1,3,6,7,3,0,1,1,20,0,50,1,52,34,30,13,0,1,1088,558,5422,0.544807966,4,45,166,0,170,0.901098901,0.421052632,107,3.4,3.566666667,59,763,1,14143,1136,133,2330,131,19618,13899,299402,FALSE
0,0,0,0,0,1,4,1,0,0,0,1,1,1,4,1,2,0,0.5,0,15,0,35,0,26,2,20,9,0,1,379,185,1078,0.941176471,8,2,70,0,44,0.895424837,0.45,20,1.257142857,1,59,763,1,14143,1136,133,2330,131,19618,13899,299402,FALSE
0,8,0,0,23,1,4,1,0,0,0,1,1,0,0,1,0,0,0,1,24,1,92,0,62,43,68,20,10,2,1616,1163,11416,0.497297297,7,67,265,1,217,0.957142857,0.674418605,147,2.358695652,2.161764706,59,763,1,14143,1136,133,2330,131,19618,13899,299402,FALSE
0,1,0,0,2,1,4,1,0,0,0,1,1,0,0,1,0,0,0,0,4,0,23,-1,1,6,19,3,-1,3,227,195,421,0.368421053,0,8,36,3,40,0.772727273,-1,33,1.739130435,1.736842105,154,1112,3,20586,1786,133,2330,131,19618,13899,299402,FALSE
0,0,0,0,0,1,3,1,0,0,0,0,0,0,0,0,0,0,0,0,3,0,9,2,0,3,6,2,9,4,68,44,48,0.285714286,1,7,27,0,9,0.8125,0.555555556,6,1,1,48,335,0,6879,703,133,2330,131,19618,13899,299402,FALSE
2,1,0,0,1,1,3,1,0,2,0,2,0,0,1,0,0,0,0,0,1,0,6,0,1,4,5,3,31,4,47,42,74,0,2,10,51,0,7,1.066666667,0.5,6,1.166666667,1.2,64,347,1,3566,432,133,2330,131,19618,13899,299402,FALSE
0,2,0,0,2,1,3,1,0,0,0,2,1,1,2,2,1,0,1,0,3,1,23,1,1,4,20,14,16,3,231,210,562,0.294736842,2,9,51,0,46,0.909090909,0.782608696,41,2,2.05,64,347,1,3566,432,133,2330,131,19618,13899,299402,FALSE
2,2,0,0,2,1,4,1,0,2,0,4,1,0,0,2,0,0,0,1,2,0,4,0,0,1,2,2,0,1,19,9,15,1,0,3,6,0,4,0.666666667,0.5,2,1,1,21,168,0,3067,208,133,2330,131,19618,13899,299402,FALSE
0,1,6,2,1,1,8,1,0,1,0,14,0.333333333,2,2,3,7,0,0.285714286,0,3,0,33,0,18,13,30,6,5,3,458,434,1197,0.206521739,0,21,89,0,83,0.880208333,0.884615385,79,2.515151515,2.633333333,21,168,0,3067,208,133,2330,131,19618,13899,299402,FALSE
0,0,0,0,0,1,3,1,0,0,0,2,1,1,3,2,1,0,1,2,0,0,13,0,0,2,13,2,0,1,82,82,328,0.681818182,0,4,28,0,15,0.291666667,1,15,1.153846154,1.153846154,4,39,0,460,39,133,2330,131,19618,13899,299402,FALSE
2,0,0,0,0,1,4,1,0,2,0,3,1,0,0,1,0,0,0,0,1,0,9,3,0,3,8,1,7,2,106,98,85,0.714285714,0,4,22,1,12,0.375,0.888888889,11,1.333333333,1.375,38,208,2,5566,383,133,2330,131,19618,13899,299402,FALSE
0,0,0,0,0,1,4,1,0,0,0,1,1,0,0,1,0,0,0,0,2,0,6,0,23,10,4,2,5,2,100,88,114,0,0,27,51,0,8,1,0,6,1.333333333,1.5,22,253,1,5906,345,133,2330,131,19618,13899,299402,FALSE
2,0,5,5,0,2,26,8,0,3,0,8,0,4,0,0,4,0,1,0,0,1,8,0,8,15,8,3,0,1,182,182,492,0.9,0,18,41,0,36,0.523809524,1,36,4.5,4.5,38,253,10,4401,270,133,2330,131,19618,13899,299402,FALSE
1,0,1,1,0,3,21,4,0,6,0,10,0.666666667,2,0,2,2,0,1,0,4,0,16,1,11,3,12,3,50,3,322,266,296,0.104761905,0,5,25,0,27,0.8,0.785714286,20,1.6875,1.666666667,35,265,0,7652,356,133,2330,131,19618,13899,299402,FALSE
0,0,1,1,0,1,4,1,0,0,0,1,0,0,1,0,0,0,0,0,17,0,52,0,25,8,35,1,30,4,638,395,3864,0,1,20,140,0,63,1.019607843,0.647058824,38,1.211538462,1.085714286,35,265,0,7652,356,133,2330,131,19618,13899,299402,FALSE
0,1,0,0,2,2,26,6,0,3,0,6,1,1,2,3,1,0,1,0,0,2,10,0,0,4,10,6,0,1,180,180,40,0.75,0,2,14,0,17,0.703703704,1,17,1.7,1.7,17,124,0,2217,148,133,2330,131,19618,13899,299402,FALSE
1,1,0,0,1,1,8,2,0,1,0,2,1,1,2,1,1,0,1,1,3,0,7,0,3,4,4,8,3,2,182,144,85,0.666666667,0,8,16,0,11,0.9375,0.4,8,1.571428571,2,17,88,4,2092,109,133,2330,131,19618,13899,299402,FALSE
0,0,0,0,0,5,59,2,0,0,0,1,1,0,0,1,0,0,0,0,0,8,49,4,0,1,49,12,12,2,2017,2017,1990,0.111111111,0,0,63,0,150,0.960069444,1,150,3.06122449,3.06122449,45,381,5,7829,395,133,2330,131,19618,13899,299402,FALSE
2,0,0,0,0,5,69,11,0,4,0,5,1,1,2,1,1,0,1,0,0,8,49,4,0,1,49,12,12,2,2017,2017,1990,0.111111111,0,0,63,0,150,0.960069444,1,150,3.06122449,3.06122449,45,381,5,7829,395,133,2330,131,19618,13899,299402,TRUE
0,0,0,0,0,5,58,2,0,0,0,1,1,0,0,1,0,0,0,0,0,8,49,4,0,1,49,12,12,2,2017,2017,1990,0.111111111,0,0,63,0,150,0.960069444,1,150,3.06122449,3.06122449,45,381,5,7829,395,133,2330,131,19618,13899,299402,FALSE
6,0,9,6,0,5,103,23,0,25,0,48,0.3125,12,34,5,29,0,0.413793103,1,43,0,137,0,73,41,94,9,0,1,1806,1243,18092,0.437320335,1,48,337,0,242,0.916666667,0.655737705,181,1.766423358,1.925531915,59,763,1,14143,1136,133,2330,131,19618,13899,299402,TRUE
2,0,1,1,0,5,25,5,0,6,0,7,0,3,4,0,3,0,1,1,24,1,92,0,62,43,68,20,10,2,1616,1163,11416,0.497297297,7,67,265,1,217,0.957142857,0.674418605,147,2.358695652,2.161764706,59,763,1,14143,1136,133,2330,131,19618,13899,299402,FALSE
2,0,1,1,0,5,22,5,0,6,0,8,0.5,2,2,1,2,0,1,1,24,1,92,0,62,43,68,20,10,2,1616,1163,11416,0.497297297,7,67,265,1,217,0.957142857,0.674418605,147,2.358695652,2.161764706,59,763,1,14143,1136,133,2330,131,19618,13899,299402,FALSE
1,1,0,0,1,5,74,15,0,9,0,10,1,1,4,2,2,0,0.5,0,0,0,1,0,0,1,1,2,0,1,88,88,8,1,0,1,3,0,15,0,1,15,15,15,59,763,1,14143,1136,133,2330,131,19618,13899,299402,TRUE
1,1,0,0,1,5,100,16,0,11,0,33,1,6,28,22,14,0,0.428571429,0,14,1,36,2,4,10,22,24,9,4,694,541,694,0.393103448,1,13,88,0,90,0.885714286,0.620689655,62,2.5,2.818181818,154,1112,3,20586,1786,133,2330,131,19618,13899,299402,TRUE
2,1,0,0,1,5,38,5,0,5,0,9,1,3,10,4,5,0,0.6,0,1,0,5,0,0,6,4,4,0,1,83,73,150,0.166666667,0,9,19,0,12,0.9375,0.8,11,2.4,2.75,154,1112,3,20586,1786,133,2330,131,19618,13899,299402,TRUE
3,0,3,2,0,5,37,6,0,9,0,15,0.5,6,12,3,9,0,0.666666667,0,3,2,21,3,57,34,18,212,23,4,819,798,1009,0.236363636,206,43,135,0,73,1.044575472,0.032407407,70,3.476190476,3.888888889,154,1112,3,20586,1786,133,2330,131,19618,13899,299402,FALSE
3,0,0,0,0,5,37,7,0,8,0,11,1,1,4,3,2,0,0.5,1,0,0,24,5,0,4,24,10,4,2,296,296,264,0.307189542,0,4,37,0,53,0.882608696,1,53,2.208333333,2.208333333,14,132,5,2816,150,133,2330,131,19618,13899,299402,FALSE
4,0,1,1,0,5,46,9,0,12,0,14,0,3,16,0,9,0,0.333333333,0,0,5,8,0,146,154,8,3,0,1,615,615,2320,0,0,152,175,0,186,0.952380952,1,186,23.25,23.25,8,18,0,888,21,133,2330,131,19618,13899,299402,FALSE
1,1,1,1,1,5,26,6,0,3,0,7,0.75,2,12,3,6,0,0.333333333,0,0,0,2,0,1,3,2,3,5,3,52,52,43,1,0,9,18,0,10,1.333333333,1,10,5,5,21,168,0,3067,208,133,2330,131,19618,13899,299402,FALSE
0,1,2,2,1,5,50,11,0,8,0,12,0.5,5,12,2,7,0,0.714285714,1,16,0,107,0,125,57,91,20,0,1,2218,1997,17110,0.220120724,0,69,310,0,311,0.950471698,0.791666667,275,2.906542056,3.021978022,22,253,1,5906,345,133,2330,131,19618,13899,299402,FALSE
1,0,6,3,0,5,61,7,0,6,0,17,0.25,3,6,2,12,0,0.25,0,1,0,7,0,11,4,6,2,0,1,123,117,64,0.666666667,0,4,25,0,16,0.583333333,0.75,15,2.285714286,2.5,22,253,1,5906,345,133,2330,131,19618,13899,299402,FALSE
0,0,0,0,0,5,107,28,1,10,2,16,0.5,4,10,3,8,2,0.5,0,0,3,53,0,41,31,53,10,0,1,1511,1511,4746,1,0,57,121,0,281,0.905769231,1,281,5.301886792,5.301886792,38,253,10,4401,270,133,2330,131,19618,13899,299402,TRUE
1,1,0,0,1,5,49,10,0,9,0,11,1,0,0,2,0,0,0,0,0,0,5,0,0,0,5,3,0,1,128,128,0,1,0,2,5,0,28,0.666666667,1,28,5.6,5.6,38,253,10,4401,270,133,2330,131,19618,13899,299402,FALSE
4,0,3,3,0,5,95,12,0,16,0,20,0.25,5,10,1,5,0,1,0,4,0,12,2,6,10,8,3,0,1,380,307,162,0.5,0,13,24,1,49,0.727272727,0.625,40,4.083333333,5,35,265,0,7652,356,133,2330,131,19618,13899,299402,FALSE
4,1,0,0,1,5,48,6,0,9,0,9,0,1,8,0,4,0,0.25,0,0,0,2,0,0,1,2,1,0,1,98,98,24,1,0,1,6,0,10,1,1,10,5,5,4,13,1,300,13,133,2330,131,19618,13899,299402,FALSE
1,3,0,0,3,6,81,13,0,3,0,15,0.5,1,6,3,6,0,0.166666667,0,0,8,49,4,0,1,49,12,12,2,2017,2017,1990,0.111111111,0,0,63,0,150,0.960069444,1,150,3.06122449,3.06122449,45,381,5,7829,395,133,2330,131,19618,13899,299402,TRUE
1,0,1,1,0,6,46,9,0,13,0,14,0,4,12,0,6,0,0.666666667,1,0,5,4,-1,2,7,4,5,-1,1,108,108,62,0,5,10,14,0,14,1.333333333,-1,14,3.5,3.5,168,225,7,5489,227,133,2330,131,19618,13899,299402,FALSE
3,1,18,7,1,7,46,11,1,13,2,38,0.052631579,7,4,1,17,2,0.411764706,1,20,0,50,1,52,34,30,13,0,1,1088,558,5422,0.544807966,4,45,166,0,170,0.901098901,0.421052632,107,3.4,3.566666667,59,763,1,14143,1136,133,2330,131,19618,13899,299402,TRUE
1,0,6,4,0,8,119,23,2,20,2,29,0,9,20,0,18,2,0.5,0,0,0,2,0,8,10,2,0,0,1,225,225,96,0,0,12,26,0,39,0,1,39,19.5,19.5,59,763,1,14143,1136,133,2330,131,19618,13899,299402,FALSE
2,0,9,4,0,7,146,22,0,33,0,46,0.181818182,7,26,2,20,0,0.35,1,43,0,137,0,73,41,94,9,0,1,1806,1243,18092,0.437320335,1,48,337,0,242,0.916666667,0.655737705,181,1.766423358,1.925531915,59,763,1,14143,1136,133,2330,131,19618,13899,299402,TRUE
1,1,0,0,1,6,32,7,0,4,0,5,1,0,0,1,0,0,0,0,1,0,9,2,0,0,8,2,0,1,245,221,0,0.666666667,0,0,9,0,30,0.75,0.888888889,28,3.333333333,3.5,14,132,5,2816,150,133,2330,131,19618,13899,299402,FALSE
3,0,0,0,0,6,355,62,0,22,0,22,0,2,12,0,6,0,0.333333333,0,0,1,9,0,0,8,9,0,0,1,883,883,222,0,0,7,21,0,76,0,1,76,8.444444444,8.444444444,38,208,2,5566,383,133,2330,131,19618,13899,299402,TRUE
2,1,3,3,1,6,50,12,0,10,0,17,0.571428571,7,18,4,9,0,0.777777778,1,16,0,107,0,125,57,91,20,0,1,2218,1997,17110,0.220120724,0,69,310,0,311,0.950471698,0.791666667,275,2.906542056,3.021978022,22,253,1,5906,345,133,2330,131,19618,13899,299402,FALSE
2,0,11,9,0,6,127,25,0,22,0,33,0,7,18,0,14,0,0.5,0,2,0,27,0,31,40,25,9,0,1,527,517,1574,0.2,0,62,115,0,104,0.905982906,1,102,3.851851852,4.08,38,253,10,4401,270,133,2330,131,19618,13899,299402,TRUE
3,1,3,3,1,6,66,13,0,9,0,16,0.5,9,34,3,18,0,0.5,0,0,1,8,0,8,15,8,3,0,1,182,182,492,0.9,0,18,41,0,36,0.523809524,1,36,4.5,4.5,38,253,10,4401,270,133,2330,131,19618,13899,299402,TRUE
1,1,0,0,1,6,35,10,0,6,0,6,0,2,8,0,4,0,0.5,0,0,0,4,0,0,4,4,2,0,1,86,86,28,1,0,4,10,0,16,1,1,16,4,4,2,11,2,178,11,133,2330,131,19618,13899,299402,TRUE
0,0,14,7,0,7,116,28,0,16,0,36,0.3,8,36,6,26,0,0.307692308,1,5,2,12,0,14,11,7,6,6,3,362,318,311,0.178571429,0,20,62,0,49,0.924242424,0.545454545,44,4.083333333,6.285714286,5,11,0,578,19,133,2330,131,19618,13899,299402,TRUE
2,0,0,0,0,2,10,2,0,3,0,5,1,0,0,2,0,0,0,56,0,0,57,0,0,0,57,2,0,1,674,674,0,1,0,0,57,0,113,0.017857143,1,113,1.98245614,1.98245614,29,219,5,3862,227,3,91,9,585,567,8432,FALSE
2,0,0,0,0,2,10,2,0,3,0,5,1,0,0,2,0,0,0,56,0,0,57,0,0,0,57,2,0,1,674,674,0,1,0,0,57,0,113,0.017857143,1,113,1.98245614,1.98245614,29,219,5,3862,227,3,91,9,585,567,8432,FALSE
2,0,0,0,0,2,10,2,0,3,0,5,1,0,0,2,0,0,0,56,0,0,57,0,0,0,57,2,0,1,674,674,0,1,0,0,57,0,113,0.017857143,1,113,1.98245614,1.98245614,29,219,5,3862,227,3,91,9,585,567,8432,FALSE
0,2,0,0,2,1,3,1,0,0,0,0,0,0,0,0,0,0,0,1,0,1,25,2,3,4,25,4,25,4,688,688,772,0,0,3,31,0,60,1.041666667,1,60,2.4,2.4,29,219,5,3862,227,3,91,9,585,567,8432,FALSE
1,1,0,0,2,1,3,1,0,1,0,1,0,1,4,0,2,0,0.5,1,0,1,25,2,3,4,25,4,25,4,688,688,772,0,0,3,31,0,60,1.041666667,1,60,2.4,2.4,29,219,5,3862,227,3,91,9,585,567,8432,FALSE
1,0,0,0,0,1,3,1,0,1,0,1,0,1,2,0,1,0,1,1,0,1,25,2,3,4,25,4,25,4,688,688,772,0,0,3,31,0,60,1.041666667,1,60,2.4,2.4,29,219,5,3862,227,3,91,9,585,567,8432,FALSE
1,0,1,1,0,2,11,3,0,3,0,4,0,2,4,0,2,0,1,1,0,1,25,2,3,4,25,4,25,4,688,688,772,0,0,3,31,0,60,1.041666667,1,60,2.4,2.4,29,219,5,3862,227,3,91,9,585,567,8432,FALSE
0,0,1,1,0,1,3,1,0,0,0,1,0,0,0,0,0,0,0,1,1,0,11,0,6,3,10,3,0,1,197,170,150,0,0,3,18,0,29,1.1,0.888888889,25,2.636363636,2.5,29,219,5,3862,227,3,91,9,585,567,8432,FALSE
0,1,0,0,1,1,3,1,0,0,0,0,0,0,1,0,0,0,0,3,0,2,24,5,1,6,24,1,24,3,375,375,1021,0,0,10,71,0,45,1.043478261,1,45,1.875,1.875,29,219,5,3862,227,3,91,9,585,567,8432,FALSE
1,0,0,0,0,3,14,3,0,4,0,4,0,1,3,0,1,0,1,3,0,2,24,5,1,6,24,1,24,3,375,375,1021,0,0,10,71,0,45,1.043478261,1,45,1.875,1.875,29,219,5,3862,227,3,91,9,585,567,8432,FALSE
1,0,0,0,0,2,17,4,0,5,0,5,0,1,4,0,2,0,0.5,2,0,0,14,-1,0,3,14,0,-1,3,84,84,154,0,0,3,17,3,22,0,-1,22,1.571428571,1.571428571,29,219,5,3862,227,3,91,9,585,567,8432,FALSE
2,2,1,1,2,1,4,1,0,2,0,3,0,0,1,0,0,0,0,1,0,0,19,-1,4,2,19,4,-1,2,339,339,377,0,0,4,30,2,50,1.055555556,-1,50,2.631578947,2.631578947,29,219,5,3862,227,3,91,9,585,567,8432,FALSE
0,0,1,1,0,1,3,1,0,0,0,1,0,0,0,0,0,0,0,1,0,0,19,-1,4,2,19,4,-1,2,339,339,377,0,0,4,30,2,50,1.055555556,-1,50,2.631578947,2.631578947,29,219,5,3862,227,3,91,9,585,567,8432,FALSE
3,1,3,1,1,1,5,1,0,3,0,6,0,0,0,0,0,0,0,1,2,0,8,1,3,1,6,3,0,1,52,42,8,0,0,2,8,0,14,1.142857143,1,12,1.75,2,29,219,5,3862,227,3,91,9,585,567,8432,FALSE
1,0,0,0,0,1,3,1,0,1,0,2,1,0,0,1,0,0,0,1,4,0,4,0,0,0,0,1,0,1,40,0,0,0.166666667,0,1,4,0,4,0,0,0,1,0,29,219,5,3862,227,3,91,9,585,567,8432,FALSE
0,1,-1,-1,1,0,1,1,0,0,0,-1,-1,0,0,-1,0,0,0,2,2,0,24,-1,0,2,22,10,-1,1,373,347,218,0.216374269,0,2,26,2,40,0.904347826,-1,37,1.666666667,1.681818182,29,219,5,3862,227,3,91,9,585,567,8432,FALSE
0,1,0,0,1,1,3,1,0,0,0,1,1,0,0,1,0,0,0,0,4,0,11,1,0,0,7,4,0,1,107,67,0,0.236363636,0,0,11,0,11,0.8,0.636363636,7,1,1,30,49,3,993,54,3,91,9,585,567,8432,FALSE
0,1,0,0,1,0,1,1,0,0,0,0,0,0,0,0,0,0,0,0,0,0,3,-1,0,0,3,0,-1,-1,5,5,0,0,0,0,3,0,3,0,0,3,1,1,30,49,3,993,54,3,91,9,585,567,8432,FALSE
0,0,0,0,0,3,27,1,0,0,0,0,0,1,2,0,1,0,1,0,0,12,11,0,0,19,11,3,0,1,423,423,306,0.2,0,9,33,0,20,0.866666667,1,20,1.818181818,1.818181818,30,49,3,993,54,3,91,9,585,567,8432,FALSE
1,2,4,1,5,5,63,16,0,9,0,13,0,0,2,0,0,0,0,1,0,0,19,-1,4,2,19,4,-1,2,339,339,377,0,0,4,30,2,50,1.055555556,-1,50,2.631578947,2.631578947,29,219,5,3862,227,3,91,9,585,567,8432,FALSE
2,0,0,0,0,5,118,14,0,34,0,38,0.333333333,0,0,2,0,0,0,0,0,1,9,0,0,1,9,3,0,1,429,429,2,1,0,0,10,0,41,0.875,1,41,4.555555556,4.555555556,2,9,0,429,9,3,91,9,585,567,8432,FALSE
1,0,0,0,0,1,4,1,0,1,0,0,0,0,0,0,0,0,0,0,1,0,5,0,0,1,4,2,5,2,71,60,6,0.166666667,0,4,11,0,5,1,0.8,4,1,1,70,543,1,20854,812,42,1171,66,10384,8750,312068,FALSE
1,1,0,0,1,1,3,1,0,1,0,2,1,0,0,1,0,0,0,0,4,0,16,3,5,8,12,12,54,3,225,191,270,0.216666667,0,23,108,2,30,0.922222222,0.75,26,1.875,2.166666667,138,948,4,27590,1132,42,1171,66,10384,8750,312068,FALSE
1,6,0,0,7,1,3,1,0,1,0,2,1,0,0,1,0,0,0,1,14,0,57,-1,11,11,43,14,-1,1,882,716,976,0.091764706,1,26,83,5,129,0.963010204,-1,109,2.263157895,2.534883721,138,948,4,27590,1132,42,1171,66,10384,8750,312068,FALSE
1,0,0,0,0,1,4,1,0,1,0,2,1,0,0,1,0,0,0,1,0,0,13,0,0,1,13,3,0,1,222,222,46,0.545454545,0,1,15,0,22,0.777777778,1,22,1.692307692,1.692307692,34,113,0,8814,151,42,1171,66,10384,8750,312068,FALSE
1,0,0,0,0,1,4,1,0,1,0,2,1,0,0,1,0,0,0,6,10,1,42,0,3,4,32,13,0,1,741,643,414,0.241820768,0,5,51,0,108,0.864915572,0.743589744,93,2.571428571,2.90625,90,482,2,16188,569,42,1171,66,10384,8750,312068,FALSE
2,1,0,0,1,1,4,1,0,2,0,0,0,0,0,0,0,0,0,2,9,3,110,5,13,7,101,13,92,2,957,899,3796,0.016139993,3,19,220,1,158,0.973182781,0.89380531,149,1.436363636,1.475247525,66,634,5,10542,699,42,1171,66,10384,8750,312068,FALSE
1,0,0,0,0,2,9,2,0,1,0,2,1,1,3,1,1,0,1,0,6,0,121,117,3,8,115,7,84,3,1247,1190,24104,0.884542952,0,23,421,0,234,0.861904762,0.949579832,223,1.933884298,1.939130435,66,634,5,10542,699,42,1171,66,10384,8750,312068,FALSE
0,0,6,1,0,3,17,6,0,0,0,14,0.5,1,7,6,4,0,0.25,2,4,5,75,17,26,50,71,29,163,6,1828,1779,10273,0.011538462,0,73,395,0,229,0.990214352,0.939393939,221,3.053333333,3.112676056,66,634,5,10542,699,42,1171,66,10384,8750,312068,FALSE
0,0,0,0,0,1,207,1,0,0,0,0,0,0,0,0,0,0,0,0,0,0,3,0,0,0,3,62,23,3,392,392,0,0,62,1,3,0,6,1.5,0.03125,6,2,2,21,59,0,7835,61,42,1171,66,10384,8750,312068,FALSE
0,0,0,0,0,1,207,1,0,0,0,0,0,0,0,0,0,0,0,0,0,0,3,0,0,0,3,62,23,3,392,392,0,0,62,1,3,0,6,1.5,0.03125,6,2,2,21,59,0,7835,61,42,1171,66,10384,8750,312068,FALSE
2,0,0,0,0,1,5,2,0,2,0,3,1,0,1,1,0,0,0,0,4,1,96,59,7,9,92,13,35,4,1583,1531,8625,0.802333562,0,17,210,2,236,0.926315789,0.954545455,229,2.458333333,2.489130435,24,233,1,6943,280,42,1171,66,10384,8750,312068,FALSE
1,1,0,0,1,1,3,1,0,1,0,1,0,0,0,0,0,0,0,0,0,0,9,0,0,1,9,1,0,1,88,88,2,0,0,1,10,1,10,1,0,10,1.111111111,1.111111111,69,454,0,23224,474,42,1171,66,10384,8750,312068,FALSE
1,0,1,1,0,1,5,1,0,1,0,2,0,0,0,0,0,0,0,4,18,0,52,-1,26,9,34,13,-1,4,985,668,1762,0.069380204,1,23,80,8,79,0.944193062,-1,47,1.519230769,1.382352941,31,289,3,8970,374,42,1171,66,10384,8750,312068,FALSE
3,1,13,4,1,3,74,13,0,10,0,24,0.071428571,2,16,1,6,0,0.333333333,0,2,0,9,6,4,6,7,4,105,5,340,296,485,0.571428571,0,31,180,0,40,0.78125,0.75,35,4.444444444,5,31,289,3,8970,374,42,1171,66,10384,8750,312068,TRUE
0,0,0,0,0,1,6,2,0,1,0,4,0.666666667,3,4,2,3,0,1,1,0,0,18,12,2,9,18,5,59,3,264,264,468,0.164835165,0,22,119,1,31,0.882352941,1,31,1.722222222,1.722222222,22,257,0,5241,262,42,1171,66,10384,8750,312068,FALSE
2,0,0,0,0,1,3,1,0,2,0,0,0,0,0,0,0,0,0,4,23,0,110,0,1,1,87,5,0,1,1929,1643,438,0.000849473,0,2,111,1,156,0.990825688,0.790909091,133,1.418181818,1.528735632,66,681,5,19469,786,42,1171,66,10384,8750,312068,FALSE
4,1,0,0,1,2,7,3,0,4,0,4,0,0,0,0,0,0,0,1,0,0,8,1,0,0,8,8,0,1,178,178,0,0.333333333,3,0,8,0,40,0.928571429,0.571428571,40,5,5,66,681,5,19469,786,42,1171,66,10384,8750,312068,FALSE
1,0,0,0,0,3,15,3,0,2,0,4,1,0,0,2,0,0,0,2,3,0,30,1,1,0,27,5,0,1,709,657,0,0.920634921,0,1,30,1,78,0.606896552,0.9,73,2.6,2.703703704,66,681,5,19469,786,42,1171,66,10384,8750,312068,FALSE
2,0,0,0,0,1,7,1,0,2,0,5,1,0,0,3,0,0,0,0,18,0,37,0,2,4,19,16,0,1,799,578,292,0.1,0,5,42,1,94,0.963541667,0,71,2.540540541,3.736842105,29,190,0,8318,262,42,1171,66,10384,8750,312068,FALSE
0,1,5,2,1,5,94,12,0,10,0,19,0.285714286,3,4,2,7,0,0.428571429,5,30,0,88,19,17,10,58,15,90,2,1601,1155,888,0.058823529,0,18,196,29,176,0.960153257,0.631578947,133,2,2.293103448,70,543,1,20854,812,42,1171,66,10384,8750,312068,TRUE
2,0,3,2,0,5,26,7,0,7,0,11,0.25,2,0,1,3,0,0.666666667,5,30,0,88,19,17,10,58,15,90,2,1601,1155,888,0.058823529,0,18,196,29,176,0.960153257,0.631578947,133,2,2.293103448,70,543,1,20854,812,42,1171,66,10384,8750,312068,FALSE
7,1,5,3,1,5,51,9,0,9,0,15,0,3,14,0,10,0,0.3,1,3,1,19,0,32,11,16,8,0,1,880,780,826,0.194444444,0,16,55,0,113,0.875,0.888888889,100,5.947368421,6.25,70,543,1,20854,812,42,1171,66,10384,8750,312068,FALSE
3,0,0,0,0,5,53,9,0,10,0,8,0,0,0,0,0,0,0,0,0,1,10,0,0,2,10,5,0,1,612,612,162,0,0,1,20,0,58,1,0,58,5.8,5.8,58,126,0,3480,142,42,1171,66,10384,8750,312068,TRUE
0,0,2,2,0,5,38,8,0,8,0,14,0.75,4,8,6,5,0,0.8,0,2,1,27,5,24,15,25,31,64,3,1032,1014,1689,0.30952381,0,31,162,24,153,0.954094293,0.933333333,149,5.666666667,5.96,138,948,4,27590,1132,42,1171,66,10384,8750,312068,FALSE
0,0,3,2,0,5,36,12,0,4,0,10,0.5,2,9,3,4,0,0.5,0,0,0,2,1,3,2,2,1,16,4,60,60,19,1,0,8,31,0,13,1,1,13,6.5,6.5,90,482,2,16188,569,42,1171,66,10384,8750,312068,FALSE
2,0,3,1,0,5,51,9,0,7,0,18,0.727272727,5,10,8,8,0,0.625,1,0,0,2,0,3,5,2,5,0,1,95,95,26,1,0,7,11,0,11,1,1,11,5.5,5.5,66,634,5,10542,699,42,1171,66,10384,8750,312068,TRUE
2,1,0,0,1,5,55,6,0,8,0,13,0.6,1,2,3,1,0,1,0,1,1,7,0,0,1,6,4,0,1,319,310,42,1,1,0,8,0,28,0.75,0.75,27,4,4.5,49,669,11,19441,821,42,1171,66,10384,8750,312068,FALSE
2,0,0,0,0,5,37,9,0,3,0,4,1,0,0,1,0,0,0,0,1,0,8,0,0,3,7,5,0,1,478,467,48,1,0,4,13,0,68,0.8,0.8,67,8.5,9.571428571,49,669,11,19441,821,42,1171,66,10384,8750,312068,FALSE
0,1,0,0,1,5,55,7,0,5,0,5,0,1,8,0,4,0,0.25,0,0,1,10,0,0,2,10,5,0,1,612,612,162,0,0,1,20,0,58,1,0,58,5.8,5.8,69,454,0,23224,474,42,1171,66,10384,8750,312068,FALSE
1,0,0,0,0,5,36,6,0,6,0,12,1,1,6,6,2,0,0.5,0,0,0,4,2,0,1,4,2,112,7,118,118,35,1,0,32,175,0,12,0.833333333,1,12,3,3,31,289,3,8970,374,42,1171,66,10384,8750,312068,FALSE
2,2,0,0,3,5,127,16,0,13,0,14,0,0,0,0,0,0,0,0,1,0,25,0,8,5,24,9,0,1,1283,1269,178,0.003952569,0,7,35,1,138,0.99537037,0.956521739,137,5.52,5.708333333,66,681,5,19469,786,42,1171,66,10384,8750,312068,TRUE
3,0,0,0,0,5,106,20,0,12,0,12,0,0,0,0,0,0,0,0,1,0,25,0,8,5,24,9,0,1,1283,1269,178,0.003952569,0,7,35,1,138,0.99537037,0.956521739,137,5.52,5.708333333,66,681,5,19469,786,42,1171,66,10384,8750,312068,TRUE
1,1,0,0,1,5,38,8,0,3,0,3,0,0,0,0,0,0,0,0,2,0,11,0,0,5,9,4,0,1,465,443,50,0.714285714,0,5,17,0,64,0.825,0.75,62,5.818181818,6.888888889,66,681,5,19469,786,42,1171,66,10384,8750,312068,FALSE
1,1,0,0,1,5,21,8,0,5,0,5,0,1,4,0,2,0,0.5,0,0,0,15,0,0,1,15,10,0,1,391,391,48,0.342857143,9,1,17,0,49,0.935714286,0.625,49,3.266666667,3.266666667,66,681,5,19469,786,42,1171,66,10384,8750,312068,FALSE
2,1,6,4,1,5,162,20,0,21,0,39,0.25,14,18,2,20,0,0.7,4,52,0,137,1,69,56,85,43,12,2,3578,2687,29122,0.046379829,0,65,330,0,334,0.979309166,0.607692308,252,2.437956204,2.964705882,28,223,3,9478,312,42,1171,66,10384,8750,312068,TRUE
0,1,0,0,1,5,32,5,0,3,0,5,0,1,2,0,1,0,1,4,52,0,137,1,69,56,85,43,12,2,3578,2687,29122,0.046379829,0,65,330,0,334,0.979309166,0.607692308,252,2.437956204,2.964705882,28,223,3,9478,312,42,1171,66,10384,8750,312068,FALSE
1,1,0,0,1,5,60,14,0,4,0,9,1,0,0,5,0,0,0,0,0,0,30,0,33,9,30,41,0,1,2082,2082,1782,0.420634921,0,13,63,0,316,0.952060555,1,316,10.53333333,10.53333333,13,78,0,4557,110,42,1171,66,10384,8750,312068,TRUE
3,1,0,0,1,5,53,9,0,10,0,8,0,0,0,0,0,0,0,0,0,1,10,0,0,2,10,5,0,1,612,612,162,0,0,1,20,0,58,1,0,58,5.8,5.8,14,33,0,1158,37,42,1171,66,10384,8750,312068,TRUE
1,0,12,6,0,6,85,10,0,11,0,30,0.142857143,7,24,2,21,0,0.333333333,0,3,0,12,7,19,11,9,4,181,4,330,279,334,0.151515152,1,37,276,1,33,0.886363636,0.692307692,29,2.75,3.222222222,70,543,1,20854,812,42,1171,66,10384,8750,312068,TRUE
3,0,0,0,0,7,120,19,0,16,0,14,1,1,10,3,5,0,0.2,0,0,1,10,0,0,2,10,5,0,1,612,612,162,0,0,1,20,0,58,1,0,58,5.8,5.8,44,200,1,8510,214,42,1171,66,10384,8750,312068,TRUE
5,0,3,3,0,7,245,39,0,20,0,34,0.666666667,10,22,6,13,0,0.769230769,0,1,0,17,0,11,15,16,7,19,2,787,770,672,0.141666667,0,26,69,1,87,0.928571429,0.941176471,84,5.117647059,5.25,90,482,2,16188,569,42,1171,66,10384,8750,312068,TRUE
0,0,3,2,0,6,54,15,0,3,0,10,0.571428571,2,7,4,3,0,0.666666667,0,0,0,2,1,3,2,2,1,16,4,77,77,15,1,0,10,30,0,16,1,1,16,8,8,90,482,2,16188,569,42,1171,66,10384,8750,312068,TRUE
1,0,0,0,0,6,28,8,0,2,0,9,1,0,0,7,0,0,0,1,2,0,16,0,1,0,14,13,0,1,232,204,0,0.705128205,0,1,16,0,46,0.861538462,0.875,39,2.875,2.785714286,66,634,5,10542,699,42,1171,66,10384,8750,312068,FALSE
4,0,1,1,0,6,66,16,0,6,0,15,0.888888889,0,0,8,0,0,0,1,0,0,4,0,0,2,4,10,0,1,227,227,52,1,0,3,10,0,29,0.733333333,1,29,7.25,7.25,49,669,11,19441,821,42,1171,66,10384,8750,312068,FALSE
3,0,0,0,0,6,130,15,0,18,0,21,1,0,0,4,0,0,0,1,1,0,9,0,0,0,8,6,10,2,464,452,0,0.428571429,0,0,9,0,42,0.75,0.888888889,41,4.666666667,5.125,49,669,11,19441,821,42,1171,66,10384,8750,312068,TRUE
0,0,1,1,0,8,169,33,0,19,0,22,0.666666667,2,6,2,3,0,0.666666667,1,1,3,42,1,9,9,41,36,93,4,2069,2060,1192,0.008403361,0,12,70,6,188,0.999322493,1,186,4.476190476,4.536585366,69,454,0,23224,474,42,1171,66,10384,8750,312068,TRUE
2,2,3,2,2,6,85,11,0,8,0,16,0.625,3,20,5,11,0,0.272727273,1,5,1,26,-1,7,9,21,8,-1,3,614,537,519,0.221343874,0,17,55,2,73,0.91,-1,63,2.807692308,3,31,289,3,8970,374,42,1171,66,10384,8750,312068,TRUE
1,2,6,2,3,10,197,35,0,22,0,37,0.571428571,1,2,8,1,0,1,0,1,0,25,0,8,5,24,9,0,1,1283,1269,178,0.003952569,0,7,35,1,138,0.99537037,0.956521739,137,5.52,5.708333333,66,681,5,19469,786,42,1171,66,10384,8750,312068,TRUE
3,0,0,0,0,7,120,19,0,16,0,14,1,1,10,3,5,0,0.2,0,0,1,10,0,0,2,10,5,0,1,612,612,162,0,0,1,20,0,58,1,0,58,5.8,5.8,66,681,5,19469,786,42,1171,66,10384,8750,312068,TRUE
0,0,2,2,0,7,46,10,0,4,0,9,0.333333333,4,6,1,7,0,0.571428571,1,7,0,15,2,11,11,8,6,28,2,346,226,277,0.295238095,0,23,81,1,40,0.857142857,0.533333333,24,2.666666667,3,23,50,0,1281,66,42,1171,66,10384,8750,312068,FALSE
2,0,4,3,0,7,200,38,0,21,0,27,0.4,4,10,2,7,0,0.571428571,2,11,0,45,1,13,10,34,15,12,2,1404,1157,1768,0.18466899,0,12,69,0,141,0.913636364,0.744186047,121,3.133333333,3.558823529,28,223,3,9478,312,42,1171,66,10384,8750,312068,TRUE
0,0,7,5,0,7,48,7,0,13,0,23,0.222222222,10,18,2,14,0,0.714285714,0,3,1,8,0,10,13,5,4,0,1,216,128,160,0.166666667,0,15,36,0,21,0.892857143,0.75,10,2.625,2,28,223,3,9478,312,42,1171,66,10384,8750,312068,FALSE
2,0,0,0,0,6,54,16,0,7,0,8,1,2,12,1,6,0,0.333333333,0,0,0,30,0,33,9,30,41,0,1,2082,2082,1782,0.420634921,0,13,63,0,316,0.952060555,1,316,10.53333333,10.53333333,13,78,0,4557,110,42,1171,66,10384,8750,312068,TRUE
1,0,8,2,0,6,99,16,0,7,0,28,0.384615385,2,0,5,7,0,0.285714286,0,0,0,30,0,33,9,30,41,0,1,2082,2082,1782,0.420634921,0,13,63,0,316,0.952060555,1,316,10.53333333,10.53333333,13,78,0,4557,110,42,1171,66,10384,8750,312068,TRUE
1,0,5,4,0,6,72,15,0,5,0,20,0.666666667,3,11,10,6,0,0.5,0,0,0,4,3,5,3,4,1,14,4,118,118,47,0,0,11,26,0,20,1,1,20,5,5,22,115,0,6090,121,42,1171,66,10384,8750,312068,TRUE
2,3,11,4,3,8,152,25,0,16,0,29,0.083333333,16,46,1,28,0,0.571428571,0,3,0,7,0,11,16,4,5,0,1,264,231,168,0.133333333,0,19,40,0,31,0.9,0.571428571,28,4.428571429,7,29,111,1,4573,116,42,1171,66,10384,8750,312068,TRUE